ISO-10303-21;
HEADER;
FILE_DESCRIPTION(('ViewDefinition[DesignTransferView]'),'2;1');
FILE_NAME('s05-activity.ifc','2026-10-07T15:25:58+08:00',(''),(''),'IfcOpenShell 0.8.5-post1','Bonsai 0.8.5-post1','Nobody');
FILE_SCHEMA(('IFC4'));
ENDSEC;
DATA;
#1=IFCPROJECT('3ufQP3VuL4r8m9RutcqriM',$,'My Project',$,$,$,$,(#10,#22),#5);
#2=IFCSIUNIT(*,.LENGTHUNIT.,$,.METRE.);
#3=IFCSIUNIT(*,.AREAUNIT.,$,.SQUARE_METRE.);
#4=IFCSIUNIT(*,.VOLUMEUNIT.,$,.CUBIC_METRE.);
#5=IFCUNITASSIGNMENT((#4,#2,#3));
#6=IFCCARTESIANPOINT((0.,0.,0.));
#7=IFCDIRECTION((0.,0.,1.));
#8=IFCDIRECTION((1.,0.,0.));
#9=IFCAXIS2PLACEMENT3D(#6,#7,#8);
#10=IFCGEOMETRICREPRESENTATIONCONTEXT($,'Model',3,1.0000000000000001E-05,#9,$);
#11=IFCGEOMETRICREPRESENTATIONSUBCONTEXT('Body','Model',*,*,*,*,#10,$,.MODEL_VIEW.,$);
#12=IFCGEOMETRICREPRESENTATIONSUBCONTEXT('Axis','Model',*,*,*,*,#10,$,.GRAPH_VIEW.,$);
#13=IFCGEOMETRICREPRESENTATIONSUBCONTEXT('Box','Model',*,*,*,*,#10,$,.MODEL_VIEW.,$);
#14=IFCGEOMETRICREPRESENTATIONSUBCONTEXT('Annotation','Model',*,*,*,*,#10,$,.SECTION_VIEW.,$);
#15=IFCGEOMETRICREPRESENTATIONSUBCONTEXT('Annotation','Model',*,*,*,*,#10,$,.ELEVATION_VIEW.,$);
#16=IFCGEOMETRICREPRESENTATIONSUBCONTEXT('Annotation','Model',*,*,*,*,#10,$,.MODEL_VIEW.,$);
#17=IFCGEOMETRICREPRESENTATIONSUBCONTEXT('Annotation','Model',*,*,*,*,#10,$,.PLAN_VIEW.,$);
#18=IFCGEOMETRICREPRESENTATIONSUBCONTEXT('Profile','Model',*,*,*,*,#10,$,.ELEVATION_VIEW.,$);
#19=IFCCARTESIANPOINT((0.,0.));
#20=IFCDIRECTION((1.,0.));
#21=IFCAXIS2PLACEMENT2D(#19,#20);
#22=IFCGEOMETRICREPRESENTATIONCONTEXT($,'Plan',2,1.0000000000000001E-05,#21,$);
#23=IFCGEOMETRICREPRESENTATIONSUBCONTEXT('Axis','Plan',*,*,*,*,#22,$,.GRAPH_VIEW.,$);
#24=IFCGEOMETRICREPRESENTATIONSUBCONTEXT('Body','Plan',*,*,*,*,#22,$,.PLAN_VIEW.,$);
#25=IFCGEOMETRICREPRESENTATIONSUBCONTEXT('Annotation','Plan',*,*,*,*,#22,$,.PLAN_VIEW.,$);
#26=IFCGEOMETRICREPRESENTATIONSUBCONTEXT('Annotation','Plan',*,*,*,*,#22,$,.REFLECTED_PLAN_VIEW.,$);
#27=IFCSITE('3QSNC82VzCNfLdRfR6tsbi',$,'My Site',$,$,#50,$,$,$,$,$,$,$,$);
#33=IFCBUILDING('0Z7m3Q_1j0IAB5Ugly2sao',$,'My Building',$,$,#56,$,$,$,$,$,$);
#39=IFCBUILDINGSTOREY('1Qv3LR24X4U8vD2774J9KJ',$,'2F',$,$,#9112,$,$,$,$);
#45=IFCRELAGGREGATES('1$FF6ywTX90eA1p4FA_Jf9',$,$,$,#1,(#27));
#46=IFCCARTESIANPOINT((0.,0.,0.));
#47=IFCDIRECTION((0.,0.,1.));
#48=IFCDIRECTION((1.,0.,0.));
#49=IFCAXIS2PLACEMENT3D(#46,#47,#48);
#50=IFCLOCALPLACEMENT($,#49);
#51=IFCRELAGGREGATES('2zovkp4Of7QOl7yPHYZJJJ',$,$,$,#27,(#33));
#52=IFCCARTESIANPOINT((0.,0.,0.));
#53=IFCDIRECTION((0.,0.,1.));
#54=IFCDIRECTION((1.,0.,0.));
#55=IFCAXIS2PLACEMENT3D(#52,#53,#54);
#56=IFCLOCALPLACEMENT(#50,#55);
#57=IFCRELAGGREGATES('28n1l6va18ew1e$uYWYSsM',$,$,$,#33,(#39,#63,#8903));
#63=IFCBUILDINGSTOREY('0OFlG51oL0hB5g92_9yYL1',$,'GF',$,$,#9349,$,$,$,$);
#80=IFCWALLTYPE('2cjlUCw4r2Ug5Wy5wAYOda',$,'Wall',$,$,(#85),$,$,$,.SOLIDWALL.);
#81=IFCMATERIAL('Unknown',$,'Uncategorised');
#82=IFCMATERIALLAYERSET((#84),$,$);
#83=IFCRELASSOCIATESMATERIAL('0BhHSBgADAHglEX40hB$Us',$,$,$,(#80),#82);
#84=IFCMATERIALLAYER(#81,0.10000000000000001,$,$,$,$,$);
#85=IFCPROPERTYSET('2NG$VvU8r1MO_fV1H7hrNG',$,'EPset_Parametric',$,(#86));
#86=IFCPROPERTYSINGLEVALUE('LayerSetDirection',$,IFCLABEL('AXIS2'),$);
#127=IFCWALL('3HWQBF7eX4AR2RJ1ZZOKUs',$,'Wall',$,$,#9414,#135,$,$);
#128=IFCRELCONTAINEDINSPATIALSTRUCTURE('0QJfNM_OH5QQKXNaTKr9LL',$,$,$,(#755,#242,#12081,#2139,#11863,#825,#2436,#11885,#3396,#167,#11264,#12166,#12329,#11180,#11735,#2658,#620,#12307,#1639,#292,#127,#12351,#11422,#3140,#12135,#11796,#9549,#10625,#217,#11501,#10552,#12000,#9478,#12108,#267,#850,#12022,#12044,#1332,#192,#12211,#12233,#645,#12189,#11060,#11907,#11819,#9704,#1136,#11841,#1946,#12270,#317,#13005),#63);
#129=IFCRELDEFINESBYTYPE('07euqeGtTD2um2Jfyyx_Yd',$,$,$,(#167,#292,#825,#645,#317,#127,#217,#755,#267,#192,#850,#242,#620),#80);
#130=IFCMATERIALLAYERSETUSAGE(#82,.AXIS2.,.POSITIVE.,0.,$);
#131=IFCRELASSOCIATESMATERIAL('2Q2lTi_hLFmh4Ny98_ep3P',$,$,$,(#127),#130);
#135=IFCPRODUCTDEFINITIONSHAPE($,$,(#1116,#1113));
#151=IFCPROPERTYSET('17MtUZiNbBxxO3IrWv44Kn',$,'EPset_Parametric',$,(#153));
#152=IFCRELDEFINESBYPROPERTIES('3HmePGRJ5ECQ5b4c5y1G9J',$,$,$,(#127),#151);
#153=IFCPROPERTYSINGLEVALUE('Engine',$,IFCLABEL('Bonsai.DumbLayer2'),$);
#167=IFCWALL('3XRb9zqof54vEdlvzCRzPX',$,'Wall',$,$,#9354,#173,$,$);
#168=IFCMATERIALLAYERSETUSAGE(#82,.AXIS2.,.POSITIVE.,0.,$);
#169=IFCRELASSOCIATESMATERIAL('3LWSCgpF99Nve2G2wITpkt',$,$,$,(#167),#168);
#173=IFCPRODUCTDEFINITIONSHAPE($,$,(#1129,#1126));
#189=IFCPROPERTYSET('3bonfwTzT6lQ$MNGbO_qff',$,'EPset_Parametric',$,(#191));
#190=IFCRELDEFINESBYPROPERTIES('1fKPmNPFj1QAoM$3LvlouY',$,$,$,(#167),#189);
#191=IFCPROPERTYSINGLEVALUE('Engine',$,IFCLABEL('Bonsai.DumbLayer2'),$);
#192=IFCWALL('1Mko1cLtb9Chd07uXJWswJ',$,'Wall',$,$,#9364,#198,$,$);
#193=IFCMATERIALLAYERSETUSAGE(#82,.AXIS2.,.POSITIVE.,0.,$);
#194=IFCRELASSOCIATESMATERIAL('1ROUmuQ7b7dx90LvMzRIiJ',$,$,$,(#192),#193);
#198=IFCPRODUCTDEFINITIONSHAPE($,$,(#496,#493));
#214=IFCPROPERTYSET('1YS2LhcKPEGR5uqv5Hxhzi',$,'EPset_Parametric',$,(#216));
#215=IFCRELDEFINESBYPROPERTIES('3MY5na7S13Nxi1rSGA15F9',$,$,$,(#192),#214);
#216=IFCPROPERTYSINGLEVALUE('Engine',$,IFCLABEL('Bonsai.DumbLayer2'),$);
#217=IFCWALL('3RWyptmD50uwdxKlDHM$qJ',$,'Wall',$,$,#9369,#223,$,$);
#218=IFCMATERIALLAYERSETUSAGE(#82,.AXIS2.,.POSITIVE.,0.,$);
#219=IFCRELASSOCIATESMATERIAL('0xNCjzenH01Oz8jAxpMlaI',$,$,$,(#217),#218);
#223=IFCPRODUCTDEFINITIONSHAPE($,$,(#523,#520));
#239=IFCPROPERTYSET('3pKMlBZUL8SBf78YX1t52l',$,'EPset_Parametric',$,(#241));
#240=IFCRELDEFINESBYPROPERTIES('2$TeA8EBH9zOOF8hskbLWg',$,$,$,(#217),#239);
#241=IFCPROPERTYSINGLEVALUE('Engine',$,IFCLABEL('Bonsai.DumbLayer2'),$);
#242=IFCWALL('022htayl13lPkdbDmXqZCN',$,'Wall',$,$,#9359,#248,$,$);
#243=IFCMATERIALLAYERSETUSAGE(#82,.AXIS2.,.POSITIVE.,0.,$);
#244=IFCRELASSOCIATESMATERIAL('178Ic7CMD87Rh6jEzNdAOb',$,$,$,(#242),#243);
#248=IFCPRODUCTDEFINITIONSHAPE($,$,(#1038,#1035));
#264=IFCPROPERTYSET('2LrTs4C7zBzwgl7CUNXz8u',$,'EPset_Parametric',$,(#266));
#265=IFCRELDEFINESBYPROPERTIES('2A2s_7cGrEZgl3X8URA$WG',$,$,$,(#242),#264);
#266=IFCPROPERTYSINGLEVALUE('Engine',$,IFCLABEL('Bonsai.DumbLayer2'),$);
#267=IFCWALL('0eGdITLCvCvgv_o53iIgXA',$,'Wall',$,$,#9374,#273,$,$);
#268=IFCMATERIALLAYERSETUSAGE(#82,.AXIS2.,.POSITIVE.,0.,$);
#269=IFCRELASSOCIATESMATERIAL('2zSX1bL7z4DvRxEQuEf7TT',$,$,$,(#267),#268);
#273=IFCPRODUCTDEFINITIONSHAPE($,$,(#754,#751));
#289=IFCPROPERTYSET('2yieuPi3T8WvWh$bWZnuz4',$,'EPset_Parametric',$,(#291));
#290=IFCRELDEFINESBYPROPERTIES('2WF29dXOPEgQn$ZMtstMxM',$,$,$,(#267),#289);
#291=IFCPROPERTYSINGLEVALUE('Engine',$,IFCLABEL('Bonsai.DumbLayer2'),$);
#292=IFCWALL('0$AQUlkWP4BOriUI_S_a6O',$,'Wall',$,$,#9379,#298,$,$);
#293=IFCMATERIALLAYERSETUSAGE(#82,.AXIS2.,.POSITIVE.,0.,$);
#294=IFCRELASSOCIATESMATERIAL('0W30IwIaz16QoMfQAGN8gu',$,$,$,(#292),#293);
#298=IFCPRODUCTDEFINITIONSHAPE($,$,(#619,#616));
#314=IFCPROPERTYSET('1CIVDM4wTCv9ObRVCA5ORk',$,'EPset_Parametric',$,(#316));
#315=IFCRELDEFINESBYPROPERTIES('05Il2KzLv0MeXLBn6qeYm_',$,$,$,(#292),#314);
#316=IFCPROPERTYSINGLEVALUE('Engine',$,IFCLABEL('Bonsai.DumbLayer2'),$);
#317=IFCWALL('2t7g$42pL9Hv$RdEZW8WVX',$,'Wall',$,$,#9384,#323,$,$);
#318=IFCMATERIALLAYERSETUSAGE(#82,.AXIS2.,.POSITIVE.,0.,$);
#319=IFCRELASSOCIATESMATERIAL('1XAmt$xWb9PPtLTCh$AK9e',$,$,$,(#317),#318);
#323=IFCPRODUCTDEFINITIONSHAPE($,$,(#1102,#1099));
#339=IFCPROPERTYSET('1GxWg5EG91qB8aT2W3XcGe',$,'EPset_Parametric',$,(#341));
#340=IFCRELDEFINESBYPROPERTIES('3_yRl_EgDDoQE8BuNRgXzf',$,$,$,(#317),#339);
#341=IFCPROPERTYSINGLEVALUE('Engine',$,IFCLABEL('Bonsai.DumbLayer2'),$);
#433=IFCRELCONNECTSPATHELEMENTS('2SIm3VxrDEJ8uvQySDpRgi',$,$,$,$,#192,#167,(),(),.ATEND.,.ATSTART.);
#465=IFCRELCONNECTSPATHELEMENTS('20qS_0SoTBQACrKZN64lCb',$,$,$,$,#217,#192,(),(),.ATEND.,.ATSTART.);
#484=IFCCARTESIANPOINTLIST2D(((0.,0.),(0.10000002264937295,0.10000000000000001),(3.3500002654273326,0.10000000000000001),(3.4500002578775426,0.)));
#485=IFCINDEXEDPOLYCURVE(#484,(IFCLINEINDEX((1,2,3,4,1))),$);
#486=IFCARBITRARYCLOSEDPROFILEDEF(.AREA.,$,#485);
#487=IFCCARTESIANPOINT((0.,0.,0.));
#488=IFCDIRECTION((0.,0.,1.));
#489=IFCDIRECTION((1.,0.,0.));
#490=IFCAXIS2PLACEMENT3D(#487,#488,#489);
#491=IFCDIRECTION((0.,0.,1.));
#492=IFCEXTRUDEDAREASOLID(#486,#490,#491,3.);
#493=IFCSHAPEREPRESENTATION(#11,'Body','SweptSolid',(#492));
#494=IFCCARTESIANPOINTLIST2D(((0.,0.),(3.4500002578775426,0.)));
#495=IFCINDEXEDPOLYCURVE(#494,$,$);
#496=IFCSHAPEREPRESENTATION(#23,'Axis','Curve2D',(#495));
#497=IFCRELCONNECTSPATHELEMENTS('060YFVXSHCwO$Wr_NPSK6k',$,$,$,$,#242,#217,(),(),.ATEND.,.ATSTART.);
#511=IFCCARTESIANPOINTLIST2D(((0.,0.),(0.099999992450210171,0.10000000000000001),(1.5500002884951649,0.10000000000000001),(1.4500002420039273,0.)));
#512=IFCINDEXEDPOLYCURVE(#511,(IFCLINEINDEX((1,2,3,4,1))),$);
#513=IFCARBITRARYCLOSEDPROFILEDEF(.AREA.,$,#512);
#514=IFCCARTESIANPOINT((0.,0.,0.));
#515=IFCDIRECTION((0.,0.,1.));
#516=IFCDIRECTION((1.,0.,0.));
#517=IFCAXIS2PLACEMENT3D(#514,#515,#516);
#518=IFCDIRECTION((0.,0.,1.));
#519=IFCEXTRUDEDAREASOLID(#513,#517,#518,3.);
#520=IFCSHAPEREPRESENTATION(#11,'Body','SweptSolid',(#519));
#521=IFCCARTESIANPOINTLIST2D(((0.,0.),(1.4500002420039273,0.)));
#522=IFCINDEXEDPOLYCURVE(#521,$,$);
#523=IFCSHAPEREPRESENTATION(#23,'Axis','Curve2D',(#522));
#524=IFCRELCONNECTSPATHELEMENTS('1RUOcG6KnCIO4qYvYlFNeS',$,$,$,$,#267,#242,(),(),.ATEND.,.ATSTART.);
#556=IFCRELCONNECTSPATHELEMENTS('0brpIznXrFme0EzYpigPGE',$,$,$,$,#292,#267,(),(),.ATEND.,.ATSTART.);
#588=IFCRELCONNECTSPATHELEMENTS('1tU3bW1mP5TuotAu7xIsp8',$,$,$,$,#317,#292,(),(),.ATEND.,.ATSTART.);
#607=IFCCARTESIANPOINTLIST2D(((0.,0.),(0.099999992450210171,0.10000000000000001),(3.1000001400777122,0.10000000000000001),(3.0000000880228432,0.)));
#608=IFCINDEXEDPOLYCURVE(#607,(IFCLINEINDEX((1,2,3,4,1))),$);
#609=IFCARBITRARYCLOSEDPROFILEDEF(.AREA.,$,#608);
#610=IFCCARTESIANPOINT((0.,0.,0.));
#611=IFCDIRECTION((0.,0.,1.));
#612=IFCDIRECTION((1.,0.,0.));
#613=IFCAXIS2PLACEMENT3D(#610,#611,#612);
#614=IFCDIRECTION((0.,0.,1.));
#615=IFCEXTRUDEDAREASOLID(#609,#613,#614,3.);
#616=IFCSHAPEREPRESENTATION(#11,'Body','SweptSolid',(#615));
#617=IFCCARTESIANPOINTLIST2D(((0.,0.),(3.0000000880228432,0.)));
#618=IFCINDEXEDPOLYCURVE(#617,$,$);
#619=IFCSHAPEREPRESENTATION(#23,'Axis','Curve2D',(#618));
#620=IFCWALL('1v4qDUfnL12PbZlxsgvYrR',$,'Wall',$,$,#9389,#626,$,$);
#621=IFCMATERIALLAYERSETUSAGE(#82,.AXIS2.,.POSITIVE.,0.,$);
#622=IFCRELASSOCIATESMATERIAL('1jZ4h33xL89fI10c5hYmvt',$,$,$,(#620),#621);
#626=IFCPRODUCTDEFINITIONSHAPE($,$,(#727,#724));
#642=IFCPROPERTYSET('3lPGR9wyLD89o0ZZwoY2Od',$,'EPset_Parametric',$,(#644));
#643=IFCRELDEFINESBYPROPERTIES('2kBSznPKn3UOjU5yuBGzu4',$,$,$,(#620),#642);
#644=IFCPROPERTYSINGLEVALUE('Engine',$,IFCLABEL('Bonsai.DumbLayer2'),$);
#645=IFCWALL('3z5od1QOP1h9CVn95K85By',$,'Wall',$,$,#9394,#651,$,$);
#646=IFCMATERIALLAYERSETUSAGE(#82,.AXIS2.,.POSITIVE.,0.,$);
#647=IFCRELASSOCIATESMATERIAL('0fSSAZx1vBSAVCDO3umYSj',$,$,$,(#645),#646);
#651=IFCPRODUCTDEFINITIONSHAPE($,$,(#741,#738));
#667=IFCPROPERTYSET('2d9Fs5nRn3Ru4rK_HHG_H4',$,'EPset_Parametric',$,(#669));
#668=IFCRELDEFINESBYPROPERTIES('05b2uBBMH88B7nlVOoQ1Vs',$,$,$,(#645),#667);
#669=IFCPROPERTYSINGLEVALUE('Engine',$,IFCLABEL('Bonsai.DumbLayer2'),$);
#696=IFCRELCONNECTSPATHELEMENTS('2SSVyFs5T8EQ$4$Kx9eO5_',$,$,$,$,#645,#620,(),(),.ATEND.,.ATSTART.);
#715=IFCCARTESIANPOINTLIST2D(((0.,0.),(0.,0.10000000000000001),(2.4999997851256528,0.10000000000000001),(2.5999998077750259,0.)));
#716=IFCINDEXEDPOLYCURVE(#715,(IFCLINEINDEX((1,2,3,4,1))),$);
#717=IFCARBITRARYCLOSEDPROFILEDEF(.AREA.,$,#716);
#718=IFCCARTESIANPOINT((0.,0.,0.));
#719=IFCDIRECTION((0.,0.,1.));
#720=IFCDIRECTION((1.,0.,0.));
#721=IFCAXIS2PLACEMENT3D(#718,#719,#720);
#722=IFCDIRECTION((0.,0.,1.));
#723=IFCEXTRUDEDAREASOLID(#717,#721,#722,3.);
#724=IFCSHAPEREPRESENTATION(#11,'Body','SweptSolid',(#723));
#725=IFCCARTESIANPOINTLIST2D(((0.,0.),(2.5999998077750259,0.)));
#726=IFCINDEXEDPOLYCURVE(#725,$,$);
#727=IFCSHAPEREPRESENTATION(#23,'Axis','Curve2D',(#726));
#728=IFCRELCONNECTSPATHELEMENTS('0cMUh3GMP7OxeEEgyvqDsY',$,$,$,$,#645,#267,(),(),.ATPATH.,.ATEND.);
#729=IFCCARTESIANPOINTLIST2D(((0.,0.),(0.10000002264937295,0.10000000000000001),(3.0000005493557773,0.10000000000000001),(3.0000005418059872,0.)));
#730=IFCINDEXEDPOLYCURVE(#729,(IFCLINEINDEX((1,2,3,4,1))),$);
#731=IFCARBITRARYCLOSEDPROFILEDEF(.AREA.,$,#730);
#732=IFCCARTESIANPOINT((0.,0.,0.));
#733=IFCDIRECTION((0.,0.,1.));
#734=IFCDIRECTION((1.,0.,0.));
#735=IFCAXIS2PLACEMENT3D(#732,#733,#734);
#736=IFCDIRECTION((0.,0.,1.));
#737=IFCEXTRUDEDAREASOLID(#731,#735,#736,3.);
#738=IFCSHAPEREPRESENTATION(#11,'Body','SweptSolid',(#737));
#739=IFCCARTESIANPOINTLIST2D(((0.,0.),(3.1000005418059873,0.)));
#740=IFCINDEXEDPOLYCURVE(#739,$,$);
#741=IFCSHAPEREPRESENTATION(#23,'Axis','Curve2D',(#740));
#742=IFCCARTESIANPOINTLIST2D(((0.,0.),(0.10000004649123768,0.10000000000000001),(5.0500010085009253,0.10000000000000001),(5.1500010009511357,0.)));
#743=IFCINDEXEDPOLYCURVE(#742,(IFCLINEINDEX((1,2,3,4,1))),$);
#744=IFCARBITRARYCLOSEDPROFILEDEF(.AREA.,$,#743);
#745=IFCCARTESIANPOINT((0.,0.,0.));
#746=IFCDIRECTION((0.,0.,1.));
#747=IFCDIRECTION((1.,0.,0.));
#748=IFCAXIS2PLACEMENT3D(#745,#746,#747);
#749=IFCDIRECTION((0.,0.,1.));
#750=IFCEXTRUDEDAREASOLID(#744,#748,#749,3.);
#751=IFCSHAPEREPRESENTATION(#11,'Body','SweptSolid',(#750));
#752=IFCCARTESIANPOINTLIST2D(((0.,0.),(5.1500010009511357,0.)));
#753=IFCINDEXEDPOLYCURVE(#752,$,$);
#754=IFCSHAPEREPRESENTATION(#23,'Axis','Curve2D',(#753));
#755=IFCWALL('3pnmw3qLj4rQYA4Fh_5bo0',$,'Wall',$,$,#9399,#761,$,$);
#756=IFCMATERIALLAYERSETUSAGE(#82,.AXIS2.,.POSITIVE.,0.,$);
#757=IFCRELASSOCIATESMATERIAL('1FVBN$jKHBgvCQuoQS7hgs',$,$,$,(#755),#756);
#761=IFCPRODUCTDEFINITIONSHAPE($,$,(#964,#961));
#777=IFCPROPERTYSET('2BmJMyKMz8hfYte0nz2DRn',$,'EPset_Parametric',$,(#779));
#778=IFCRELDEFINESBYPROPERTIES('0cAH9EN_r6$wupjhW6m6Uu',$,$,$,(#755),#777);
#779=IFCPROPERTYSINGLEVALUE('Engine',$,IFCLABEL('Bonsai.DumbLayer2'),$);
#798=IFCRELCONNECTSPATHELEMENTS('19V1i$feb06fOzukFjxAwP',$,$,$,$,#755,#242,(),(),.ATPATH.,.ATEND.);
#825=IFCWALL('1En2X6Cmj50xphvYa3JubT',$,'Wall',$,$,#9404,#831,$,$);
#826=IFCMATERIALLAYERSETUSAGE(#82,.AXIS2.,.POSITIVE.,0.,$);
#827=IFCRELASSOCIATESMATERIAL('0xZcDd8mX0ZxHg4U1WAfox',$,$,$,(#825),#826);
#831=IFCPRODUCTDEFINITIONSHAPE($,$,(#1070,#1067));
#847=IFCPROPERTYSET('2hVdEQGEb0a93GlvlyI8mW',$,'EPset_Parametric',$,(#849));
#848=IFCRELDEFINESBYPROPERTIES('12Lr$e5Un0gPQoSsIcdcp2',$,$,$,(#825),#847);
#849=IFCPROPERTYSINGLEVALUE('Engine',$,IFCLABEL('Bonsai.DumbLayer2'),$);
#850=IFCWALL('0enpHj4bb0nPc1CHns5FCb',$,'Wall',$,$,#9409,#856,$,$);
#851=IFCMATERIALLAYERSETUSAGE(#82,.AXIS2.,.POSITIVE.,0.,$);
#852=IFCRELASSOCIATESMATERIAL('39Vx3yLcL8CRxOdJtHHbSA',$,$,$,(#850),#851);
#856=IFCPRODUCTDEFINITIONSHAPE($,$,(#1052,#1049));
#872=IFCPROPERTYSET('2InNaf9Uz7x9$Kpv4km2dg',$,'EPset_Parametric',$,(#874));
#873=IFCRELDEFINESBYPROPERTIES('0gUzIVWRv6gOMRuqEukGgd',$,$,$,(#850),#872);
#874=IFCPROPERTYSINGLEVALUE('Engine',$,IFCLABEL('Bonsai.DumbLayer2'),$);
#933=IFCRELCONNECTSPATHELEMENTS('2Mb3zG6iLAP9zhxG7hYmaP',$,$,$,$,#850,#755,(),(),.ATPATH.,.ATEND.);
#952=IFCCARTESIANPOINTLIST2D(((0.,0.),(0.,0.10000000000000001),(2.3500005889815192,0.10000000000000001),(2.3500005695108008,0.)));
#953=IFCINDEXEDPOLYCURVE(#952,(IFCLINEINDEX((1,2,3,4,1))),$);
#954=IFCARBITRARYCLOSEDPROFILEDEF(.AREA.,$,#953);
#955=IFCCARTESIANPOINT((0.,0.,0.));
#956=IFCDIRECTION((0.,0.,1.));
#957=IFCDIRECTION((1.,0.,0.));
#958=IFCAXIS2PLACEMENT3D(#955,#956,#957);
#959=IFCDIRECTION((0.,0.,1.));
#960=IFCEXTRUDEDAREASOLID(#954,#958,#959,3.);
#961=IFCSHAPEREPRESENTATION(#11,'Body','SweptSolid',(#960));
#962=IFCCARTESIANPOINTLIST2D(((0.,0.),(2.4500005695108031,0.)));
#963=IFCINDEXEDPOLYCURVE(#962,$,$);
#964=IFCSHAPEREPRESENTATION(#23,'Axis','Curve2D',(#963));
#1007=IFCRELCONNECTSPATHELEMENTS('1V1tCDgZv8GgOoKH6JbsCk',$,$,$,$,#825,#242,(),(),.ATPATH.,.ATSTART.);
#1026=IFCCARTESIANPOINTLIST2D(((0.,0.),(-0.10000004649123767,0.10000000000000001),(3.4499995384602045,0.10000000000000001),(3.5499995849514421,0.)));
#1027=IFCINDEXEDPOLYCURVE(#1026,(IFCLINEINDEX((1,2,3,4,1))),$);
#1028=IFCARBITRARYCLOSEDPROFILEDEF(.AREA.,$,#1027);
#1029=IFCCARTESIANPOINT((0.,0.,0.));
#1030=IFCDIRECTION((0.,0.,1.));
#1031=IFCDIRECTION((1.,0.,0.));
#1032=IFCAXIS2PLACEMENT3D(#1029,#1030,#1031);
#1033=IFCDIRECTION((0.,0.,1.));
#1034=IFCEXTRUDEDAREASOLID(#1028,#1032,#1033,3.);
#1035=IFCSHAPEREPRESENTATION(#11,'Body','SweptSolid',(#1034));
#1036=IFCCARTESIANPOINTLIST2D(((0.,0.),(3.5499995849514421,0.)));
#1037=IFCINDEXEDPOLYCURVE(#1036,$,$);
#1038=IFCSHAPEREPRESENTATION(#23,'Axis','Curve2D',(#1037));
#1039=IFCRELCONNECTSPATHELEMENTS('3PZFE5bQL5t8Nfdelpgk7a',$,$,$,$,#850,#825,(),(),.ATEND.,.ATSTART.);
#1040=IFCCARTESIANPOINTLIST2D(((0.,0.),(-0.10000005841217217,0.10000000000000001),(1.9522800686914894,0.10000000000000001),(1.9522800881622078,0.)));
#1041=IFCINDEXEDPOLYCURVE(#1040,(IFCLINEINDEX((1,2,3,4,1))),$);
#1042=IFCARBITRARYCLOSEDPROFILEDEF(.AREA.,$,#1041);
#1043=IFCCARTESIANPOINT((0.,0.,0.));
#1044=IFCDIRECTION((0.,0.,1.));
#1045=IFCDIRECTION((1.,0.,0.));
#1046=IFCAXIS2PLACEMENT3D(#1043,#1044,#1045);
#1047=IFCDIRECTION((0.,0.,1.));
#1048=IFCEXTRUDEDAREASOLID(#1042,#1046,#1047,3.);
#1049=IFCSHAPEREPRESENTATION(#11,'Body','SweptSolid',(#1048));
#1050=IFCCARTESIANPOINTLIST2D(((0.,0.),(1.9522800881622078,0.)));
#1051=IFCINDEXEDPOLYCURVE(#1050,$,$);
#1052=IFCSHAPEREPRESENTATION(#23,'Axis','Curve2D',(#1051));
#1058=IFCCARTESIANPOINTLIST2D(((0.10000000000001706,0.),(0.10000005841217217,0.10000000000000001),(1.5900839912887845,0.10000000000000001),(1.4900839328766122,0.)));
#1059=IFCINDEXEDPOLYCURVE(#1058,(IFCLINEINDEX((1,2,3,4,1))),$);
#1060=IFCARBITRARYCLOSEDPROFILEDEF(.AREA.,$,#1059);
#1061=IFCCARTESIANPOINT((0.,0.,0.));
#1062=IFCDIRECTION((0.,0.,1.));
#1063=IFCDIRECTION((1.,0.,0.));
#1064=IFCAXIS2PLACEMENT3D(#1061,#1062,#1063);
#1065=IFCDIRECTION((0.,0.,1.));
#1066=IFCEXTRUDEDAREASOLID(#1060,#1064,#1065,3.);
#1067=IFCSHAPEREPRESENTATION(#11,'Body','SweptSolid',(#1066));
#1068=IFCCARTESIANPOINTLIST2D(((0.,0.),(1.4900839328766122,0.)));
#1069=IFCINDEXEDPOLYCURVE(#1068,$,$);
#1070=IFCSHAPEREPRESENTATION(#23,'Axis','Curve2D',(#1069));
#1071=IFCRELCONNECTSPATHELEMENTS('2tDnt4gAb0dwkuvlGrbSMW',$,$,$,$,#127,#317,(),(),.ATEND.,.ATSTART.);
#1090=IFCCARTESIANPOINTLIST2D(((0.,0.),(-0.10000005205486891,0.10000000000000001),(2.4000001863640485,0.10000000000000001),(2.5000002384189175,0.)));
#1091=IFCINDEXEDPOLYCURVE(#1090,(IFCLINEINDEX((1,2,3,4,1))),$);
#1092=IFCARBITRARYCLOSEDPROFILEDEF(.AREA.,$,#1091);
#1093=IFCCARTESIANPOINT((0.,0.,0.));
#1094=IFCDIRECTION((0.,0.,1.));
#1095=IFCDIRECTION((1.,0.,0.));
#1096=IFCAXIS2PLACEMENT3D(#1093,#1094,#1095);
#1097=IFCDIRECTION((0.,0.,1.));
#1098=IFCEXTRUDEDAREASOLID(#1092,#1096,#1097,3.);
#1099=IFCSHAPEREPRESENTATION(#11,'Body','SweptSolid',(#1098));
#1100=IFCCARTESIANPOINTLIST2D(((0.,0.),(2.5000002384189175,0.)));
#1101=IFCINDEXEDPOLYCURVE(#1100,$,$);
#1102=IFCSHAPEREPRESENTATION(#23,'Axis','Curve2D',(#1101));
#1103=IFCRELCONNECTSPATHELEMENTS('2NZ1tUOOv84wm836cjzA22',$,$,$,$,#127,#167,(),(),.ATSTART.,.ATEND.);
#1104=IFCCARTESIANPOINTLIST2D(((0.,0.),(0.10000005205486892,0.10000000000000001),(3.8999998784099397,0.10000000000000001),(3.9999998708601496,0.)));
#1105=IFCINDEXEDPOLYCURVE(#1104,(IFCLINEINDEX((1,2,3,4,1))),$);
#1106=IFCARBITRARYCLOSEDPROFILEDEF(.AREA.,$,#1105);
#1107=IFCCARTESIANPOINT((0.,0.,0.));
#1108=IFCDIRECTION((0.,0.,1.));
#1109=IFCDIRECTION((1.,0.,0.));
#1110=IFCAXIS2PLACEMENT3D(#1107,#1108,#1109);
#1111=IFCDIRECTION((0.,0.,1.));
#1112=IFCEXTRUDEDAREASOLID(#1106,#1110,#1111,3.);
#1113=IFCSHAPEREPRESENTATION(#11,'Body','SweptSolid',(#1112));
#1114=IFCCARTESIANPOINTLIST2D(((0.,0.),(3.9999998708601496,0.)));
#1115=IFCINDEXEDPOLYCURVE(#1114,$,$);
#1116=IFCSHAPEREPRESENTATION(#23,'Axis','Curve2D',(#1115));
#1117=IFCCARTESIANPOINTLIST2D(((0.,0.),(0.099999992450210157,0.10000000000000001),(9.0000005972389889,0.10000000000000001),(9.1000006198883625,0.)));
#1118=IFCINDEXEDPOLYCURVE(#1117,(IFCLINEINDEX((1,2,3,4,1))),$);
#1119=IFCARBITRARYCLOSEDPROFILEDEF(.AREA.,$,#1118);
#1120=IFCCARTESIANPOINT((0.,0.,0.));
#1121=IFCDIRECTION((0.,0.,1.));
#1122=IFCDIRECTION((1.,0.,0.));
#1123=IFCAXIS2PLACEMENT3D(#1120,#1121,#1122);
#1124=IFCDIRECTION((0.,0.,1.));
#1125=IFCEXTRUDEDAREASOLID(#1119,#1123,#1124,3.);
#1126=IFCSHAPEREPRESENTATION(#11,'Body','SweptSolid',(#1125));
#1127=IFCCARTESIANPOINTLIST2D(((0.,0.),(9.1000006198883625,0.)));
#1128=IFCINDEXEDPOLYCURVE(#1127,$,$);
#1129=IFCSHAPEREPRESENTATION(#23,'Axis','Curve2D',(#1128));
#1130=IFCSLABTYPE('2zGutn13T8puaw$wstLDxF',$,'Slab',$,$,(#1134),$,$,$,.FLOOR.);
#1131=IFCMATERIALLAYERSET((#1133),$,$);
#1132=IFCRELASSOCIATESMATERIAL('3bO9hEs05DsgUbdZRWmiHT',$,$,$,(#1130),#1131);
#1133=IFCMATERIALLAYER(#81,0.10000000000000001,$,$,$,$,$);
#1134=IFCPROPERTYSET('1LbvmfGjbC6ODx$d059eFU',$,'EPset_Parametric',$,(#1135));
#1135=IFCPROPERTYSINGLEVALUE('LayerSetDirection',$,IFCLABEL('AXIS3'),$);
#1136=IFCSLAB('13YpzwqrjCPwLFtChhc_jV',$,'Slab',$,$,#9419,#1151,$,$);
#1137=IFCRELDEFINESBYTYPE('2a9Cp9jtzB0hMvbcHYWzjP',$,$,$,(#3611,#1136),#1130);
#1138=IFCMATERIALLAYERSETUSAGE(#1131,.AXIS3.,.POSITIVE.,-0.10000000149011612,$);
#1139=IFCRELASSOCIATESMATERIAL('0K_c_bu8XEIvqnMBsBT2pS',$,$,$,(#1136),#1138);
#1145=IFCCARTESIANPOINTLIST2D(((0.,0.),(4.76837158203125E-07,9.1000003814697266),(-3.4499998092651367,9.1000003814697266),(-3.4499993324279785,7.6499996185302734),(-6.9999990463256836,7.6500015258789062),(-6.9999980926513672,2.5000002384185791),(-3.9999985694885254,2.5000002384185791),(-3.9999997615814209,0.),(0.,0.)));
#1146=IFCINDEXEDPOLYCURVE(#1145,$,$);
#1147=IFCDIRECTION((0.,0.,1.));
#1148=IFCARBITRARYCLOSEDPROFILEDEF(.AREA.,$,#1146);
#1149=IFCEXTRUDEDAREASOLID(#1148,#1158,#1147,0.10000000000000001);
#1150=IFCSHAPEREPRESENTATION(#11,'Body','SweptSolid',(#1149));
#1151=IFCPRODUCTDEFINITIONSHAPE($,$,(#1150));
#1152=IFCPROPERTYSET('3Sq6JCXLH8u8kOOORG2mag',$,'EPset_Parametric',$,(#1154));
#1153=IFCRELDEFINESBYPROPERTIES('0Yvb44fTTBAOfb7iZQTR5n',$,$,$,(#1136),#1152);
#1154=IFCPROPERTYSINGLEVALUE('Engine',$,IFCLABEL('Bonsai.DumbLayer3'),$);
#1155=IFCCARTESIANPOINT((-0.,-0.,-0.10000000149011612));
#1156=IFCDIRECTION((0.,0.,1.));
#1157=IFCDIRECTION((1.,0.,0.));
#1158=IFCAXIS2PLACEMENT3D(#1155,#1156,#1157);
#1159=IFCDOORTYPE('1aWfbBCH56GO6uiDzIDea6',$,'Main-GF',$,$,(#1160),(#1169,#1247,#1266),$,$,.DOOR.,.SINGLE_SWING_LEFT.,$,$);
#1160=IFCPROPERTYSET('1lej_00iT3TPZMG_x$iUyv',$,'BBIM_Door',$,(#1161));
#1161=IFCPROPERTYSINGLEVALUE('Data',$,IFCTEXT('{"door_type": "SINGLE_SWING_LEFT", "overall_height": 2.0, "overall_width": 0.8999999761581421, "lining_properties": {"lining_depth": 0.05000000074505806, "lining_thickness": 0.05000000074505806, "lining_offset": 0.0, "lining_to_panel_offset_x": 0.02500000037252903, "lining_to_panel_offset_y": 0.02500000037252903, "transom_thickness": 0.0, "casing_thickness": 0.07500000298023224, "casing_depth": 0.004999999888241291, "threshold_thickness": 0.02500000037252903, "threshold_depth": 0.10000000149011612, "threshold_offset": 0.0}, "panel_properties": {"panel_depth": 0.03500000014901161, "panel_width_ratio": 1.0}}'),$);
#1165=IFCCARTESIANPOINT((0.,0.,0.));
#1166=IFCDIRECTION((1.,0.,0.));
#1167=IFCDIRECTION((0.,0.,1.));
#1168=IFCAXIS2PLACEMENT3D(#1165,#1167,#1166);
#1169=IFCREPRESENTATIONMAP(#1168,#1414);
#1243=IFCCARTESIANPOINT((0.,0.,0.));
#1244=IFCDIRECTION((1.,0.,0.));
#1245=IFCDIRECTION((0.,0.,1.));
#1246=IFCAXIS2PLACEMENT3D(#1243,#1245,#1244);
#1247=IFCREPRESENTATIONMAP(#1246,#1487);
#1262=IFCCARTESIANPOINT((0.,0.,0.));
#1263=IFCDIRECTION((1.,0.,0.));
#1264=IFCDIRECTION((0.,0.,1.));
#1265=IFCAXIS2PLACEMENT3D(#1262,#1264,#1263);
#1266=IFCREPRESENTATIONMAP(#1265,#1505);
#1332=IFCDOOR('01sEsCRvv5a8iZvIHEcOkR',$,'Door',$,$,#1530,#1341,$,2.,0.89999997615814209,$,.SINGLE_SWING_LEFT.,$);
#1333=IFCRELDEFINESBYTYPE('1qOL6en155UQhWZN43aCKA',$,$,$,(#1332),#1159);
#1334=IFCCARTESIANPOINT((0.,0.,0.));
#1335=IFCDIRECTION((1.,0.,0.));
#1336=IFCDIRECTION((0.,1.,0.));
#1337=IFCDIRECTION((0.,0.,1.));
#1338=IFCCARTESIANTRANSFORMATIONOPERATOR3D(#1335,#1336,#1334,1.,#1337);
#1339=IFCMAPPEDITEM(#1169,#1338);
#1340=IFCSHAPEREPRESENTATION(#18,'Profile','MappedRepresentation',(#1339));
#1341=IFCPRODUCTDEFINITIONSHAPE($,$,(#1340,#1348,#1355));
#1342=IFCCARTESIANPOINT((0.,0.,0.));
#1343=IFCDIRECTION((1.,0.,0.));
#1344=IFCDIRECTION((0.,1.,0.));
#1345=IFCDIRECTION((0.,0.,1.));
#1346=IFCCARTESIANTRANSFORMATIONOPERATOR3D(#1343,#1344,#1342,1.,#1345);
#1347=IFCMAPPEDITEM(#1247,#1346);
#1348=IFCSHAPEREPRESENTATION(#11,'Body','MappedRepresentation',(#1347));
#1349=IFCCARTESIANPOINT((0.,0.,0.));
#1350=IFCDIRECTION((1.,0.,0.));
#1351=IFCDIRECTION((0.,1.,0.));
#1352=IFCDIRECTION((0.,0.,1.));
#1353=IFCCARTESIANTRANSFORMATIONOPERATOR3D(#1350,#1351,#1349,1.,#1352);
#1354=IFCMAPPEDITEM(#1266,#1353);
#1355=IFCSHAPEREPRESENTATION(#24,'Body','MappedRepresentation',(#1354));
#1356=IFCOPENINGELEMENT('3YuLnD3zD2IRLbgjmLKXXP',$,'Opening',$,$,#1525,#1384,$,.OPENING.);
#1372=IFCCARTESIANPOINT((0.,0.,0.));
#1373=IFCDIRECTION((1.,0.,0.));
#1374=IFCDIRECTION((0.,0.,1.));
#1375=IFCAXIS2PLACEMENT3D(#1372,#1374,#1373);
#1376=IFCREPRESENTATIONMAP(#1375,#1515);
#1377=IFCCARTESIANPOINT((0.,0.,0.));
#1378=IFCDIRECTION((1.,0.,0.));
#1379=IFCDIRECTION((0.,1.,0.));
#1380=IFCDIRECTION((0.,0.,1.));
#1381=IFCCARTESIANTRANSFORMATIONOPERATOR3D(#1378,#1379,#1377,1.,#1380);
#1382=IFCMAPPEDITEM(#1376,#1381);
#1383=IFCSHAPEREPRESENTATION(#11,'Body','MappedRepresentation',(#1382));
#1384=IFCPRODUCTDEFINITIONSHAPE($,$,(#1383));
#1385=IFCRELVOIDSELEMENT('0oYXZgXQP1phiMMb_lIjT3',$,$,$,#127,#1356);
#1391=IFCRELFILLSELEMENT('0lVKxG4aX3HeJyH1IJ7l8B',$,$,$,#1356,#1332);
#1412=IFCCARTESIANPOINTLIST3D(((0.,0.,0.),(0.89999997615814209,0.,0.),(0.89999997615814209,0.,2.),(0.,0.,2.)));
#1413=IFCINDEXEDPOLYCURVE(#1412,(IFCLINEINDEX((1,2,3,4,1))),$);
#1414=IFCSHAPEREPRESENTATION(#18,'Profile','Curve3D',(#1413));
#1415=IFCCARTESIANPOINTLIST2D(((0.,0.),(0.,2.),(0.89999997615814209,2.),(0.89999997615814209,0.),(0.87499997578561306,0.),(0.87499997578561306,1.974999999627471),(0.02500000037252903,1.974999999627471),(0.02500000037252903,0.)));
#1416=IFCINDEXEDPOLYCURVE(#1415,(IFCLINEINDEX((1,2,3,4,5,6,7,8,1))),$);
#1417=IFCARBITRARYCLOSEDPROFILEDEF(.AREA.,$,#1416);
#1418=IFCCARTESIANPOINT((0.,0.02500000037252903,0.));
#1419=IFCDIRECTION((0.,-1.,0.));
#1420=IFCDIRECTION((1.,0.,0.));
#1421=IFCAXIS2PLACEMENT3D(#1418,#1419,#1420);
#1422=IFCDIRECTION((0.,0.,-1.));
#1423=IFCEXTRUDEDAREASOLID(#1417,#1421,#1422,0.02500000037252903);
#1424=IFCCARTESIANPOINTLIST2D(((0.,0.),(0.,2.),(0.89999997615814209,2.),(0.89999997615814209,0.),(0.84999997541308403,0.),(0.84999997541308403,1.9499999992549419),(0.05000000074505806,1.9499999992549419),(0.05000000074505806,0.)));
#1425=IFCINDEXEDPOLYCURVE(#1424,(IFCLINEINDEX((1,2,3,4,5,6,7,8,1))),$);
#1426=IFCARBITRARYCLOSEDPROFILEDEF(.AREA.,$,#1425);
#1427=IFCCARTESIANPOINT((0.,0.,0.));
#1428=IFCDIRECTION((0.,-1.,0.));
#1429=IFCDIRECTION((1.,0.,0.));
#1430=IFCAXIS2PLACEMENT3D(#1427,#1428,#1429);
#1431=IFCDIRECTION((0.,0.,-1.));
#1432=IFCEXTRUDEDAREASOLID(#1426,#1430,#1431,0.02500000037252903);
#1433=IFCCARTESIANPOINTLIST2D(((0.,0.),(0.79999997466802597,0.),(0.79999997466802597,0.10000000149011612),(0.,0.10000000149011612)));
#1434=IFCINDEXEDPOLYCURVE(#1433,(IFCLINEINDEX((1,2,3,4,1))),$);
#1435=IFCARBITRARYCLOSEDPROFILEDEF(.AREA.,$,#1434);
#1436=IFCCARTESIANPOINT((0.05000000074505806,0.,0.));
#1437=IFCDIRECTION((0.,0.,1.));
#1438=IFCDIRECTION((1.,0.,0.));
#1439=IFCAXIS2PLACEMENT3D(#1436,#1437,#1438);
#1440=IFCDIRECTION((0.,0.,1.));
#1441=IFCEXTRUDEDAREASOLID(#1435,#1439,#1440,0.02500000037252903);
#1442=IFCCARTESIANPOINTLIST2D(((0.,0.),(0.,2.0250000022351742),(0.94999998062849045,2.0250000022351742),(0.94999998062849045,0.),(0.87499997764825821,0.),(0.87499997764825821,1.9499999992549419),(0.075000002980232239,1.9499999992549419),(0.075000002980232239,0.)));
#1443=IFCINDEXEDPOLYCURVE(#1442,(IFCLINEINDEX((1,2,3,4,5,6,7,8,1))),$);
#1444=IFCARBITRARYCLOSEDPROFILEDEF(.AREA.,$,#1443);
#1445=IFCCARTESIANPOINT((-0.025000002235174179,-0.004999999888241291,0.));
#1446=IFCDIRECTION((0.,-1.,0.));
#1447=IFCDIRECTION((1.,0.,0.));
#1448=IFCAXIS2PLACEMENT3D(#1445,#1446,#1447);
#1449=IFCDIRECTION((0.,0.,-1.));
#1450=IFCEXTRUDEDAREASOLID(#1444,#1448,#1449,0.004999999888241291);
#1451=IFCCARTESIANPOINTLIST2D(((0.,0.),(0.,2.0250000022351742),(0.94999998062849045,2.0250000022351742),(0.94999998062849045,0.),(0.89999997802078724,0.),(0.89999997802078724,1.974999999627471),(0.050000002607703209,1.974999999627471),(0.050000002607703209,0.)));
#1452=IFCINDEXEDPOLYCURVE(#1451,(IFCLINEINDEX((1,2,3,4,5,6,7,8,1))),$);
#1453=IFCARBITRARYCLOSEDPROFILEDEF(.AREA.,$,#1452);
#1454=IFCCARTESIANPOINT((-0.025000002235174179,0.05000000074505806,0.));
#1455=IFCDIRECTION((0.,-1.,0.));
#1456=IFCDIRECTION((1.,0.,0.));
#1457=IFCAXIS2PLACEMENT3D(#1454,#1455,#1456);
#1458=IFCDIRECTION((0.,0.,-1.));
#1459=IFCEXTRUDEDAREASOLID(#1453,#1457,#1458,0.004999999888241291);
#1460=IFCCARTESIANPOINTLIST2D(((0.,0.),(0.84999997541308403,0.),(0.84999997541308403,0.035000000149011612),(0.,0.035000000149011612)));
#1461=IFCINDEXEDPOLYCURVE(#1460,(IFCLINEINDEX((1,2,3,4,1))),$);
#1462=IFCARBITRARYCLOSEDPROFILEDEF(.AREA.,$,#1461);
#1463=IFCCARTESIANPOINT((0.02500000037252903,0.02500000037252903,0.02500000037252903));
#1464=IFCDIRECTION((0.,0.,1.));
#1465=IFCDIRECTION((1.,0.,0.));
#1466=IFCAXIS2PLACEMENT3D(#1463,#1464,#1465);
#1467=IFCDIRECTION((0.,0.,1.));
#1468=IFCEXTRUDEDAREASOLID(#1462,#1466,#1467,1.9499999992549419);
#1469=IFCCARTESIANPOINTLIST2D(((0.,0.),(0.,-0.040000000000000001),(-0.11999999999999988,-0.040000000000000001),(-0.11999999999999988,-0.02),(-0.020000000000000018,-0.02),(-0.020000000000000018,0.)));
#1470=IFCINDEXEDPOLYCURVE(#1469,(IFCLINEINDEX((1,2,3,4,5,6,1))),$);
#1471=IFCARBITRARYCLOSEDPROFILEDEF(.AREA.,$,#1470);
#1472=IFCCARTESIANPOINT((0.82499997578561302,0.02500000037252903,1.015000000372529));
#1473=IFCDIRECTION((0.,0.,1.));
#1474=IFCDIRECTION((1.,0.,0.));
#1475=IFCAXIS2PLACEMENT3D(#1472,#1473,#1474);
#1476=IFCDIRECTION((0.,0.,1.));
#1477=IFCEXTRUDEDAREASOLID(#1471,#1475,#1476,0.02);
#1478=IFCEXTRUDEDAREASOLID(#1479,#1482,#1486,0.02);
#1479=IFCARBITRARYCLOSEDPROFILEDEF(.AREA.,$,#1480);
#1480=IFCINDEXEDPOLYCURVE(#1481,(IFCLINEINDEX((1,2,3,4,5,6,1))),$);
#1481=IFCCARTESIANPOINTLIST2D(((0.,0.),(0.,0.040000000000000008),(-0.11999999999999988,0.040000000000000008),(-0.11999999999999988,0.020000000000000004),(-0.020000000000000018,0.020000000000000004),(-0.020000000000000018,0.)));
#1482=IFCAXIS2PLACEMENT3D(#1483,#1484,#1485);
#1483=IFCCARTESIANPOINT((0.82499997578561302,0.060000000521540642,1.015000000372529));
#1484=IFCDIRECTION((0.,0.,1.));
#1485=IFCDIRECTION((1.,0.,0.));
#1486=IFCDIRECTION((0.,0.,1.));
#1487=IFCSHAPEREPRESENTATION(#11,'Body','SweptSolid',(#1423,#1432,#1468,#1477,#1478,#1441,#1450,#1459));
#1488=IFCSHAPEREPRESENTATION(#11,'Body','SweptSolid',(#1423,#1432,#1441,#1450,#1459));
#1489=IFCSHAPEASPECT((#1488),'Lining',$,.T.,#1341);
#1490=IFCSHAPEREPRESENTATION(#11,'Body','SweptSolid',(#1468,#1477,#1478));
#1491=IFCSHAPEASPECT((#1490),'Framing',$,.T.,#1341);
#1492=IFCCARTESIANPOINTLIST2D(((0.,0.),(0.,0.05000000074505806),(0.02500000037252903,0.05000000074505806),(0.02500000037252903,0.02500000037252903),(0.05000000074505806,0.02500000037252903),(0.05000000074505806,0.)));
#1493=IFCINDEXEDPOLYCURVE(#1492,(IFCLINEINDEX((1,2,3,4,5,6,1))),$);
#1494=IFCINDEXEDPOLYCURVE(#1495,(IFCLINEINDEX((1,2,3,4,5,6,1))),$);
#1495=IFCCARTESIANPOINTLIST2D(((0.89999997615814209,0.),(0.89999997615814209,0.05000000074505806),(0.87499997578561306,0.05000000074505806),(0.87499997578561306,0.02500000037252903),(0.84999997541308403,0.02500000037252903),(0.84999997541308403,0.)));
#1496=IFCDIRECTION((1.,0.));
#1497=IFCCARTESIANPOINT((0.060000000521540642,0.05000000074505806));
#1498=IFCAXIS2PLACEMENT2D(#1497,#1496);
#1499=IFCELLIPSE(#1498,0.81499997526407242,0.84999997541308403);
#1500=IFCCARTESIANPOINT((0.87499997578561306,0.05000000074505806));
#1501=IFCCARTESIANPOINT((0.060000000521540642,0.89999997615814209));
#1502=IFCTRIMMEDCURVE(#1499,(#1500),(#1501),.T.,.CARTESIAN.);
#1503=IFCCARTESIANPOINTLIST2D(((0.02500000037252903,0.05000000074505806),(0.060000000521540642,0.05000000074505806),(0.060000000521540642,0.89999997615814209),(0.02500000037252903,0.89999997615814209)));
#1504=IFCINDEXEDPOLYCURVE(#1503,(IFCLINEINDEX((1,2,3,4,1))),$);
#1505=IFCSHAPEREPRESENTATION(#24,'Body','Curve2D',(#1493,#1494,#1502,#1504));
#1506=IFCCARTESIANPOINTLIST2D(((0.,0.),(0.89999997615814209,0.),(0.89999997615814209,2.),(0.,2.)));
#1507=IFCINDEXEDPOLYCURVE(#1506,(IFCLINEINDEX((1,2,3,4,1))),$);
#1508=IFCARBITRARYCLOSEDPROFILEDEF(.AREA.,$,#1507);
#1509=IFCCARTESIANPOINT((0.,-0.60000002384185791,0.));
#1510=IFCDIRECTION((0.,-1.,0.));
#1511=IFCDIRECTION((1.,0.,0.));
#1512=IFCAXIS2PLACEMENT3D(#1509,#1510,#1511);
#1513=IFCDIRECTION((0.,0.,-1.));
#1514=IFCEXTRUDEDAREASOLID(#1508,#1512,#1513,1.2);
#1515=IFCSHAPEREPRESENTATION(#11,'Body','SweptSolid',(#1514));
#1521=IFCCARTESIANPOINT((0.37430094679551362,4.76837158203125E-07,0.));
#1522=IFCDIRECTION((0.,0.,1.));
#1523=IFCDIRECTION((0.99999999999997158,-2.3841857910155572E-07,0.));
#1524=IFCAXIS2PLACEMENT3D(#1521,#1522,#1523);
#1525=IFCLOCALPLACEMENT(#9414,#1524);
#1526=IFCCARTESIANPOINT((0.,0.,0.));
#1527=IFCDIRECTION((0.,0.,1.));
#1528=IFCDIRECTION((1.,0.,0.));
#1529=IFCAXIS2PLACEMENT3D(#1526,#1527,#1528);
#1530=IFCLOCALPLACEMENT(#1525,#1529);
#1531=IFCDOORTYPE('1qHR_j4P14GwlCk9oIQDWn',$,'Guest-GF',$,$,(#1532),(#1534,#1542,#1620),$,$,.DOOR.,.SINGLE_SWING_LEFT.,$,$);
#1532=IFCPROPERTYSET('3JSkdmXnzCVv9SED3Mekxf',$,'BBIM_Door',$,(#1533));
#1533=IFCPROPERTYSINGLEVALUE('Data',$,IFCTEXT('{"door_type": "SINGLE_SWING_RIGHT", "overall_height": 2.0, "overall_width": 0.8999999761581421, "lining_properties": {"lining_depth": 0.05000000074505806, "lining_thickness": 0.05000000074505806, "lining_offset": 0.0, "lining_to_panel_offset_x": 0.02500000037252903, "lining_to_panel_offset_y": 0.02500000037252903, "transom_thickness": 0.0, "casing_thickness": 0.07500000298023224, "casing_depth": 0.004999999888241291, "threshold_thickness": 0.02500000037252903, "threshold_depth": 0.10000000149011612, "threshold_offset": 0.0}, "panel_properties": {"panel_depth": 0.03500000014901161, "panel_width_ratio": 1.0}}'),$);
#1534=IFCREPRESENTATIONMAP(#1535,#1721);
#1535=IFCAXIS2PLACEMENT3D(#1536,#1537,#1538);
#1536=IFCCARTESIANPOINT((0.,0.,0.));
#1537=IFCDIRECTION((0.,0.,1.));
#1538=IFCDIRECTION((1.,0.,0.));
#1542=IFCREPRESENTATIONMAP(#1543,#1794);
#1543=IFCAXIS2PLACEMENT3D(#1544,#1545,#1546);
#1544=IFCCARTESIANPOINT((0.,0.,0.));
#1545=IFCDIRECTION((0.,0.,1.));
#1546=IFCDIRECTION((1.,0.,0.));
#1620=IFCREPRESENTATIONMAP(#1621,#1812);
#1621=IFCAXIS2PLACEMENT3D(#1622,#1623,#1624);
#1622=IFCCARTESIANPOINT((0.,0.,0.));
#1623=IFCDIRECTION((0.,0.,1.));
#1624=IFCDIRECTION((1.,0.,0.));
#1639=IFCDOOR('37JIqlzXz5_fsyfaflHY_T',$,'Door',$,$,#1837,#1648,$,2.,0.89999997615814209,$,.SINGLE_SWING_RIGHT.,$);
#1640=IFCRELDEFINESBYTYPE('2spsxEtK18guhveC$WZrh8',$,$,$,(#1639),#1531);
#1641=IFCCARTESIANPOINT((0.,0.,0.));
#1642=IFCDIRECTION((1.,0.,0.));
#1643=IFCDIRECTION((0.,1.,0.));
#1644=IFCDIRECTION((0.,0.,1.));
#1645=IFCCARTESIANTRANSFORMATIONOPERATOR3D(#1642,#1643,#1641,1.,#1644);
#1646=IFCMAPPEDITEM(#1534,#1645);
#1647=IFCSHAPEREPRESENTATION(#18,'Profile','MappedRepresentation',(#1646));
#1648=IFCPRODUCTDEFINITIONSHAPE($,$,(#1647,#1655,#1662));
#1649=IFCCARTESIANPOINT((0.,0.,0.));
#1650=IFCDIRECTION((1.,0.,0.));
#1651=IFCDIRECTION((0.,1.,0.));
#1652=IFCDIRECTION((0.,0.,1.));
#1653=IFCCARTESIANTRANSFORMATIONOPERATOR3D(#1650,#1651,#1649,1.,#1652);
#1654=IFCMAPPEDITEM(#1542,#1653);
#1655=IFCSHAPEREPRESENTATION(#11,'Body','MappedRepresentation',(#1654));
#1656=IFCCARTESIANPOINT((0.,0.,0.));
#1657=IFCDIRECTION((1.,0.,0.));
#1658=IFCDIRECTION((0.,1.,0.));
#1659=IFCDIRECTION((0.,0.,1.));
#1660=IFCCARTESIANTRANSFORMATIONOPERATOR3D(#1657,#1658,#1656,1.,#1659);
#1661=IFCMAPPEDITEM(#1620,#1660);
#1662=IFCSHAPEREPRESENTATION(#24,'Body','MappedRepresentation',(#1661));
#1663=IFCOPENINGELEMENT('3C$ioTY8P7A8ySTHkvEAE1',$,'Opening',$,$,#1832,#1691,$,.OPENING.);
#1679=IFCCARTESIANPOINT((0.,0.,0.));
#1680=IFCDIRECTION((1.,0.,0.));
#1681=IFCDIRECTION((0.,0.,1.));
#1682=IFCAXIS2PLACEMENT3D(#1679,#1681,#1680);
#1683=IFCREPRESENTATIONMAP(#1682,#1822);
#1684=IFCCARTESIANPOINT((0.,0.,0.));
#1685=IFCDIRECTION((1.,0.,0.));
#1686=IFCDIRECTION((0.,1.,0.));
#1687=IFCDIRECTION((0.,0.,1.));
#1688=IFCCARTESIANTRANSFORMATIONOPERATOR3D(#1685,#1686,#1684,1.,#1687);
#1689=IFCMAPPEDITEM(#1683,#1688);
#1690=IFCSHAPEREPRESENTATION(#11,'Body','MappedRepresentation',(#1689));
#1691=IFCPRODUCTDEFINITIONSHAPE($,$,(#1690));
#1692=IFCRELVOIDSELEMENT('2V4XVfQNr8hwnXcoMTy57H',$,$,$,#620,#1663);
#1698=IFCRELFILLSELEMENT('3QkaQs2Or1awbM2APISJjV',$,$,$,#1663,#1639);
#1719=IFCCARTESIANPOINTLIST3D(((0.,0.,0.),(0.89999997615814209,0.,0.),(0.89999997615814209,0.,2.),(0.,0.,2.)));
#1720=IFCINDEXEDPOLYCURVE(#1719,(IFCLINEINDEX((1,2,3,4,1))),$);
#1721=IFCSHAPEREPRESENTATION(#18,'Profile','Curve3D',(#1720));
#1722=IFCCARTESIANPOINTLIST2D(((0.,0.),(0.,2.),(0.89999997615814209,2.),(0.89999997615814209,0.),(0.87499997578561306,0.),(0.87499997578561306,1.974999999627471),(0.02500000037252903,1.974999999627471),(0.02500000037252903,0.)));
#1723=IFCINDEXEDPOLYCURVE(#1722,(IFCLINEINDEX((1,2,3,4,5,6,7,8,1))),$);
#1724=IFCARBITRARYCLOSEDPROFILEDEF(.AREA.,$,#1723);
#1725=IFCCARTESIANPOINT((0.,0.02500000037252903,0.));
#1726=IFCDIRECTION((0.,-1.,0.));
#1727=IFCDIRECTION((1.,0.,0.));
#1728=IFCAXIS2PLACEMENT3D(#1725,#1726,#1727);
#1729=IFCDIRECTION((0.,0.,-1.));
#1730=IFCEXTRUDEDAREASOLID(#1724,#1728,#1729,0.02500000037252903);
#1731=IFCCARTESIANPOINTLIST2D(((0.,0.),(0.,2.),(0.89999997615814209,2.),(0.89999997615814209,0.),(0.84999997541308403,0.),(0.84999997541308403,1.9499999992549419),(0.05000000074505806,1.9499999992549419),(0.05000000074505806,0.)));
#1732=IFCINDEXEDPOLYCURVE(#1731,(IFCLINEINDEX((1,2,3,4,5,6,7,8,1))),$);
#1733=IFCARBITRARYCLOSEDPROFILEDEF(.AREA.,$,#1732);
#1734=IFCCARTESIANPOINT((0.,0.,0.));
#1735=IFCDIRECTION((0.,-1.,0.));
#1736=IFCDIRECTION((1.,0.,0.));
#1737=IFCAXIS2PLACEMENT3D(#1734,#1735,#1736);
#1738=IFCDIRECTION((0.,0.,-1.));
#1739=IFCEXTRUDEDAREASOLID(#1733,#1737,#1738,0.02500000037252903);
#1740=IFCCARTESIANPOINTLIST2D(((0.,0.),(0.79999997466802597,0.),(0.79999997466802597,0.10000000149011612),(0.,0.10000000149011612)));
#1741=IFCINDEXEDPOLYCURVE(#1740,(IFCLINEINDEX((1,2,3,4,1))),$);
#1742=IFCARBITRARYCLOSEDPROFILEDEF(.AREA.,$,#1741);
#1743=IFCCARTESIANPOINT((0.05000000074505806,0.,0.));
#1744=IFCDIRECTION((0.,0.,1.));
#1745=IFCDIRECTION((1.,0.,0.));
#1746=IFCAXIS2PLACEMENT3D(#1743,#1744,#1745);
#1747=IFCDIRECTION((0.,0.,1.));
#1748=IFCEXTRUDEDAREASOLID(#1742,#1746,#1747,0.02500000037252903);
#1749=IFCCARTESIANPOINTLIST2D(((0.,0.),(0.,2.0250000022351742),(0.94999998062849045,2.0250000022351742),(0.94999998062849045,0.),(0.87499997764825821,0.),(0.87499997764825821,1.9499999992549419),(0.075000002980232239,1.9499999992549419),(0.075000002980232239,0.)));
#1750=IFCINDEXEDPOLYCURVE(#1749,(IFCLINEINDEX((1,2,3,4,5,6,7,8,1))),$);
#1751=IFCARBITRARYCLOSEDPROFILEDEF(.AREA.,$,#1750);
#1752=IFCCARTESIANPOINT((-0.025000002235174179,-0.004999999888241291,0.));
#1753=IFCDIRECTION((0.,-1.,0.));
#1754=IFCDIRECTION((1.,0.,0.));
#1755=IFCAXIS2PLACEMENT3D(#1752,#1753,#1754);
#1756=IFCDIRECTION((0.,0.,-1.));
#1757=IFCEXTRUDEDAREASOLID(#1751,#1755,#1756,0.004999999888241291);
#1758=IFCCARTESIANPOINTLIST2D(((0.,0.),(0.,2.0250000022351742),(0.94999998062849045,2.0250000022351742),(0.94999998062849045,0.),(0.89999997802078724,0.),(0.89999997802078724,1.974999999627471),(0.050000002607703209,1.974999999627471),(0.050000002607703209,0.)));
#1759=IFCINDEXEDPOLYCURVE(#1758,(IFCLINEINDEX((1,2,3,4,5,6,7,8,1))),$);
#1760=IFCARBITRARYCLOSEDPROFILEDEF(.AREA.,$,#1759);
#1761=IFCCARTESIANPOINT((-0.025000002235174179,0.05000000074505806,0.));
#1762=IFCDIRECTION((0.,-1.,0.));
#1763=IFCDIRECTION((1.,0.,0.));
#1764=IFCAXIS2PLACEMENT3D(#1761,#1762,#1763);
#1765=IFCDIRECTION((0.,0.,-1.));
#1766=IFCEXTRUDEDAREASOLID(#1760,#1764,#1765,0.004999999888241291);
#1767=IFCCARTESIANPOINTLIST2D(((0.,0.),(0.84999997541308403,0.),(0.84999997541308403,0.035000000149011612),(0.,0.035000000149011612)));
#1768=IFCINDEXEDPOLYCURVE(#1767,(IFCLINEINDEX((1,2,3,4,1))),$);
#1769=IFCARBITRARYCLOSEDPROFILEDEF(.AREA.,$,#1768);
#1770=IFCCARTESIANPOINT((0.02500000037252903,0.02500000037252903,0.02500000037252903));
#1771=IFCDIRECTION((0.,0.,1.));
#1772=IFCDIRECTION((1.,0.,0.));
#1773=IFCAXIS2PLACEMENT3D(#1770,#1771,#1772);
#1774=IFCDIRECTION((0.,0.,1.));
#1775=IFCEXTRUDEDAREASOLID(#1769,#1773,#1774,1.9499999992549419);
#1776=IFCCARTESIANPOINTLIST2D(((0.,0.),(0.,-0.040000000000000001),(0.12,-0.040000000000000001),(0.12,-0.02),(0.02,-0.02),(0.02,0.)));
#1777=IFCINDEXEDPOLYCURVE(#1776,(IFCLINEINDEX((1,2,3,4,5,6,1))),$);
#1778=IFCARBITRARYCLOSEDPROFILEDEF(.AREA.,$,#1777);
#1779=IFCCARTESIANPOINT((0.075000000372529033,0.02500000037252903,1.015000000372529));
#1780=IFCDIRECTION((0.,0.,1.));
#1781=IFCDIRECTION((1.,0.,0.));
#1782=IFCAXIS2PLACEMENT3D(#1779,#1780,#1781);
#1783=IFCDIRECTION((0.,0.,1.));
#1784=IFCEXTRUDEDAREASOLID(#1778,#1782,#1783,0.02);
#1785=IFCEXTRUDEDAREASOLID(#1786,#1789,#1793,0.02);
#1786=IFCARBITRARYCLOSEDPROFILEDEF(.AREA.,$,#1787);
#1787=IFCINDEXEDPOLYCURVE(#1788,(IFCLINEINDEX((1,2,3,4,5,6,1))),$);
#1788=IFCCARTESIANPOINTLIST2D(((0.,0.),(0.,0.040000000000000008),(0.11999999999999998,0.040000000000000008),(0.11999999999999998,0.020000000000000004),(0.020000000000000004,0.020000000000000004),(0.020000000000000004,0.)));
#1789=IFCAXIS2PLACEMENT3D(#1790,#1791,#1792);
#1790=IFCCARTESIANPOINT((0.075000000372529033,0.060000000521540642,1.015000000372529));
#1791=IFCDIRECTION((0.,0.,1.));
#1792=IFCDIRECTION((1.,0.,0.));
#1793=IFCDIRECTION((0.,0.,1.));
#1794=IFCSHAPEREPRESENTATION(#11,'Body','SweptSolid',(#1730,#1739,#1775,#1784,#1785,#1748,#1757,#1766));
#1795=IFCSHAPEREPRESENTATION(#11,'Body','SweptSolid',(#1730,#1739,#1748,#1757,#1766));
#1796=IFCSHAPEASPECT((#1795),'Lining',$,.T.,#1648);
#1797=IFCSHAPEREPRESENTATION(#11,'Body','SweptSolid',(#1775,#1784,#1785));
#1798=IFCSHAPEASPECT((#1797),'Framing',$,.T.,#1648);
#1799=IFCCARTESIANPOINTLIST2D(((0.,0.),(0.,0.05000000074505806),(0.02500000037252903,0.05000000074505806),(0.02500000037252903,0.02500000037252903),(0.05000000074505806,0.02500000037252903),(0.05000000074505806,0.)));
#1800=IFCINDEXEDPOLYCURVE(#1799,(IFCLINEINDEX((1,2,3,4,5,6,1))),$);
#1801=IFCINDEXEDPOLYCURVE(#1802,(IFCLINEINDEX((1,2,3,4,5,6,1))),$);
#1802=IFCCARTESIANPOINTLIST2D(((0.89999997615814209,0.),(0.89999997615814209,0.05000000074505806),(0.87499997578561306,0.05000000074505806),(0.87499997578561306,0.02500000037252903),(0.84999997541308403,0.02500000037252903),(0.84999997541308403,0.)));
#1803=IFCDIRECTION((1.,0.));
#1804=IFCCARTESIANPOINT((0.83999997563660145,0.05000000074505806));
#1805=IFCAXIS2PLACEMENT2D(#1804,#1803);
#1806=IFCELLIPSE(#1805,0.81499997526407242,0.84999997541308403);
#1807=IFCCARTESIANPOINT((0.83999997563660145,0.89999997615814209));
#1808=IFCCARTESIANPOINT((0.02500000037252903,0.05000000074505806));
#1809=IFCTRIMMEDCURVE(#1806,(#1807),(#1808),.T.,.CARTESIAN.);
#1810=IFCCARTESIANPOINTLIST2D(((0.87499997578561306,0.05000000074505806),(0.83999997563660145,0.05000000074505806),(0.83999997563660145,0.89999997615814209),(0.87499997578561306,0.89999997615814209)));
#1811=IFCINDEXEDPOLYCURVE(#1810,(IFCLINEINDEX((1,2,3,4,1))),$);
#1812=IFCSHAPEREPRESENTATION(#24,'Body','Curve2D',(#1800,#1801,#1809,#1811));
#1813=IFCCARTESIANPOINTLIST2D(((0.,0.),(0.89999997615814209,0.),(0.89999997615814209,2.),(0.,2.)));
#1814=IFCINDEXEDPOLYCURVE(#1813,(IFCLINEINDEX((1,2,3,4,1))),$);
#1815=IFCARBITRARYCLOSEDPROFILEDEF(.AREA.,$,#1814);
#1816=IFCCARTESIANPOINT((0.,-0.60000002384185791,0.));
#1817=IFCDIRECTION((0.,-1.,0.));
#1818=IFCDIRECTION((1.,0.,0.));
#1819=IFCAXIS2PLACEMENT3D(#1816,#1817,#1818);
#1820=IFCDIRECTION((0.,0.,-1.));
#1821=IFCEXTRUDEDAREASOLID(#1815,#1819,#1820,1.2);
#1822=IFCSHAPEREPRESENTATION(#11,'Body','SweptSolid',(#1821));
#1828=IFCCARTESIANPOINT((1.5495130047202157,-2.2243096808871599E-09,0.));
#1829=IFCDIRECTION((0.,0.,1.));
#1830=IFCDIRECTION((0.99999999999997147,-2.384185719961227E-07,0.));
#1831=IFCAXIS2PLACEMENT3D(#1828,#1829,#1830);
#1832=IFCLOCALPLACEMENT(#9389,#1831);
#1833=IFCCARTESIANPOINT((-2.2204460492503131E-16,-5.5511151231257827E-17,0.));
#1834=IFCDIRECTION((0.,0.,1.));
#1835=IFCDIRECTION((1.,5.2939559203393771E-23,0.));
#1836=IFCAXIS2PLACEMENT3D(#1833,#1834,#1835);
#1837=IFCLOCALPLACEMENT(#1832,#1836);
#1838=IFCDOORTYPE('0yS0J0V1rAjBkUliMtzzEo',$,'Bathroom-GF',$,$,(#1839),(#1841,#1849,#1927),$,$,.DOOR.,.SINGLE_SWING_LEFT.,$,$);
#1839=IFCPROPERTYSET('06aeHd_TP1ye4vA$gnD$km',$,'BBIM_Door',$,(#1840));
#1840=IFCPROPERTYSINGLEVALUE('Data',$,IFCTEXT('{"door_type": "SINGLE_SWING_RIGHT", "overall_height": 2.0, "overall_width": 0.8999999761581421, "lining_properties": {"lining_depth": 0.05000000074505806, "lining_thickness": 0.05000000074505806, "lining_offset": 0.0, "lining_to_panel_offset_x": 0.02500000037252903, "lining_to_panel_offset_y": 0.02500000037252903, "transom_thickness": 0.0, "casing_thickness": 0.07500000298023224, "casing_depth": 0.004999999888241291, "threshold_thickness": 0.02500000037252903, "threshold_depth": 0.10000000149011612, "threshold_offset": 0.0}, "panel_properties": {"panel_depth": 0.03500000014901161, "panel_width_ratio": 1.0}}'),$);
#1841=IFCREPRESENTATIONMAP(#1842,#1846);
#1842=IFCAXIS2PLACEMENT3D(#1843,#1844,#1845);
#1843=IFCCARTESIANPOINT((0.,0.,0.));
#1844=IFCDIRECTION((0.,0.,1.));
#1845=IFCDIRECTION((1.,0.,0.));
#1846=IFCSHAPEREPRESENTATION(#18,'Profile','Curve3D',(#1847));
#1847=IFCINDEXEDPOLYCURVE(#1848,(IFCLINEINDEX((1,2,3,4,1))),$);
#1848=IFCCARTESIANPOINTLIST3D(((0.,0.,0.),(0.89999997615814209,0.,0.),(0.89999997615814209,0.,2.),(0.,0.,2.)));
#1849=IFCREPRESENTATIONMAP(#1850,#1854);
#1850=IFCAXIS2PLACEMENT3D(#1851,#1852,#1853);
#1851=IFCCARTESIANPOINT((0.,0.,0.));
#1852=IFCDIRECTION((0.,0.,1.));
#1853=IFCDIRECTION((1.,0.,0.));
#1854=IFCSHAPEREPRESENTATION(#11,'Body','SweptSolid',(#1855,#1864,#1873,#1882,#1891,#1900,#1909,#1918));
#1855=IFCEXTRUDEDAREASOLID(#1856,#1859,#1863,0.02500000037252903);
#1856=IFCARBITRARYCLOSEDPROFILEDEF(.AREA.,$,#1857);
#1857=IFCINDEXEDPOLYCURVE(#1858,(IFCLINEINDEX((1,2,3,4,5,6,7,8,1))),$);
#1858=IFCCARTESIANPOINTLIST2D(((0.,0.),(0.,2.),(0.89999997615814209,2.),(0.89999997615814209,0.),(0.87499997578561306,0.),(0.87499997578561306,1.974999999627471),(0.02500000037252903,1.974999999627471),(0.02500000037252903,0.)));
#1859=IFCAXIS2PLACEMENT3D(#1860,#1861,#1862);
#1860=IFCCARTESIANPOINT((0.,0.02500000037252903,0.));
#1861=IFCDIRECTION((0.,-1.,0.));
#1862=IFCDIRECTION((1.,0.,0.));
#1863=IFCDIRECTION((0.,0.,-1.));
#1864=IFCEXTRUDEDAREASOLID(#1865,#1868,#1872,0.02500000037252903);
#1865=IFCARBITRARYCLOSEDPROFILEDEF(.AREA.,$,#1866);
#1866=IFCINDEXEDPOLYCURVE(#1867,(IFCLINEINDEX((1,2,3,4,5,6,7,8,1))),$);
#1867=IFCCARTESIANPOINTLIST2D(((0.,0.),(0.,2.),(0.89999997615814209,2.),(0.89999997615814209,0.),(0.84999997541308403,0.),(0.84999997541308403,1.9499999992549419),(0.05000000074505806,1.9499999992549419),(0.05000000074505806,0.)));
#1868=IFCAXIS2PLACEMENT3D(#1869,#1870,#1871);
#1869=IFCCARTESIANPOINT((0.,0.,0.));
#1870=IFCDIRECTION((0.,-1.,0.));
#1871=IFCDIRECTION((1.,0.,0.));
#1872=IFCDIRECTION((0.,0.,-1.));
#1873=IFCEXTRUDEDAREASOLID(#1874,#1877,#1881,1.9499999992549419);
#1874=IFCARBITRARYCLOSEDPROFILEDEF(.AREA.,$,#1875);
#1875=IFCINDEXEDPOLYCURVE(#1876,(IFCLINEINDEX((1,2,3,4,1))),$);
#1876=IFCCARTESIANPOINTLIST2D(((0.,0.),(0.84999997541308403,0.),(0.84999997541308403,0.035000000149011612),(0.,0.035000000149011612)));
#1877=IFCAXIS2PLACEMENT3D(#1878,#1879,#1880);
#1878=IFCCARTESIANPOINT((0.02500000037252903,0.02500000037252903,0.02500000037252903));
#1879=IFCDIRECTION((0.,0.,1.));
#1880=IFCDIRECTION((1.,0.,0.));
#1881=IFCDIRECTION((0.,0.,1.));
#1882=IFCEXTRUDEDAREASOLID(#1883,#1886,#1890,0.02);
#1883=IFCARBITRARYCLOSEDPROFILEDEF(.AREA.,$,#1884);
#1884=IFCINDEXEDPOLYCURVE(#1885,(IFCLINEINDEX((1,2,3,4,5,6,1))),$);
#1885=IFCCARTESIANPOINTLIST2D(((0.,0.),(0.,-0.040000000000000001),(0.12,-0.040000000000000001),(0.12,-0.02),(0.02,-0.02),(0.02,0.)));
#1886=IFCAXIS2PLACEMENT3D(#1887,#1888,#1889);
#1887=IFCCARTESIANPOINT((0.075000000372529033,0.02500000037252903,1.015000000372529));
#1888=IFCDIRECTION((0.,0.,1.));
#1889=IFCDIRECTION((1.,0.,0.));
#1890=IFCDIRECTION((0.,0.,1.));
#1891=IFCEXTRUDEDAREASOLID(#1892,#1895,#1899,0.02);
#1892=IFCARBITRARYCLOSEDPROFILEDEF(.AREA.,$,#1893);
#1893=IFCINDEXEDPOLYCURVE(#1894,(IFCLINEINDEX((1,2,3,4,5,6,1))),$);
#1894=IFCCARTESIANPOINTLIST2D(((0.,0.),(0.,0.040000000000000008),(0.11999999999999998,0.040000000000000008),(0.11999999999999998,0.020000000000000004),(0.020000000000000004,0.020000000000000004),(0.020000000000000004,0.)));
#1895=IFCAXIS2PLACEMENT3D(#1896,#1897,#1898);
#1896=IFCCARTESIANPOINT((0.075000000372529033,0.060000000521540642,1.015000000372529));
#1897=IFCDIRECTION((0.,0.,1.));
#1898=IFCDIRECTION((1.,0.,0.));
#1899=IFCDIRECTION((0.,0.,1.));
#1900=IFCEXTRUDEDAREASOLID(#1901,#1904,#1908,0.02500000037252903);
#1901=IFCARBITRARYCLOSEDPROFILEDEF(.AREA.,$,#1902);
#1902=IFCINDEXEDPOLYCURVE(#1903,(IFCLINEINDEX((1,2,3,4,1))),$);
#1903=IFCCARTESIANPOINTLIST2D(((0.,0.),(0.79999997466802597,0.),(0.79999997466802597,0.10000000149011612),(0.,0.10000000149011612)));
#1904=IFCAXIS2PLACEMENT3D(#1905,#1906,#1907);
#1905=IFCCARTESIANPOINT((0.05000000074505806,0.,0.));
#1906=IFCDIRECTION((0.,0.,1.));
#1907=IFCDIRECTION((1.,0.,0.));
#1908=IFCDIRECTION((0.,0.,1.));
#1909=IFCEXTRUDEDAREASOLID(#1910,#1913,#1917,0.004999999888241291);
#1910=IFCARBITRARYCLOSEDPROFILEDEF(.AREA.,$,#1911);
#1911=IFCINDEXEDPOLYCURVE(#1912,(IFCLINEINDEX((1,2,3,4,5,6,7,8,1))),$);
#1912=IFCCARTESIANPOINTLIST2D(((0.,0.),(0.,2.0250000022351742),(0.94999998062849045,2.0250000022351742),(0.94999998062849045,0.),(0.87499997764825821,0.),(0.87499997764825821,1.9499999992549419),(0.075000002980232239,1.9499999992549419),(0.075000002980232239,0.)));
#1913=IFCAXIS2PLACEMENT3D(#1914,#1915,#1916);
#1914=IFCCARTESIANPOINT((-0.025000002235174179,-0.004999999888241291,0.));
#1915=IFCDIRECTION((0.,-1.,0.));
#1916=IFCDIRECTION((1.,0.,0.));
#1917=IFCDIRECTION((0.,0.,-1.));
#1918=IFCEXTRUDEDAREASOLID(#1919,#1922,#1926,0.004999999888241291);
#1919=IFCARBITRARYCLOSEDPROFILEDEF(.AREA.,$,#1920);
#1920=IFCINDEXEDPOLYCURVE(#1921,(IFCLINEINDEX((1,2,3,4,5,6,7,8,1))),$);
#1921=IFCCARTESIANPOINTLIST2D(((0.,0.),(0.,2.0250000022351742),(0.94999998062849045,2.0250000022351742),(0.94999998062849045,0.),(0.89999997802078724,0.),(0.89999997802078724,1.974999999627471),(0.050000002607703209,1.974999999627471),(0.050000002607703209,0.)));
#1922=IFCAXIS2PLACEMENT3D(#1923,#1924,#1925);
#1923=IFCCARTESIANPOINT((-0.025000002235174179,0.05000000074505806,0.));
#1924=IFCDIRECTION((0.,-1.,0.));
#1925=IFCDIRECTION((1.,0.,0.));
#1926=IFCDIRECTION((0.,0.,-1.));
#1927=IFCREPRESENTATIONMAP(#1928,#1932);
#1928=IFCAXIS2PLACEMENT3D(#1929,#1930,#1931);
#1929=IFCCARTESIANPOINT((0.,0.,0.));
#1930=IFCDIRECTION((0.,0.,1.));
#1931=IFCDIRECTION((1.,0.,0.));
#1932=IFCSHAPEREPRESENTATION(#24,'Body','Curve2D',(#1933,#1935,#1937,#1944));
#1933=IFCINDEXEDPOLYCURVE(#1934,(IFCLINEINDEX((1,2,3,4,5,6,1))),$);
#1934=IFCCARTESIANPOINTLIST2D(((0.,0.),(0.,0.05000000074505806),(0.02500000037252903,0.05000000074505806),(0.02500000037252903,0.02500000037252903),(0.05000000074505806,0.02500000037252903),(0.05000000074505806,0.)));
#1935=IFCINDEXEDPOLYCURVE(#1936,(IFCLINEINDEX((1,2,3,4,5,6,1))),$);
#1936=IFCCARTESIANPOINTLIST2D(((0.89999997615814209,0.),(0.89999997615814209,0.05000000074505806),(0.87499997578561306,0.05000000074505806),(0.87499997578561306,0.02500000037252903),(0.84999997541308403,0.02500000037252903),(0.84999997541308403,0.)));
#1937=IFCTRIMMEDCURVE(#1938,(#1942),(#1943),.T.,.CARTESIAN.);
#1938=IFCELLIPSE(#1939,0.81499997526407242,0.84999997541308403);
#1939=IFCAXIS2PLACEMENT2D(#1940,#1941);
#1940=IFCCARTESIANPOINT((0.83999997563660145,0.05000000074505806));
#1941=IFCDIRECTION((1.,0.));
#1942=IFCCARTESIANPOINT((0.83999997563660145,0.89999997615814209));
#1943=IFCCARTESIANPOINT((0.02500000037252903,0.05000000074505806));
#1944=IFCINDEXEDPOLYCURVE(#1945,(IFCLINEINDEX((1,2,3,4,1))),$);
#1945=IFCCARTESIANPOINTLIST2D(((0.87499997578561306,0.05000000074505806),(0.83999997563660145,0.05000000074505806),(0.83999997563660145,0.89999997615814209),(0.87499997578561306,0.89999997615814209)));
#1946=IFCDOOR('2uhO72BNPE8hIq1YFSF6eN',$,'Door',$,$,#3719,#1955,$,2.,0.89999997615814209,$,$,$);
#1947=IFCRELDEFINESBYTYPE('3HSc$sumj4d9GZTLmhemx4',$,$,$,(#1946),#1838);
#1948=IFCCARTESIANPOINT((0.,0.,0.));
#1949=IFCDIRECTION((1.,0.,0.));
#1950=IFCDIRECTION((0.,1.,0.));
#1951=IFCDIRECTION((0.,0.,1.));
#1952=IFCCARTESIANTRANSFORMATIONOPERATOR3D(#1949,#1950,#1948,1.,#1951);
#1953=IFCMAPPEDITEM(#1841,#1952);
#1954=IFCSHAPEREPRESENTATION(#18,'Profile','MappedRepresentation',(#1953));
#1955=IFCPRODUCTDEFINITIONSHAPE($,$,(#1954,#1962,#1969));
#1956=IFCCARTESIANPOINT((0.,0.,0.));
#1957=IFCDIRECTION((1.,0.,0.));
#1958=IFCDIRECTION((0.,1.,0.));
#1959=IFCDIRECTION((0.,0.,1.));
#1960=IFCCARTESIANTRANSFORMATIONOPERATOR3D(#1957,#1958,#1956,1.,#1959);
#1961=IFCMAPPEDITEM(#1849,#1960);
#1962=IFCSHAPEREPRESENTATION(#11,'Body','MappedRepresentation',(#1961));
#1963=IFCCARTESIANPOINT((0.,0.,0.));
#1964=IFCDIRECTION((1.,0.,0.));
#1965=IFCDIRECTION((0.,1.,0.));
#1966=IFCDIRECTION((0.,0.,1.));
#1967=IFCCARTESIANTRANSFORMATIONOPERATOR3D(#1964,#1965,#1963,1.,#1966);
#1968=IFCMAPPEDITEM(#1927,#1967);
#1969=IFCSHAPEREPRESENTATION(#24,'Body','MappedRepresentation',(#1968));
#1970=IFCOPENINGELEMENT('0Eyb4L1Q51bvXhy3gOerks',$,'Opening',$,$,#2020,#1998,$,.OPENING.);
#1976=IFCCARTESIANPOINTLIST2D(((0.,0.),(0.89999997615814209,0.),(0.89999997615814209,2.),(0.,2.)));
#1977=IFCINDEXEDPOLYCURVE(#1976,(IFCLINEINDEX((1,2,3,4,1))),$);
#1978=IFCARBITRARYCLOSEDPROFILEDEF(.AREA.,$,#1977);
#1979=IFCCARTESIANPOINT((0.,-0.60000002384185791,0.));
#1980=IFCDIRECTION((0.,-1.,0.));
#1981=IFCDIRECTION((1.,0.,0.));
#1982=IFCAXIS2PLACEMENT3D(#1979,#1980,#1981);
#1983=IFCDIRECTION((0.,0.,-1.));
#1984=IFCEXTRUDEDAREASOLID(#1978,#1982,#1983,1.2);
#1985=IFCSHAPEREPRESENTATION(#11,'Body','SweptSolid',(#1984));
#1986=IFCCARTESIANPOINT((0.,0.,0.));
#1987=IFCDIRECTION((1.,0.,0.));
#1988=IFCDIRECTION((0.,0.,1.));
#1989=IFCAXIS2PLACEMENT3D(#1986,#1988,#1987);
#1990=IFCREPRESENTATIONMAP(#1989,#1985);
#1991=IFCCARTESIANPOINT((0.,0.,0.));
#1992=IFCDIRECTION((1.,0.,0.));
#1993=IFCDIRECTION((0.,1.,0.));
#1994=IFCDIRECTION((0.,0.,1.));
#1995=IFCCARTESIANTRANSFORMATIONOPERATOR3D(#1992,#1993,#1991,1.,#1994);
#1996=IFCMAPPEDITEM(#1990,#1995);
#1997=IFCSHAPEREPRESENTATION(#11,'Body','MappedRepresentation',(#1996));
#1998=IFCPRODUCTDEFINITIONSHAPE($,$,(#1997));
#1999=IFCRELVOIDSELEMENT('2pfF4HnHX1iBadUxq7ioPR',$,$,$,#755,#1970);
#2005=IFCRELFILLSELEMENT('3rl7I6g4PBNAMUlQ2N3yMr',$,$,$,#1970,#1946);
#2016=IFCCARTESIANPOINT((-0.045327663421676601,2.2959295731261875E-07,0.));
#2017=IFCDIRECTION((0.,0.,1.));
#2018=IFCDIRECTION((0.99999999999999289,-1.1920928955077312E-07,0.));
#2019=IFCAXIS2PLACEMENT3D(#2016,#2017,#2018);
#2020=IFCLOCALPLACEMENT(#9399,#2019);
#2031=IFCDOORTYPE('1Jiz4Rc6nCOBOGc98p4cO4',$,'Maids-GF',$,$,(#2032),(#2034,#2042,#2120,#2322),$,$,.DOOR.,.SINGLE_SWING_LEFT.,$,$);
#2032=IFCPROPERTYSET('1gtg4ZE2L2NPVn_LguY_mm',$,'BBIM_Door',$,(#2033));
#2033=IFCPROPERTYSINGLEVALUE('Data',$,IFCTEXT('{"door_type": "SLIDING_TO_RIGHT", "overall_height": 2.0, "overall_width": 1.3452966213226318, "lining_properties": {"lining_depth": 0.05000000074505806, "lining_thickness": 0.05000000074505806, "lining_offset": 0.0, "transom_thickness": 0.0, "casing_thickness": 0.07500000298023224, "casing_depth": 0.004999999888241291, "threshold_thickness": 0.02500000037252903, "threshold_depth": 0.10000000149011612, "threshold_offset": 0.0}, "panel_properties": {"panel_depth": 0.03500000014901161, "panel_width_ratio": 1.0}}'),$);
#2034=IFCREPRESENTATIONMAP(#2035,#2237);
#2035=IFCAXIS2PLACEMENT3D(#2036,#2037,#2038);
#2036=IFCCARTESIANPOINT((0.,0.,0.));
#2037=IFCDIRECTION((0.,0.,1.));
#2038=IFCDIRECTION((1.,0.,0.));
#2042=IFCREPRESENTATIONMAP(#2043,#2301);
#2043=IFCAXIS2PLACEMENT3D(#2044,#2045,#2046);
#2044=IFCCARTESIANPOINT((0.,0.,0.));
#2045=IFCDIRECTION((0.,0.,1.));
#2046=IFCDIRECTION((1.,0.,0.));
#2120=IFCREPRESENTATIONMAP(#2121,#2312);
#2121=IFCAXIS2PLACEMENT3D(#2122,#2123,#2124);
#2122=IFCCARTESIANPOINT((0.,0.,0.));
#2123=IFCDIRECTION((0.,0.,1.));
#2124=IFCDIRECTION((1.,0.,0.));
#2139=IFCDOOR('1lESsv1KDF0g5Bhm71yTqF',$,'Door',$,$,#2354,#2149,$,2.,1.3452966213226318,$,.SLIDING_TO_RIGHT.,$);
#2141=IFCRELDEFINESBYTYPE('2OMAyPdsj3Qhy_pX26STs5',$,$,$,(#2139),#2031);
#2142=IFCCARTESIANPOINT((0.,0.,0.));
#2143=IFCDIRECTION((1.,0.,0.));
#2144=IFCDIRECTION((0.,1.,0.));
#2145=IFCDIRECTION((0.,0.,1.));
#2146=IFCCARTESIANTRANSFORMATIONOPERATOR3D(#2143,#2144,#2142,1.,#2145);
#2147=IFCMAPPEDITEM(#2034,#2146);
#2148=IFCSHAPEREPRESENTATION(#18,'Profile','MappedRepresentation',(#2147));
#2149=IFCPRODUCTDEFINITIONSHAPE($,$,(#2148,#2156,#2163,#2329));
#2150=IFCCARTESIANPOINT((0.,0.,0.));
#2151=IFCDIRECTION((1.,0.,0.));
#2152=IFCDIRECTION((0.,1.,0.));
#2153=IFCDIRECTION((0.,0.,1.));
#2154=IFCCARTESIANTRANSFORMATIONOPERATOR3D(#2151,#2152,#2150,1.,#2153);
#2155=IFCMAPPEDITEM(#2042,#2154);
#2156=IFCSHAPEREPRESENTATION(#11,'Body','MappedRepresentation',(#2155));
#2157=IFCCARTESIANPOINT((0.,0.,0.));
#2158=IFCDIRECTION((1.,0.,0.));
#2159=IFCDIRECTION((0.,1.,0.));
#2160=IFCDIRECTION((0.,0.,1.));
#2161=IFCCARTESIANTRANSFORMATIONOPERATOR3D(#2158,#2159,#2157,1.,#2160);
#2162=IFCMAPPEDITEM(#2120,#2161);
#2163=IFCSHAPEREPRESENTATION(#24,'Body','MappedRepresentation',(#2162));
#2164=IFCOPENINGELEMENT('1gqkocNBXF99dqz9f6md5s',$,'Opening',$,$,#2349,#2192,$,.OPENING.);
#2180=IFCCARTESIANPOINT((0.,0.,0.));
#2181=IFCDIRECTION((1.,0.,0.));
#2182=IFCDIRECTION((0.,0.,1.));
#2183=IFCAXIS2PLACEMENT3D(#2180,#2182,#2181);
#2184=IFCREPRESENTATIONMAP(#2183,#2339);
#2185=IFCCARTESIANPOINT((0.,0.,0.));
#2186=IFCDIRECTION((1.,0.,0.));
#2187=IFCDIRECTION((0.,1.,0.));
#2188=IFCDIRECTION((0.,0.,1.));
#2189=IFCCARTESIANTRANSFORMATIONOPERATOR3D(#2186,#2187,#2185,1.,#2188);
#2190=IFCMAPPEDITEM(#2184,#2189);
#2191=IFCSHAPEREPRESENTATION(#11,'Body','MappedRepresentation',(#2190));
#2192=IFCPRODUCTDEFINITIONSHAPE($,$,(#2191));
#2193=IFCRELVOIDSELEMENT('10k0ia55DESglA8MMh762k',$,$,$,#850,#2164);
#2199=IFCRELFILLSELEMENT('2LWvitJmzF9uyccDsABTlA',$,$,$,#2164,#2139);
#2235=IFCCARTESIANPOINTLIST3D(((0.,0.,0.),(1.3452966213226318,0.,0.),(1.3452966213226318,0.,2.),(0.,0.,2.)));
#2236=IFCINDEXEDPOLYCURVE(#2235,(IFCLINEINDEX((1,2,3,4,1))),$);
#2237=IFCSHAPEREPRESENTATION(#18,'Profile','Curve3D',(#2236));
#2238=IFCCARTESIANPOINTLIST2D(((0.,0.),(0.,2.),(1.3452966213226318,2.),(1.3452966213226318,0.),(1.2952966205775738,0.),(1.2952966205775738,1.9499999992549419),(0.05000000074505806,1.9499999992549419),(0.05000000074505806,0.)));
#2239=IFCINDEXEDPOLYCURVE(#2238,(IFCLINEINDEX((1,2,3,4,5,6,7,8,1))),$);
#2240=IFCARBITRARYCLOSEDPROFILEDEF(.AREA.,$,#2239);
#2241=IFCCARTESIANPOINT((0.,0.,0.));
#2242=IFCDIRECTION((0.,-1.,0.));
#2243=IFCDIRECTION((1.,0.,0.));
#2244=IFCAXIS2PLACEMENT3D(#2241,#2242,#2243);
#2245=IFCDIRECTION((0.,0.,-1.));
#2246=IFCEXTRUDEDAREASOLID(#2240,#2244,#2245,0.05000000074505806);
#2247=IFCCARTESIANPOINTLIST2D(((0.,0.),(1.2452966198325157,0.),(1.2452966198325157,0.10000000149011612),(0.,0.10000000149011612)));
#2248=IFCINDEXEDPOLYCURVE(#2247,(IFCLINEINDEX((1,2,3,4,1))),$);
#2249=IFCARBITRARYCLOSEDPROFILEDEF(.AREA.,$,#2248);
#2250=IFCCARTESIANPOINT((0.05000000074505806,0.,0.));
#2251=IFCDIRECTION((0.,0.,1.));
#2252=IFCDIRECTION((1.,0.,0.));
#2253=IFCAXIS2PLACEMENT3D(#2250,#2251,#2252);
#2254=IFCDIRECTION((0.,0.,1.));
#2255=IFCEXTRUDEDAREASOLID(#2249,#2253,#2254,0.02500000037252903);
#2256=IFCCARTESIANPOINTLIST2D(((0.,0.),(0.,2.0250000022351742),(1.3952966257929802,2.0250000022351742),(1.3952966257929802,0.),(1.320296622812748,0.),(1.320296622812748,1.9499999992549419),(0.075000002980232239,1.9499999992549419),(0.075000002980232239,0.)));
#2257=IFCINDEXEDPOLYCURVE(#2256,(IFCLINEINDEX((1,2,3,4,5,6,7,8,1))),$);
#2258=IFCARBITRARYCLOSEDPROFILEDEF(.AREA.,$,#2257);
#2259=IFCCARTESIANPOINT((-0.025000002235174179,-0.004999999888241291,0.));
#2260=IFCDIRECTION((0.,-1.,0.));
#2261=IFCDIRECTION((1.,0.,0.));
#2262=IFCAXIS2PLACEMENT3D(#2259,#2260,#2261);
#2263=IFCDIRECTION((0.,0.,-1.));
#2264=IFCEXTRUDEDAREASOLID(#2258,#2262,#2263,0.004999999888241291);
#2265=IFCCARTESIANPOINTLIST2D(((0.,0.),(0.,2.0250000022351742),(1.3952966257929802,2.0250000022351742),(1.3952966257929802,0.),(1.320296622812748,0.),(1.320296622812748,1.9499999992549419),(0.075000002980232239,1.9499999992549419),(0.075000002980232239,0.)));
#2266=IFCINDEXEDPOLYCURVE(#2265,(IFCLINEINDEX((1,2,3,4,5,6,7,8,1))),$);
#2267=IFCARBITRARYCLOSEDPROFILEDEF(.AREA.,$,#2266);
#2268=IFCCARTESIANPOINT((-0.025000002235174179,0.05000000074505806,0.));
#2269=IFCDIRECTION((0.,-1.,0.));
#2270=IFCDIRECTION((1.,0.,0.));
#2271=IFCAXIS2PLACEMENT3D(#2268,#2269,#2270);
#2272=IFCDIRECTION((0.,0.,-1.));
#2273=IFCEXTRUDEDAREASOLID(#2267,#2271,#2272,0.004999999888241291);
#2274=IFCCARTESIANPOINTLIST2D(((0.,0.),(1.2452966198325157,0.),(1.2452966198325157,0.035000000149011612),(0.,0.035000000149011612)));
#2275=IFCINDEXEDPOLYCURVE(#2274,(IFCLINEINDEX((1,2,3,4,1))),$);
#2276=IFCARBITRARYCLOSEDPROFILEDEF(.AREA.,$,#2275);
#2277=IFCCARTESIANPOINT((0.05000000074505806,-0.035000000149011612,0.02500000037252903));
#2278=IFCDIRECTION((0.,0.,1.));
#2279=IFCDIRECTION((1.,0.,0.));
#2280=IFCAXIS2PLACEMENT3D(#2277,#2278,#2279);
#2281=IFCDIRECTION((0.,0.,1.));
#2282=IFCEXTRUDEDAREASOLID(#2276,#2280,#2281,1.9249999988824129);
#2283=IFCCARTESIANPOINTLIST2D(((0.,0.),(0.,-0.040000000000000001),(0.12,-0.040000000000000001),(0.12,-0.02),(0.02,-0.02),(0.02,0.)));
#2284=IFCINDEXEDPOLYCURVE(#2283,(IFCLINEINDEX((1,2,3,4,5,6,1))),$);
#2285=IFCARBITRARYCLOSEDPROFILEDEF(.AREA.,$,#2284);
#2286=IFCCARTESIANPOINT((0.10000000074505806,-0.035000000149011612,1.015000000372529));
#2287=IFCDIRECTION((0.,0.,1.));
#2288=IFCDIRECTION((1.,0.,0.));
#2289=IFCAXIS2PLACEMENT3D(#2286,#2287,#2288);
#2290=IFCDIRECTION((0.,0.,1.));
#2291=IFCEXTRUDEDAREASOLID(#2285,#2289,#2290,0.02);
#2292=IFCEXTRUDEDAREASOLID(#2293,#2296,#2300,0.02);
#2293=IFCARBITRARYCLOSEDPROFILEDEF(.AREA.,$,#2294);
#2294=IFCINDEXEDPOLYCURVE(#2295,(IFCLINEINDEX((1,2,3,4,5,6,1))),$);
#2295=IFCCARTESIANPOINTLIST2D(((0.,0.),(0.,0.040000000000000008),(0.11999999999999998,0.040000000000000008),(0.11999999999999998,0.020000000000000004),(0.020000000000000004,0.020000000000000004),(0.020000000000000004,0.)));
#2296=IFCAXIS2PLACEMENT3D(#2297,#2298,#2299);
#2297=IFCCARTESIANPOINT((0.10000000074505806,0.,1.015000000372529));
#2298=IFCDIRECTION((0.,0.,1.));
#2299=IFCDIRECTION((1.,0.,0.));
#2300=IFCDIRECTION((0.,0.,1.));
#2301=IFCSHAPEREPRESENTATION(#11,'Body','SweptSolid',(#2246,#2282,#2291,#2292,#2255,#2264,#2273));
#2302=IFCSHAPEREPRESENTATION(#11,'Body','SweptSolid',(#2246,#2255,#2264,#2273));
#2303=IFCSHAPEASPECT((#2302),'Lining',$,.T.,#2149);
#2304=IFCSHAPEREPRESENTATION(#11,'Body','SweptSolid',(#2282,#2291,#2292));
#2305=IFCSHAPEASPECT((#2304),'Framing',$,.T.,#2149);
#2306=IFCCARTESIANPOINTLIST2D(((0.,0.),(0.05000000074505806,0.),(0.05000000074505806,0.05000000074505806),(0.,0.05000000074505806)));
#2307=IFCINDEXEDPOLYCURVE(#2306,(IFCLINEINDEX((1,2,3,4,1))),$);
#2308=IFCINDEXEDPOLYCURVE(#2309,(IFCLINEINDEX((1,2,3,4,1))),$);
#2309=IFCCARTESIANPOINTLIST2D(((1.3452966213226318,0.),(1.2952966205775738,0.),(1.2952966205775738,0.05000000074505806),(1.3452966213226318,0.05000000074505806)));
#2310=IFCCARTESIANPOINTLIST2D(((1.9179449304938316,-0.035000000149011612),(0.67264831066131592,-0.035000000149011612),(0.67264831066131592,0.),(1.9179449304938316,0.)));
#2311=IFCINDEXEDPOLYCURVE(#2310,(IFCLINEINDEX((1,2,3,4,1))),$);
#2312=IFCSHAPEREPRESENTATION(#24,'Body','Curve2D',(#2307,#2308,#2311));
#2313=IFCCARTESIANPOINTLIST2D(((0.48585381768643854,-0.081587428267465345),(0.8594428036361933,-0.081587428267465345)));
#2314=IFCINDEXEDPOLYCURVE(#2313,$,$);
#2315=IFCCARTESIANPOINTLIST2D(((0.51585381768643856,-0.050529142855162856),(0.48585381768643854,-0.081587428267465345),(0.51585381768643856,-0.11264571367976783)));
#2316=IFCINDEXEDPOLYCURVE(#2315,$,$);
#2317=IFCSHAPEREPRESENTATION(#25,'Annotation','Curve2D',(#2314,#2316));
#2318=IFCCARTESIANPOINT((0.,0.,0.));
#2319=IFCDIRECTION((1.,0.,0.));
#2320=IFCDIRECTION((0.,0.,1.));
#2321=IFCAXIS2PLACEMENT3D(#2318,#2320,#2319);
#2322=IFCREPRESENTATIONMAP(#2321,#2317);
#2323=IFCCARTESIANPOINT((0.,0.,0.));
#2324=IFCDIRECTION((1.,0.,0.));
#2325=IFCDIRECTION((0.,1.,0.));
#2326=IFCDIRECTION((0.,0.,1.));
#2327=IFCCARTESIANTRANSFORMATIONOPERATOR3D(#2324,#2325,#2323,1.,#2326);
#2328=IFCMAPPEDITEM(#2322,#2327);
#2329=IFCSHAPEREPRESENTATION(#25,'Annotation','MappedRepresentation',(#2328));
#2330=IFCCARTESIANPOINTLIST2D(((0.,0.),(1.3452966213226318,0.),(1.3452966213226318,2.),(0.,2.)));
#2331=IFCINDEXEDPOLYCURVE(#2330,(IFCLINEINDEX((1,2,3,4,1))),$);
#2332=IFCARBITRARYCLOSEDPROFILEDEF(.AREA.,$,#2331);
#2333=IFCCARTESIANPOINT((0.,-0.60000002384185791,0.));
#2334=IFCDIRECTION((0.,-1.,0.));
#2335=IFCDIRECTION((1.,0.,0.));
#2336=IFCAXIS2PLACEMENT3D(#2333,#2334,#2335);
#2337=IFCDIRECTION((0.,0.,-1.));
#2338=IFCEXTRUDEDAREASOLID(#2332,#2336,#2337,1.2);
#2339=IFCSHAPEREPRESENTATION(#11,'Body','SweptSolid',(#2338));
#2345=IFCCARTESIANPOINT((0.10144915445530978,0.074998418259360378,0.));
#2346=IFCDIRECTION((0.,0.,1.));
#2347=IFCDIRECTION((0.99999999999954514,-9.5367431640531731E-07,0.));
#2348=IFCAXIS2PLACEMENT3D(#2345,#2346,#2347);
#2349=IFCLOCALPLACEMENT(#9409,#2348);
#2350=IFCCARTESIANPOINT((-1.1102230246251565E-16,-4.4408920985006262E-16,0.));
#2351=IFCDIRECTION((0.,0.,1.));
#2352=IFCDIRECTION((1.,4.2351647362715017E-22,0.));
#2353=IFCAXIS2PLACEMENT3D(#2350,#2351,#2352);
#2354=IFCLOCALPLACEMENT(#2349,#2353);
#2355=IFCWINDOWTYPE('0OkCTlJSnBKPD5PrYdBBop',$,'Living-GF',$,$,(#2356),(#2365,#2413,#2435),$,$,.WINDOW.,.SINGLE_PANEL.,$,$);
#2356=IFCPROPERTYSET('24vzWrH5X1ywbCWmhhGFSP',$,'BBIM_Window',$,(#2357));
#2357=IFCPROPERTYSINGLEVALUE('Data',$,IFCTEXT('{"window_type": "SINGLE_PANEL", "overall_height": 0.8999999761581421, "overall_width": 0.6000000238418579, "lining_properties": {"lining_depth": 0.05000000074505806, "lining_thickness": 0.05000000074505806, "lining_offset": 0.05000000074505806, "lining_to_panel_offset_x": 0.02500000037252903, "lining_to_panel_offset_y": 0.02500000037252903}, "panel_properties": {"frame_depth": [0.03500000014901161, 0.03500000014901161, 0.03500000014901161], "frame_thickness": [0.03500000014901161, 0.03500000014901161, 0.03500000014901161]}}'),$);
#2358=IFCCARTESIANPOINTLIST3D(((0.,0.,0.),(0.60000002384185791,0.,0.),(0.60000002384185791,0.,0.89999997615814209),(0.,0.,0.89999997615814209)));
#2359=IFCINDEXEDPOLYCURVE(#2358,(IFCLINEINDEX((1,2,3,4,1))),$);
#2360=IFCSHAPEREPRESENTATION(#18,'Profile','Curve3D',(#2359));
#2361=IFCCARTESIANPOINT((0.,0.,0.));
#2362=IFCDIRECTION((1.,0.,0.));
#2363=IFCDIRECTION((0.,0.,1.));
#2364=IFCAXIS2PLACEMENT3D(#2361,#2363,#2362);
#2365=IFCREPRESENTATIONMAP(#2364,#2360);
#2366=IFCCARTESIANPOINTLIST2D(((0.,0.),(0.60000002384185791,0.),(0.60000002384185791,0.89999997615814209),(0.,0.89999997615814209)));
#2367=IFCINDEXEDPOLYCURVE(#2366,(IFCLINEINDEX((1,2,3,4,1))),$);
#2368=IFCCARTESIANPOINTLIST2D(((0.02500000037252903,0.02500000037252903),(0.57500002346932888,0.02500000037252903),(0.57500002346932888,0.87499997578561306),(0.02500000037252903,0.87499997578561306)));
#2369=IFCINDEXEDPOLYCURVE(#2368,(IFCLINEINDEX((1,2,3,4,1))),$);
#2370=IFCARBITRARYPROFILEDEFWITHVOIDS(.AREA.,$,#2367,(#2369));
#2371=IFCCARTESIANPOINT((0.,0.090000001713633537,0.));
#2372=IFCDIRECTION((0.,-1.,0.));
#2373=IFCDIRECTION((1.,0.,0.));
#2374=IFCAXIS2PLACEMENT3D(#2371,#2372,#2373);
#2375=IFCDIRECTION((0.,0.,-1.));
#2376=IFCEXTRUDEDAREASOLID(#2370,#2374,#2375,0.0099999997764825821);
#2377=IFCCARTESIANPOINTLIST2D(((0.,0.),(0.60000002384185791,0.),(0.60000002384185791,0.89999997615814209),(0.,0.89999997615814209)));
#2378=IFCINDEXEDPOLYCURVE(#2377,(IFCLINEINDEX((1,2,3,4,1))),$);
#2379=IFCCARTESIANPOINTLIST2D(((0.05000000074505806,0.05000000074505806),(0.55000002309679985,0.05000000074505806),(0.55000002309679985,0.84999997541308403),(0.05000000074505806,0.84999997541308403)));
#2380=IFCINDEXEDPOLYCURVE(#2379,(IFCLINEINDEX((1,2,3,4,1))),$);
#2381=IFCARBITRARYPROFILEDEFWITHVOIDS(.AREA.,$,#2378,(#2380));
#2382=IFCCARTESIANPOINT((0.,0.05000000074505806,0.));
#2383=IFCDIRECTION((0.,-1.,0.));
#2384=IFCDIRECTION((1.,0.,0.));
#2385=IFCAXIS2PLACEMENT3D(#2382,#2383,#2384);
#2386=IFCDIRECTION((0.,0.,-1.));
#2387=IFCEXTRUDEDAREASOLID(#2381,#2385,#2386,0.040000000968575478);
#2388=IFCCARTESIANPOINTLIST2D(((0.,0.),(0.55000002309679985,0.),(0.55000002309679985,0.84999997541308403),(0.,0.84999997541308403)));
#2389=IFCINDEXEDPOLYCURVE(#2388,(IFCLINEINDEX((1,2,3,4,1))),$);
#2390=IFCCARTESIANPOINTLIST2D(((0.035000000149011612,0.035000000149011612),(0.51500002294778824,0.035000000149011612),(0.51500002294778824,0.81499997526407242),(0.035000000149011612,0.81499997526407242)));
#2391=IFCINDEXEDPOLYCURVE(#2390,(IFCLINEINDEX((1,2,3,4,1))),$);
#2392=IFCARBITRARYPROFILEDEFWITHVOIDS(.AREA.,$,#2389,(#2391));
#2393=IFCCARTESIANPOINT((0.02500000037252903,0.090000001713633537,0.02500000037252903));
#2394=IFCDIRECTION((0.,-1.,0.));
#2395=IFCDIRECTION((1.,0.,0.));
#2396=IFCAXIS2PLACEMENT3D(#2393,#2394,#2395);
#2397=IFCDIRECTION((0.,0.,-1.));
#2398=IFCEXTRUDEDAREASOLID(#2392,#2396,#2397,0.035000000149011612);
#2399=IFCINDEXEDPOLYCURVE(#2400,(IFCLINEINDEX((1,2,3,4,1))),$);
#2400=IFCCARTESIANPOINTLIST2D(((0.035000000149011612,0.035000000149011612),(0.51500002294778824,0.035000000149011612),(0.51500002294778824,0.81499997526407242),(0.035000000149011612,0.81499997526407242)));
#2401=IFCARBITRARYCLOSEDPROFILEDEF(.AREA.,$,#2399);
#2402=IFCCARTESIANPOINT((0.02500000037252903,0.10250000178813934,0.02500000037252903));
#2403=IFCDIRECTION((0.,-1.,0.));
#2404=IFCDIRECTION((1.,0.,0.));
#2405=IFCAXIS2PLACEMENT3D(#2402,#2403,#2404);
#2406=IFCDIRECTION((0.,0.,-1.));
#2407=IFCEXTRUDEDAREASOLID(#2401,#2405,#2406,0.01);
#2408=IFCSHAPEREPRESENTATION(#11,'Body','SweptSolid',(#2376,#2387,#2398,#2407));
#2409=IFCCARTESIANPOINT((0.,0.,0.));
#2410=IFCDIRECTION((1.,0.,0.));
#2411=IFCDIRECTION((0.,0.,1.));
#2412=IFCAXIS2PLACEMENT3D(#2409,#2411,#2410);
#2413=IFCREPRESENTATIONMAP(#2412,#2408);
#2414=IFCCARTESIANPOINTLIST2D(((0.05000000074505806,0.05000000074505806),(0.55000002309679985,0.05000000074505806)));
#2415=IFCINDEXEDPOLYCURVE(#2414,$,$);
#2416=IFCCARTESIANPOINTLIST2D(((0.,0.10000000149011612),(0.02500000037252903,0.10000000149011612),(0.02500000037252903,0.090000001713633537),(0.05000000074505806,0.090000001713633537),(0.05000000074505806,0.05000000074505806),(0.,0.05000000074505806)));
#2417=IFCINDEXEDPOLYCURVE(#2416,(IFCLINEINDEX((1,2,3,4,5,6,1))),$);
#2418=IFCCARTESIANPOINTLIST2D(((0.60000002384185791,0.10000000149011612),(0.57500002346932888,0.10000000149011612),(0.57500002346932888,0.090000001713633537),(0.55000002309679985,0.090000001713633537),(0.55000002309679985,0.05000000074505806),(0.60000002384185791,0.05000000074505806)));
#2419=IFCINDEXEDPOLYCURVE(#2418,(IFCLINEINDEX((1,2,3,4,5,6,1))),$);
#2420=IFCCARTESIANPOINTLIST2D(((0.02500000037252903,0.090000001713633537),(0.060000000521540642,0.090000001713633537),(0.060000000521540642,0.12500000186264515),(0.02500000037252903,0.12500000186264515)));
#2421=IFCINDEXEDPOLYCURVE(#2420,(IFCLINEINDEX((1,2,3,4,1))),$);
#2422=IFCINDEXEDPOLYCURVE(#2423,(IFCLINEINDEX((1,2,3,4,1))),$);
#2423=IFCCARTESIANPOINTLIST2D(((0.57500002346932888,0.090000001713633537),(0.54000002332031727,0.090000001713633537),(0.54000002332031727,0.12500000186264515),(0.57500002346932888,0.12500000186264515)));
#2424=IFCCARTESIANPOINTLIST2D(((0.060000000521540642,0.090000001713633537),(0.54000002332031727,0.090000001713633537)));
#2425=IFCINDEXEDPOLYCURVE(#2424,$,$);
#2426=IFCINDEXEDPOLYCURVE(#2427,$,$);
#2427=IFCCARTESIANPOINTLIST2D(((0.060000000521540642,0.12500000186264515),(0.54000002332031727,0.12500000186264515)));
#2428=IFCINDEXEDPOLYCURVE(#2429,$,$);
#2429=IFCCARTESIANPOINTLIST2D(((0.060000000521540642,0.10750000178813934),(0.54000002332031727,0.10750000178813934)));
#2430=IFCSHAPEREPRESENTATION(#24,'Body','Curve2D',(#2415,#2417,#2419,#2421,#2422,#2425,#2426,#2428));
#2431=IFCCARTESIANPOINT((0.,0.,0.));
#2432=IFCDIRECTION((1.,0.,0.));
#2433=IFCDIRECTION((0.,0.,1.));
#2434=IFCAXIS2PLACEMENT3D(#2431,#2433,#2432);
#2435=IFCREPRESENTATIONMAP(#2434,#2430);
#2436=IFCWINDOW('0ZNvNzds18zwf0p1DJ$J2R',$,'Window',$,$,#3724,#2446,$,0.89999997615814209,0.60000002384185791,$,$,$);
#2438=IFCRELDEFINESBYTYPE('381tDAfn54suWXTvctM03d',$,$,$,(#2436),#2355);
#2439=IFCCARTESIANPOINT((0.,0.,0.));
#2440=IFCDIRECTION((1.,0.,0.));
#2441=IFCDIRECTION((0.,1.,0.));
#2442=IFCDIRECTION((0.,0.,1.));
#2443=IFCCARTESIANTRANSFORMATIONOPERATOR3D(#2440,#2441,#2439,1.,#2442);
#2444=IFCMAPPEDITEM(#2365,#2443);
#2445=IFCSHAPEREPRESENTATION(#18,'Profile','MappedRepresentation',(#2444));
#2446=IFCPRODUCTDEFINITIONSHAPE($,$,(#2445,#2453,#2460));
#2447=IFCCARTESIANPOINT((0.,0.,0.));
#2448=IFCDIRECTION((1.,0.,0.));
#2449=IFCDIRECTION((0.,1.,0.));
#2450=IFCDIRECTION((0.,0.,1.));
#2451=IFCCARTESIANTRANSFORMATIONOPERATOR3D(#2448,#2449,#2447,1.,#2450);
#2452=IFCMAPPEDITEM(#2413,#2451);
#2453=IFCSHAPEREPRESENTATION(#11,'Body','MappedRepresentation',(#2452));
#2454=IFCCARTESIANPOINT((0.,0.,0.));
#2455=IFCDIRECTION((1.,0.,0.));
#2456=IFCDIRECTION((0.,1.,0.));
#2457=IFCDIRECTION((0.,0.,1.));
#2458=IFCCARTESIANTRANSFORMATIONOPERATOR3D(#2455,#2456,#2454,1.,#2457);
#2459=IFCMAPPEDITEM(#2435,#2458);
#2460=IFCSHAPEREPRESENTATION(#24,'Body','MappedRepresentation',(#2459));
#2461=IFCOPENINGELEMENT('3w0sGa$mz8f8G3dmivisY7',$,'Opening',$,$,#2571,#2489,$,.OPENING.);
#2467=IFCCARTESIANPOINTLIST2D(((0.,0.),(0.60000002384185791,0.),(0.60000002384185791,0.89999997615814209),(0.,0.89999997615814209)));
#2468=IFCINDEXEDPOLYCURVE(#2467,(IFCLINEINDEX((1,2,3,4,1))),$);
#2469=IFCARBITRARYCLOSEDPROFILEDEF(.AREA.,$,#2468);
#2470=IFCCARTESIANPOINT((0.,-0.60000002384185791,0.));
#2471=IFCDIRECTION((0.,-1.,0.));
#2472=IFCDIRECTION((1.,0.,0.));
#2473=IFCAXIS2PLACEMENT3D(#2470,#2471,#2472);
#2474=IFCDIRECTION((0.,0.,-1.));
#2475=IFCEXTRUDEDAREASOLID(#2469,#2473,#2474,1.2);
#2476=IFCSHAPEREPRESENTATION(#11,'Body','SweptSolid',(#2475));
#2477=IFCCARTESIANPOINT((0.,0.,0.));
#2478=IFCDIRECTION((1.,0.,0.));
#2479=IFCDIRECTION((0.,0.,1.));
#2480=IFCAXIS2PLACEMENT3D(#2477,#2479,#2478);
#2481=IFCREPRESENTATIONMAP(#2480,#2476);
#2482=IFCCARTESIANPOINT((0.,0.,0.));
#2483=IFCDIRECTION((1.,0.,0.));
#2484=IFCDIRECTION((0.,1.,0.));
#2485=IFCDIRECTION((0.,0.,1.));
#2486=IFCCARTESIANTRANSFORMATIONOPERATOR3D(#2483,#2484,#2482,1.,#2485);
#2487=IFCMAPPEDITEM(#2481,#2486);
#2488=IFCSHAPEREPRESENTATION(#11,'Body','MappedRepresentation',(#2487));
#2489=IFCPRODUCTDEFINITIONSHAPE($,$,(#2488));
#2490=IFCRELVOIDSELEMENT('21bVwJzxLBkhPObp2JXnX8',$,$,$,#127,#2461);
#2496=IFCRELFILLSELEMENT('1HHIehdTfDYxWoSy4tIY4P',$,$,$,#2461,#2436);
#2567=IFCCARTESIANPOINT((1.7667440076704526,1.9073486328125E-06,1.));
#2568=IFCDIRECTION((0.,0.,1.));
#2569=IFCDIRECTION((0.9999999999997442,-7.1525573730450454E-07,0.));
#2570=IFCAXIS2PLACEMENT3D(#2567,#2568,#2569);
#2571=IFCLOCALPLACEMENT(#9414,#2570);
#2577=IFCWINDOWTYPE('3dSxxEzg12_f3VVUhaEfTN',$,'Guest-1-GF',$,$,(#2578),(#2580,#2588,#2636),$,$,.WINDOW.,.SINGLE_PANEL.,$,$);
#2578=IFCPROPERTYSET('3h5WRoNeL1oR5St0h9kqSM',$,'BBIM_Window',$,(#2579));
#2579=IFCPROPERTYSINGLEVALUE('Data',$,IFCTEXT('{"window_type": "DOUBLE_PANEL_VERTICAL", "overall_height": 0.8999999761581421, "overall_width": 1.186596155166626, "lining_properties": {"lining_depth": 0.05000000074505806, "lining_thickness": 0.05000000074505806, "lining_offset": 0.05000000074505806, "lining_to_panel_offset_x": 0.02500000037252903, "lining_to_panel_offset_y": 0.02500000037252903, "mullion_thickness": 0.05000000074505806, "first_mullion_offset": 0.6000001430511475}, "panel_properties": {"frame_depth": [0.03500000014901161, 0.03500000014901161, 0.03500000014901161], "frame_thickness": [0.03500000014901161, 0.03500000014901161, 0.03500000014901161]}}'),$);
#2580=IFCREPRESENTATIONMAP(#2581,#2919);
#2581=IFCAXIS2PLACEMENT3D(#2582,#2583,#2584);
#2582=IFCCARTESIANPOINT((0.,0.,0.));
#2583=IFCDIRECTION((0.,0.,1.));
#2584=IFCDIRECTION((1.,0.,0.));
#2588=IFCREPRESENTATIONMAP(#2589,#3000);
#2589=IFCAXIS2PLACEMENT3D(#2590,#2591,#2592);
#2590=IFCCARTESIANPOINT((0.,0.,0.));
#2591=IFCDIRECTION((0.,0.,1.));
#2592=IFCDIRECTION((1.,0.,0.));
#2636=IFCREPRESENTATIONMAP(#2637,#3033);
#2637=IFCAXIS2PLACEMENT3D(#2638,#2639,#2640);
#2638=IFCCARTESIANPOINT((0.,0.,0.));
#2639=IFCDIRECTION((0.,0.,1.));
#2640=IFCDIRECTION((1.,0.,0.));
#2658=IFCWINDOW('2pIuUxxdL2H97ZqKeyCxcj',$,'Window',$,$,#3058,#2668,$,0.89999997615814209,1.186596155166626,$,.DOUBLE_PANEL_VERTICAL.,$);
#2660=IFCRELDEFINESBYTYPE('2E5pMk6uv11OUcZuU1jQsc',$,$,$,(#2658),#2577);
#2661=IFCCARTESIANPOINT((0.,0.,0.));
#2662=IFCDIRECTION((1.,0.,0.));
#2663=IFCDIRECTION((0.,1.,0.));
#2664=IFCDIRECTION((0.,0.,1.));
#2665=IFCCARTESIANTRANSFORMATIONOPERATOR3D(#2662,#2663,#2661,1.,#2664);
#2666=IFCMAPPEDITEM(#2580,#2665);
#2667=IFCSHAPEREPRESENTATION(#18,'Profile','MappedRepresentation',(#2666));
#2668=IFCPRODUCTDEFINITIONSHAPE($,$,(#2667,#2675,#2682));
#2669=IFCCARTESIANPOINT((0.,0.,0.));
#2670=IFCDIRECTION((1.,0.,0.));
#2671=IFCDIRECTION((0.,1.,0.));
#2672=IFCDIRECTION((0.,0.,1.));
#2673=IFCCARTESIANTRANSFORMATIONOPERATOR3D(#2670,#2671,#2669,1.,#2672);
#2674=IFCMAPPEDITEM(#2588,#2673);
#2675=IFCSHAPEREPRESENTATION(#11,'Body','MappedRepresentation',(#2674));
#2676=IFCCARTESIANPOINT((0.,0.,0.));
#2677=IFCDIRECTION((1.,0.,0.));
#2678=IFCDIRECTION((0.,1.,0.));
#2679=IFCDIRECTION((0.,0.,1.));
#2680=IFCCARTESIANTRANSFORMATIONOPERATOR3D(#2677,#2678,#2676,1.,#2679);
#2681=IFCMAPPEDITEM(#2636,#2680);
#2682=IFCSHAPEREPRESENTATION(#24,'Body','MappedRepresentation',(#2681));
#2683=IFCOPENINGELEMENT('1olRmRc$D6yv_bgnWM_m$c',$,'Opening',$,$,#3053,#2711,$,.OPENING.);
#2699=IFCCARTESIANPOINT((0.,0.,0.));
#2700=IFCDIRECTION((1.,0.,0.));
#2701=IFCDIRECTION((0.,0.,1.));
#2702=IFCAXIS2PLACEMENT3D(#2699,#2701,#2700);
#2703=IFCREPRESENTATIONMAP(#2702,#3043);
#2704=IFCCARTESIANPOINT((0.,0.,0.));
#2705=IFCDIRECTION((1.,0.,0.));
#2706=IFCDIRECTION((0.,1.,0.));
#2707=IFCDIRECTION((0.,0.,1.));
#2708=IFCCARTESIANTRANSFORMATIONOPERATOR3D(#2705,#2706,#2704,1.,#2707);
#2709=IFCMAPPEDITEM(#2703,#2708);
#2710=IFCSHAPEREPRESENTATION(#11,'Body','MappedRepresentation',(#2709));
#2711=IFCPRODUCTDEFINITIONSHAPE($,$,(#2710));
#2712=IFCRELVOIDSELEMENT('0IGvH42wPBk8rG1$TaLJrR',$,$,$,#292,#2683);
#2718=IFCRELFILLSELEMENT('30PwJ$0I9Cjet2S24gRMUm',$,$,$,#2683,#2658);
#2772=IFCCARTESIANPOINTLIST2D(((0.60000014305114746,0.),(0.,0.),(0.,0.89999997615814209),(0.60000014305114746,0.89999997615814209),(0.60000014305114746,0.87499997578561306),(0.02500000037252903,0.87499997578561306),(0.02500000037252903,0.02500000037252903),(0.60000014305114746,0.02500000037252903)));
#2773=IFCINDEXEDPOLYCURVE(#2772,(IFCLINEINDEX((1,2,3,4,5,6,7,8,1))),$);
#2774=IFCARBITRARYCLOSEDPROFILEDEF(.AREA.,$,#2773);
#2775=IFCCARTESIANPOINT((0.,0.090000001713633537,0.));
#2776=IFCDIRECTION((0.,-1.,0.));
#2777=IFCDIRECTION((1.,0.,0.));
#2778=IFCAXIS2PLACEMENT3D(#2775,#2776,#2777);
#2779=IFCDIRECTION((0.,0.,-1.));
#2780=IFCEXTRUDEDAREASOLID(#2774,#2778,#2779,0.0099999997764825821);
#2781=IFCCARTESIANPOINTLIST2D(((0.,0.),(0.60000014305114746,0.),(0.60000014305114746,0.89999997615814209),(0.,0.89999997615814209)));
#2782=IFCINDEXEDPOLYCURVE(#2781,(IFCLINEINDEX((1,2,3,4,1))),$);
#2783=IFCCARTESIANPOINTLIST2D(((0.05000000074505806,0.05000000074505806),(0.57500014267861843,0.05000000074505806),(0.57500014267861843,0.84999997541308403),(0.05000000074505806,0.84999997541308403)));
#2784=IFCINDEXEDPOLYCURVE(#2783,(IFCLINEINDEX((1,2,3,4,1))),$);
#2785=IFCARBITRARYPROFILEDEFWITHVOIDS(.AREA.,$,#2782,(#2784));
#2786=IFCCARTESIANPOINT((0.,0.05000000074505806,0.));
#2787=IFCDIRECTION((0.,-1.,0.));
#2788=IFCDIRECTION((1.,0.,0.));
#2789=IFCAXIS2PLACEMENT3D(#2786,#2787,#2788);
#2790=IFCDIRECTION((0.,0.,-1.));
#2791=IFCEXTRUDEDAREASOLID(#2785,#2789,#2790,0.040000000968575478);
#2792=IFCCARTESIANPOINTLIST2D(((0.,0.),(0.57500014267861843,0.),(0.57500014267861843,0.84999997541308403),(0.,0.84999997541308403)));
#2793=IFCINDEXEDPOLYCURVE(#2792,(IFCLINEINDEX((1,2,3,4,1))),$);
#2794=IFCCARTESIANPOINTLIST2D(((0.035000000149011612,0.035000000149011612),(0.54000014252960682,0.035000000149011612),(0.54000014252960682,0.81499997526407242),(0.035000000149011612,0.81499997526407242)));
#2795=IFCINDEXEDPOLYCURVE(#2794,(IFCLINEINDEX((1,2,3,4,1))),$);
#2796=IFCARBITRARYPROFILEDEFWITHVOIDS(.AREA.,$,#2793,(#2795));
#2797=IFCCARTESIANPOINT((0.02500000037252903,0.090000001713633537,0.02500000037252903));
#2798=IFCDIRECTION((0.,-1.,0.));
#2799=IFCDIRECTION((1.,0.,0.));
#2800=IFCAXIS2PLACEMENT3D(#2797,#2798,#2799);
#2801=IFCDIRECTION((0.,0.,-1.));
#2802=IFCEXTRUDEDAREASOLID(#2796,#2800,#2801,0.035000000149011612);
#2803=IFCINDEXEDPOLYCURVE(#2804,(IFCLINEINDEX((1,2,3,4,1))),$);
#2804=IFCCARTESIANPOINTLIST2D(((0.035000000149011612,0.035000000149011612),(0.54000014252960682,0.035000000149011612),(0.54000014252960682,0.81499997526407242),(0.035000000149011612,0.81499997526407242)));
#2805=IFCARBITRARYCLOSEDPROFILEDEF(.AREA.,$,#2803);
#2806=IFCCARTESIANPOINT((0.02500000037252903,0.10250000178813934,0.02500000037252903));
#2807=IFCDIRECTION((0.,-1.,0.));
#2808=IFCDIRECTION((1.,0.,0.));
#2809=IFCAXIS2PLACEMENT3D(#2806,#2807,#2808);
#2810=IFCDIRECTION((0.,0.,-1.));
#2811=IFCEXTRUDEDAREASOLID(#2805,#2809,#2810,0.01);
#2812=IFCCARTESIANPOINTLIST2D(((0.,0.89999997615814209),(0.58659601211547852,0.89999997615814209),(0.58659601211547852,0.),(0.,0.),(0.,0.02500000037252903),(0.56159601174294949,0.02500000037252903),(0.56159601174294949,0.87499997578561306),(0.,0.87499997578561306)));
#2813=IFCINDEXEDPOLYCURVE(#2812,(IFCLINEINDEX((1,2,3,4,5,6,7,8,1))),$);
#2814=IFCARBITRARYCLOSEDPROFILEDEF(.AREA.,$,#2813);
#2815=IFCCARTESIANPOINT((0.60000014305114746,0.090000001713633537,0.));
#2816=IFCDIRECTION((0.,-1.,0.));
#2817=IFCDIRECTION((1.,0.,0.));
#2818=IFCAXIS2PLACEMENT3D(#2815,#2816,#2817);
#2819=IFCDIRECTION((0.,0.,-1.));
#2820=IFCEXTRUDEDAREASOLID(#2814,#2818,#2819,0.0099999997764825821);
#2821=IFCCARTESIANPOINTLIST2D(((0.,0.),(0.58659601211547852,0.),(0.58659601211547852,0.89999997615814209),(0.,0.89999997615814209)));
#2822=IFCINDEXEDPOLYCURVE(#2821,(IFCLINEINDEX((1,2,3,4,1))),$);
#2823=IFCCARTESIANPOINTLIST2D(((0.02500000037252903,0.05000000074505806),(0.53659601137042046,0.05000000074505806),(0.53659601137042046,0.84999997541308403),(0.02500000037252903,0.84999997541308403)));
#2824=IFCINDEXEDPOLYCURVE(#2823,(IFCLINEINDEX((1,2,3,4,1))),$);
#2825=IFCARBITRARYPROFILEDEFWITHVOIDS(.AREA.,$,#2822,(#2824));
#2826=IFCCARTESIANPOINT((0.60000014305114746,0.05000000074505806,0.));
#2827=IFCDIRECTION((0.,-1.,0.));
#2828=IFCDIRECTION((1.,0.,0.));
#2829=IFCAXIS2PLACEMENT3D(#2826,#2827,#2828);
#2830=IFCDIRECTION((0.,0.,-1.));
#2831=IFCEXTRUDEDAREASOLID(#2825,#2829,#2830,0.040000000968575478);
#2832=IFCCARTESIANPOINTLIST2D(((0.,0.),(0.56159601174294949,0.),(0.56159601174294949,0.84999997541308403),(0.,0.84999997541308403)));
#2833=IFCINDEXEDPOLYCURVE(#2832,(IFCLINEINDEX((1,2,3,4,1))),$);
#2834=IFCCARTESIANPOINTLIST2D(((0.035000000149011612,0.035000000149011612),(0.52659601159393787,0.035000000149011612),(0.52659601159393787,0.81499997526407242),(0.035000000149011612,0.81499997526407242)));
#2835=IFCINDEXEDPOLYCURVE(#2834,(IFCLINEINDEX((1,2,3,4,1))),$);
#2836=IFCARBITRARYPROFILEDEFWITHVOIDS(.AREA.,$,#2833,(#2835));
#2837=IFCCARTESIANPOINT((0.60000014305114746,0.090000001713633537,0.02500000037252903));
#2838=IFCDIRECTION((0.,-1.,0.));
#2839=IFCDIRECTION((1.,0.,0.));
#2840=IFCAXIS2PLACEMENT3D(#2837,#2838,#2839);
#2841=IFCDIRECTION((0.,0.,-1.));
#2842=IFCEXTRUDEDAREASOLID(#2836,#2840,#2841,0.035000000149011612);
#2843=IFCINDEXEDPOLYCURVE(#2844,(IFCLINEINDEX((1,2,3,4,1))),$);
#2844=IFCCARTESIANPOINTLIST2D(((0.035000000149011612,0.035000000149011612),(0.52659601159393787,0.035000000149011612),(0.52659601159393787,0.81499997526407242),(0.035000000149011612,0.81499997526407242)));
#2845=IFCARBITRARYCLOSEDPROFILEDEF(.AREA.,$,#2843);
#2846=IFCCARTESIANPOINT((0.60000014305114746,0.10250000178813934,0.02500000037252903));
#2847=IFCDIRECTION((0.,-1.,0.));
#2848=IFCDIRECTION((1.,0.,0.));
#2849=IFCAXIS2PLACEMENT3D(#2846,#2847,#2848);
#2850=IFCDIRECTION((0.,0.,-1.));
#2851=IFCEXTRUDEDAREASOLID(#2845,#2849,#2850,0.01);
#2853=IFCSHAPEREPRESENTATION(#11,'Body','SweptSolid',(#2979,#2968,#2820,#2831,#2939,#2791,#2928,#2780));
#2854=IFCSHAPEASPECT((#2853),'Lining',$,.T.,#2668);
#2855=IFCSHAPEREPRESENTATION(#11,'Body','SweptSolid',(#2802,#2990,#2950,#2842));
#2856=IFCSHAPEASPECT((#2855),'Framing',$,.T.,#2668);
#2857=IFCSHAPEREPRESENTATION(#11,'Body','SweptSolid',(#2851,#2811,#2999,#2959));
#2858=IFCSHAPEASPECT((#2857),'Glazing',$,.T.,#2668);
#2917=IFCCARTESIANPOINTLIST3D(((0.,0.,0.),(1.186596155166626,0.,0.),(1.186596155166626,0.,0.89999997615814209),(0.,0.,0.89999997615814209)));
#2918=IFCINDEXEDPOLYCURVE(#2917,(IFCLINEINDEX((1,2,3,4,1))),$);
#2919=IFCSHAPEREPRESENTATION(#18,'Profile','Curve3D',(#2918));
#2920=IFCCARTESIANPOINTLIST2D(((0.60000014305114746,0.),(0.,0.),(0.,0.89999997615814209),(0.60000014305114746,0.89999997615814209),(0.60000014305114746,0.87499997578561306),(0.02500000037252903,0.87499997578561306),(0.02500000037252903,0.02500000037252903),(0.60000014305114746,0.02500000037252903)));
#2921=IFCINDEXEDPOLYCURVE(#2920,(IFCLINEINDEX((1,2,3,4,5,6,7,8,1))),$);
#2922=IFCARBITRARYCLOSEDPROFILEDEF(.AREA.,$,#2921);
#2923=IFCCARTESIANPOINT((0.,0.090000001713633537,0.));
#2924=IFCDIRECTION((0.,-1.,0.));
#2925=IFCDIRECTION((1.,0.,0.));
#2926=IFCAXIS2PLACEMENT3D(#2923,#2924,#2925);
#2927=IFCDIRECTION((0.,0.,-1.));
#2928=IFCEXTRUDEDAREASOLID(#2922,#2926,#2927,0.0099999997764825821);
#2929=IFCCARTESIANPOINTLIST2D(((0.,0.),(0.60000014305114746,0.),(0.60000014305114746,0.89999997615814209),(0.,0.89999997615814209)));
#2930=IFCINDEXEDPOLYCURVE(#2929,(IFCLINEINDEX((1,2,3,4,1))),$);
#2931=IFCCARTESIANPOINTLIST2D(((0.05000000074505806,0.05000000074505806),(0.57500014267861843,0.05000000074505806),(0.57500014267861843,0.84999997541308403),(0.05000000074505806,0.84999997541308403)));
#2932=IFCINDEXEDPOLYCURVE(#2931,(IFCLINEINDEX((1,2,3,4,1))),$);
#2933=IFCARBITRARYPROFILEDEFWITHVOIDS(.AREA.,$,#2930,(#2932));
#2934=IFCCARTESIANPOINT((0.,0.05000000074505806,0.));
#2935=IFCDIRECTION((0.,-1.,0.));
#2936=IFCDIRECTION((1.,0.,0.));
#2937=IFCAXIS2PLACEMENT3D(#2934,#2935,#2936);
#2938=IFCDIRECTION((0.,0.,-1.));
#2939=IFCEXTRUDEDAREASOLID(#2933,#2937,#2938,0.040000000968575478);
#2940=IFCCARTESIANPOINTLIST2D(((0.,0.),(0.57500014267861843,0.),(0.57500014267861843,0.84999997541308403),(0.,0.84999997541308403)));
#2941=IFCINDEXEDPOLYCURVE(#2940,(IFCLINEINDEX((1,2,3,4,1))),$);
#2942=IFCCARTESIANPOINTLIST2D(((0.035000000149011612,0.035000000149011612),(0.54000014252960682,0.035000000149011612),(0.54000014252960682,0.81499997526407242),(0.035000000149011612,0.81499997526407242)));
#2943=IFCINDEXEDPOLYCURVE(#2942,(IFCLINEINDEX((1,2,3,4,1))),$);
#2944=IFCARBITRARYPROFILEDEFWITHVOIDS(.AREA.,$,#2941,(#2943));
#2945=IFCCARTESIANPOINT((0.02500000037252903,0.090000001713633537,0.02500000037252903));
#2946=IFCDIRECTION((0.,-1.,0.));
#2947=IFCDIRECTION((1.,0.,0.));
#2948=IFCAXIS2PLACEMENT3D(#2945,#2946,#2947);
#2949=IFCDIRECTION((0.,0.,-1.));
#2950=IFCEXTRUDEDAREASOLID(#2944,#2948,#2949,0.035000000149011612);
#2951=IFCINDEXEDPOLYCURVE(#2952,(IFCLINEINDEX((1,2,3,4,1))),$);
#2952=IFCCARTESIANPOINTLIST2D(((0.035000000149011612,0.035000000149011612),(0.54000014252960682,0.035000000149011612),(0.54000014252960682,0.81499997526407242),(0.035000000149011612,0.81499997526407242)));
#2953=IFCARBITRARYCLOSEDPROFILEDEF(.AREA.,$,#2951);
#2954=IFCCARTESIANPOINT((0.02500000037252903,0.10250000178813934,0.02500000037252903));
#2955=IFCDIRECTION((0.,-1.,0.));
#2956=IFCDIRECTION((1.,0.,0.));
#2957=IFCAXIS2PLACEMENT3D(#2954,#2955,#2956);
#2958=IFCDIRECTION((0.,0.,-1.));
#2959=IFCEXTRUDEDAREASOLID(#2953,#2957,#2958,0.01);
#2960=IFCCARTESIANPOINTLIST2D(((0.,0.89999997615814209),(0.58659601211547852,0.89999997615814209),(0.58659601211547852,0.),(0.,0.),(0.,0.02500000037252903),(0.56159601174294949,0.02500000037252903),(0.56159601174294949,0.87499997578561306),(0.,0.87499997578561306)));
#2961=IFCINDEXEDPOLYCURVE(#2960,(IFCLINEINDEX((1,2,3,4,5,6,7,8,1))),$);
#2962=IFCARBITRARYCLOSEDPROFILEDEF(.AREA.,$,#2961);
#2963=IFCCARTESIANPOINT((0.60000014305114746,0.090000001713633537,0.));
#2964=IFCDIRECTION((0.,-1.,0.));
#2965=IFCDIRECTION((1.,0.,0.));
#2966=IFCAXIS2PLACEMENT3D(#2963,#2964,#2965);
#2967=IFCDIRECTION((0.,0.,-1.));
#2968=IFCEXTRUDEDAREASOLID(#2962,#2966,#2967,0.0099999997764825821);
#2969=IFCCARTESIANPOINTLIST2D(((0.,0.),(0.58659601211547852,0.),(0.58659601211547852,0.89999997615814209),(0.,0.89999997615814209)));
#2970=IFCINDEXEDPOLYCURVE(#2969,(IFCLINEINDEX((1,2,3,4,1))),$);
#2971=IFCCARTESIANPOINTLIST2D(((0.02500000037252903,0.05000000074505806),(0.53659601137042046,0.05000000074505806),(0.53659601137042046,0.84999997541308403),(0.02500000037252903,0.84999997541308403)));
#2972=IFCINDEXEDPOLYCURVE(#2971,(IFCLINEINDEX((1,2,3,4,1))),$);
#2973=IFCARBITRARYPROFILEDEFWITHVOIDS(.AREA.,$,#2970,(#2972));
#2974=IFCCARTESIANPOINT((0.60000014305114746,0.05000000074505806,0.));
#2975=IFCDIRECTION((0.,-1.,0.));
#2976=IFCDIRECTION((1.,0.,0.));
#2977=IFCAXIS2PLACEMENT3D(#2974,#2975,#2976);
#2978=IFCDIRECTION((0.,0.,-1.));
#2979=IFCEXTRUDEDAREASOLID(#2973,#2977,#2978,0.040000000968575478);
#2980=IFCCARTESIANPOINTLIST2D(((0.,0.),(0.56159601174294949,0.),(0.56159601174294949,0.84999997541308403),(0.,0.84999997541308403)));
#2981=IFCINDEXEDPOLYCURVE(#2980,(IFCLINEINDEX((1,2,3,4,1))),$);
#2982=IFCCARTESIANPOINTLIST2D(((0.035000000149011612,0.035000000149011612),(0.52659601159393787,0.035000000149011612),(0.52659601159393787,0.81499997526407242),(0.035000000149011612,0.81499997526407242)));
#2983=IFCINDEXEDPOLYCURVE(#2982,(IFCLINEINDEX((1,2,3,4,1))),$);
#2984=IFCARBITRARYPROFILEDEFWITHVOIDS(.AREA.,$,#2981,(#2983));
#2985=IFCCARTESIANPOINT((0.60000014305114746,0.090000001713633537,0.02500000037252903));
#2986=IFCDIRECTION((0.,-1.,0.));
#2987=IFCDIRECTION((1.,0.,0.));
#2988=IFCAXIS2PLACEMENT3D(#2985,#2986,#2987);
#2989=IFCDIRECTION((0.,0.,-1.));
#2990=IFCEXTRUDEDAREASOLID(#2984,#2988,#2989,0.035000000149011612);
#2991=IFCINDEXEDPOLYCURVE(#2992,(IFCLINEINDEX((1,2,3,4,1))),$);
#2992=IFCCARTESIANPOINTLIST2D(((0.035000000149011612,0.035000000149011612),(0.52659601159393787,0.035000000149011612),(0.52659601159393787,0.81499997526407242),(0.035000000149011612,0.81499997526407242)));
#2993=IFCARBITRARYCLOSEDPROFILEDEF(.AREA.,$,#2991);
#2994=IFCCARTESIANPOINT((0.60000014305114746,0.10250000178813934,0.02500000037252903));
#2995=IFCDIRECTION((0.,-1.,0.));
#2996=IFCDIRECTION((1.,0.,0.));
#2997=IFCAXIS2PLACEMENT3D(#2994,#2995,#2996);
#2998=IFCDIRECTION((0.,0.,-1.));
#2999=IFCEXTRUDEDAREASOLID(#2993,#2997,#2998,0.01);
#3000=IFCSHAPEREPRESENTATION(#11,'Body','SweptSolid',(#2928,#2939,#2950,#2959,#2968,#2979,#2990,#2999));
#3001=IFCCARTESIANPOINTLIST2D(((0.05000000074505806,0.05000000074505806),(0.57500014267861843,0.05000000074505806)));
#3002=IFCINDEXEDPOLYCURVE(#3001,$,$);
#3003=IFCCARTESIANPOINTLIST2D(((0.,0.10000000149011612),(0.02500000037252903,0.10000000149011612),(0.02500000037252903,0.090000001713633537),(0.05000000074505806,0.090000001713633537),(0.05000000074505806,0.05000000074505806),(0.,0.05000000074505806)));
#3004=IFCINDEXEDPOLYCURVE(#3003,(IFCLINEINDEX((1,2,3,4,5,6,1))),$);
#3005=IFCCARTESIANPOINTLIST2D(((0.60000014305114746,0.10000000149011612),(0.60000014305114746,0.10000000149011612),(0.60000014305114746,0.090000001713633537),(0.57500014267861843,0.090000001713633537),(0.57500014267861843,0.05000000074505806),(0.60000014305114746,0.05000000074505806)));
#3006=IFCINDEXEDPOLYCURVE(#3005,$,$);
#3007=IFCCARTESIANPOINTLIST2D(((0.02500000037252903,0.090000001713633537),(0.060000000521540642,0.090000001713633537),(0.060000000521540642,0.12500000186264515),(0.02500000037252903,0.12500000186264515)));
#3008=IFCINDEXEDPOLYCURVE(#3007,(IFCLINEINDEX((1,2,3,4,1))),$);
#3009=IFCINDEXEDPOLYCURVE(#3010,(IFCLINEINDEX((1,2,3,4,1))),$);
#3010=IFCCARTESIANPOINTLIST2D(((0.60000014305114746,0.090000001713633537),(0.56500014290213585,0.090000001713633537),(0.56500014290213585,0.12500000186264515),(0.60000014305114746,0.12500000186264515)));
#3011=IFCCARTESIANPOINTLIST2D(((0.060000000521540642,0.090000001713633537),(0.56500014290213585,0.090000001713633537)));
#3012=IFCINDEXEDPOLYCURVE(#3011,$,$);
#3013=IFCINDEXEDPOLYCURVE(#3014,$,$);
#3014=IFCCARTESIANPOINTLIST2D(((0.060000000521540642,0.12500000186264515),(0.56500014290213585,0.12500000186264515)));
#3015=IFCINDEXEDPOLYCURVE(#3016,$,$);
#3016=IFCCARTESIANPOINTLIST2D(((0.060000000521540642,0.10750000178813934),(0.56500014290213585,0.10750000178813934)));
#3017=IFCCARTESIANPOINTLIST2D(((0.62500014342367649,0.05000000074505806),(1.1365961544215679,0.05000000074505806)));
#3018=IFCINDEXEDPOLYCURVE(#3017,$,$);
#3019=IFCCARTESIANPOINTLIST2D(((0.60000014305114746,0.10000000149011612),(0.60000014305114746,0.10000000149011612),(0.60000014305114746,0.090000001713633537),(0.62500014342367649,0.090000001713633537),(0.62500014342367649,0.05000000074505806),(0.60000014305114746,0.05000000074505806)));
#3020=IFCINDEXEDPOLYCURVE(#3019,$,$);
#3021=IFCCARTESIANPOINTLIST2D(((1.186596155166626,0.10000000149011612),(1.1615961547940969,0.10000000149011612),(1.1615961547940969,0.090000001713633537),(1.1365961544215679,0.090000001713633537),(1.1365961544215679,0.05000000074505806),(1.186596155166626,0.05000000074505806)));
#3022=IFCINDEXEDPOLYCURVE(#3021,(IFCLINEINDEX((1,2,3,4,5,6,1))),$);
#3023=IFCCARTESIANPOINTLIST2D(((0.60000014305114746,0.090000001713633537),(0.63500014320015907,0.090000001713633537),(0.63500014320015907,0.12500000186264515),(0.60000014305114746,0.12500000186264515)));
#3024=IFCINDEXEDPOLYCURVE(#3023,(IFCLINEINDEX((1,2,3,4,1))),$);
#3025=IFCINDEXEDPOLYCURVE(#3026,(IFCLINEINDEX((1,2,3,4,1))),$);
#3026=IFCCARTESIANPOINTLIST2D(((1.1615961547940969,0.090000001713633537),(1.1265961546450853,0.090000001713633537),(1.1265961546450853,0.12500000186264515),(1.1615961547940969,0.12500000186264515)));
#3027=IFCCARTESIANPOINTLIST2D(((0.63500014320015907,0.090000001713633537),(1.1265961546450853,0.090000001713633537)));
#3028=IFCINDEXEDPOLYCURVE(#3027,$,$);
#3029=IFCINDEXEDPOLYCURVE(#3030,$,$);
#3030=IFCCARTESIANPOINTLIST2D(((0.63500014320015907,0.12500000186264515),(1.1265961546450853,0.12500000186264515)));
#3031=IFCINDEXEDPOLYCURVE(#3032,$,$);
#3032=IFCCARTESIANPOINTLIST2D(((0.63500014320015907,0.10750000178813934),(1.1265961546450853,0.10750000178813934)));
#3033=IFCSHAPEREPRESENTATION(#24,'Body','Curve2D',(#3002,#3004,#3006,#3008,#3009,#3012,#3013,#3015,#3018,#3020,#3022,#3024,#3025,#3028,#3029,#3031));
#3034=IFCCARTESIANPOINTLIST2D(((0.,0.),(1.186596155166626,0.),(1.186596155166626,0.89999997615814209),(0.,0.89999997615814209)));
#3035=IFCINDEXEDPOLYCURVE(#3034,(IFCLINEINDEX((1,2,3,4,1))),$);
#3036=IFCARBITRARYCLOSEDPROFILEDEF(.AREA.,$,#3035);
#3037=IFCCARTESIANPOINT((0.,-0.60000002384185791,0.));
#3038=IFCDIRECTION((0.,-1.,0.));
#3039=IFCDIRECTION((1.,0.,0.));
#3040=IFCAXIS2PLACEMENT3D(#3037,#3038,#3039);
#3041=IFCDIRECTION((0.,0.,-1.));
#3042=IFCEXTRUDEDAREASOLID(#3036,#3040,#3041,1.2);
#3043=IFCSHAPEREPRESENTATION(#11,'Body','SweptSolid',(#3042));
#3049=IFCCARTESIANPOINT((1.0424488471019391,1.2218952178955078E-06,1.));
#3050=IFCDIRECTION((0.,0.,1.));
#3051=IFCDIRECTION((0.99999999999988631,-4.7683715820307079E-07,0.));
#3052=IFCAXIS2PLACEMENT3D(#3049,#3050,#3051);
#3053=IFCLOCALPLACEMENT(#9379,#3052);
#3054=IFCCARTESIANPOINT((0.,0.,0.));
#3055=IFCDIRECTION((0.,0.,1.));
#3056=IFCDIRECTION((1.,0.,0.));
#3057=IFCAXIS2PLACEMENT3D(#3054,#3055,#3056);
#3058=IFCLOCALPLACEMENT(#3053,#3057);
#3059=IFCWINDOWTYPE('3hQ8L7IiT5cAljqXkha4tn',$,'Guest-2-GF',$,$,(#3060),(#3062,#3070,#3118),$,$,.WINDOW.,.SINGLE_PANEL.,$,$);
#3060=IFCPROPERTYSET('0PG6rsCX5Cv88cDHlw9xO6',$,'BBIM_Window',$,(#3061));
#3061=IFCPROPERTYSINGLEVALUE('Data',$,IFCTEXT('{"window_type": "SINGLE_PANEL", "overall_height": 0.8999999761581421, "overall_width": 0.8035352230072021, "lining_properties": {"lining_depth": 0.05000000074505806, "lining_thickness": 0.05000000074505806, "lining_offset": 0.05000000074505806, "lining_to_panel_offset_x": 0.02500000037252903, "lining_to_panel_offset_y": 0.02500000037252903}, "panel_properties": {"frame_depth": [0.03500000014901161, 0.03500000014901161, 0.03500000014901161], "frame_thickness": [0.03500000014901161, 0.03500000014901161, 0.03500000014901161]}}'),$);
#3062=IFCREPRESENTATIONMAP(#3063,#3223);
#3063=IFCAXIS2PLACEMENT3D(#3064,#3065,#3066);
#3064=IFCCARTESIANPOINT((0.,0.,0.));
#3065=IFCDIRECTION((0.,0.,1.));
#3066=IFCDIRECTION((1.,0.,0.));
#3070=IFCREPRESENTATIONMAP(#3071,#3266);
#3071=IFCAXIS2PLACEMENT3D(#3072,#3073,#3074);
#3072=IFCCARTESIANPOINT((0.,0.,0.));
#3073=IFCDIRECTION((0.,0.,1.));
#3074=IFCDIRECTION((1.,0.,0.));
#3118=IFCREPRESENTATIONMAP(#3119,#3289);
#3119=IFCAXIS2PLACEMENT3D(#3120,#3121,#3122);
#3120=IFCCARTESIANPOINT((0.,0.,0.));
#3121=IFCDIRECTION((0.,0.,1.));
#3122=IFCDIRECTION((1.,0.,0.));
#3140=IFCWINDOW('2tzFSjnF1CAQzqVinGjVaw',$,'Window',$,$,#3314,#3150,$,0.89999997615814209,0.80353522300720215,$,.SINGLE_PANEL.,$);
#3142=IFCRELDEFINESBYTYPE('2q5MWvU_T6W98ynPo5vy2z',$,$,$,(#3140),#3059);
#3143=IFCCARTESIANPOINT((0.,0.,0.));
#3144=IFCDIRECTION((1.,0.,0.));
#3145=IFCDIRECTION((0.,1.,0.));
#3146=IFCDIRECTION((0.,0.,1.));
#3147=IFCCARTESIANTRANSFORMATIONOPERATOR3D(#3144,#3145,#3143,1.,#3146);
#3148=IFCMAPPEDITEM(#3062,#3147);
#3149=IFCSHAPEREPRESENTATION(#18,'Profile','MappedRepresentation',(#3148));
#3150=IFCPRODUCTDEFINITIONSHAPE($,$,(#3149,#3157,#3164));
#3151=IFCCARTESIANPOINT((0.,0.,0.));
#3152=IFCDIRECTION((1.,0.,0.));
#3153=IFCDIRECTION((0.,1.,0.));
#3154=IFCDIRECTION((0.,0.,1.));
#3155=IFCCARTESIANTRANSFORMATIONOPERATOR3D(#3152,#3153,#3151,1.,#3154);
#3156=IFCMAPPEDITEM(#3070,#3155);
#3157=IFCSHAPEREPRESENTATION(#11,'Body','MappedRepresentation',(#3156));
#3158=IFCCARTESIANPOINT((0.,0.,0.));
#3159=IFCDIRECTION((1.,0.,0.));
#3160=IFCDIRECTION((0.,1.,0.));
#3161=IFCDIRECTION((0.,0.,1.));
#3162=IFCCARTESIANTRANSFORMATIONOPERATOR3D(#3159,#3160,#3158,1.,#3161);
#3163=IFCMAPPEDITEM(#3118,#3162);
#3164=IFCSHAPEREPRESENTATION(#24,'Body','MappedRepresentation',(#3163));
#3165=IFCOPENINGELEMENT('2T8cJIenL1yRJ4SXDxh_yE',$,'Opening',$,$,#3309,#3193,$,.OPENING.);
#3181=IFCCARTESIANPOINT((0.,0.,0.));
#3182=IFCDIRECTION((1.,0.,0.));
#3183=IFCDIRECTION((0.,0.,1.));
#3184=IFCAXIS2PLACEMENT3D(#3181,#3183,#3182);
#3185=IFCREPRESENTATIONMAP(#3184,#3299);
#3186=IFCCARTESIANPOINT((0.,0.,0.));
#3187=IFCDIRECTION((1.,0.,0.));
#3188=IFCDIRECTION((0.,1.,0.));
#3189=IFCDIRECTION((0.,0.,1.));
#3190=IFCCARTESIANTRANSFORMATIONOPERATOR3D(#3187,#3188,#3186,1.,#3189);
#3191=IFCMAPPEDITEM(#3185,#3190);
#3192=IFCSHAPEREPRESENTATION(#11,'Body','MappedRepresentation',(#3191));
#3193=IFCPRODUCTDEFINITIONSHAPE($,$,(#3192));
#3194=IFCRELVOIDSELEMENT('144WecivDB6BkeC2Oh8SvC',$,$,$,#267,#3165);
#3200=IFCRELFILLSELEMENT('3$NCU_7Gb3Ev9LeDMu3OzV',$,$,$,#3165,#3140);
#3221=IFCCARTESIANPOINTLIST3D(((0.,0.,0.),(0.80353522300720215,0.,0.),(0.80353522300720215,0.,0.89999997615814209),(0.,0.,0.89999997615814209)));
#3222=IFCINDEXEDPOLYCURVE(#3221,(IFCLINEINDEX((1,2,3,4,1))),$);
#3223=IFCSHAPEREPRESENTATION(#18,'Profile','Curve3D',(#3222));
#3224=IFCCARTESIANPOINTLIST2D(((0.,0.),(0.80353522300720215,0.),(0.80353522300720215,0.89999997615814209),(0.,0.89999997615814209)));
#3225=IFCINDEXEDPOLYCURVE(#3224,(IFCLINEINDEX((1,2,3,4,1))),$);
#3226=IFCCARTESIANPOINTLIST2D(((0.02500000037252903,0.02500000037252903),(0.77853522263467312,0.02500000037252903),(0.77853522263467312,0.87499997578561306),(0.02500000037252903,0.87499997578561306)));
#3227=IFCINDEXEDPOLYCURVE(#3226,(IFCLINEINDEX((1,2,3,4,1))),$);
#3228=IFCARBITRARYPROFILEDEFWITHVOIDS(.AREA.,$,#3225,(#3227));
#3229=IFCCARTESIANPOINT((0.,0.090000001713633537,0.));
#3230=IFCDIRECTION((0.,-1.,0.));
#3231=IFCDIRECTION((1.,0.,0.));
#3232=IFCAXIS2PLACEMENT3D(#3229,#3230,#3231);
#3233=IFCDIRECTION((0.,0.,-1.));
#3234=IFCEXTRUDEDAREASOLID(#3228,#3232,#3233,0.0099999997764825821);
#3235=IFCCARTESIANPOINTLIST2D(((0.,0.),(0.80353522300720215,0.),(0.80353522300720215,0.89999997615814209),(0.,0.89999997615814209)));
#3236=IFCINDEXEDPOLYCURVE(#3235,(IFCLINEINDEX((1,2,3,4,1))),$);
#3237=IFCCARTESIANPOINTLIST2D(((0.05000000074505806,0.05000000074505806),(0.75353522226214409,0.05000000074505806),(0.75353522226214409,0.84999997541308403),(0.05000000074505806,0.84999997541308403)));
#3238=IFCINDEXEDPOLYCURVE(#3237,(IFCLINEINDEX((1,2,3,4,1))),$);
#3239=IFCARBITRARYPROFILEDEFWITHVOIDS(.AREA.,$,#3236,(#3238));
#3240=IFCCARTESIANPOINT((0.,0.05000000074505806,0.));
#3241=IFCDIRECTION((0.,-1.,0.));
#3242=IFCDIRECTION((1.,0.,0.));
#3243=IFCAXIS2PLACEMENT3D(#3240,#3241,#3242);
#3244=IFCDIRECTION((0.,0.,-1.));
#3245=IFCEXTRUDEDAREASOLID(#3239,#3243,#3244,0.040000000968575478);
#3246=IFCCARTESIANPOINTLIST2D(((0.,0.),(0.75353522226214409,0.),(0.75353522226214409,0.84999997541308403),(0.,0.84999997541308403)));
#3247=IFCINDEXEDPOLYCURVE(#3246,(IFCLINEINDEX((1,2,3,4,1))),$);
#3248=IFCCARTESIANPOINTLIST2D(((0.035000000149011612,0.035000000149011612),(0.71853522211313248,0.035000000149011612),(0.71853522211313248,0.81499997526407242),(0.035000000149011612,0.81499997526407242)));
#3249=IFCINDEXEDPOLYCURVE(#3248,(IFCLINEINDEX((1,2,3,4,1))),$);
#3250=IFCARBITRARYPROFILEDEFWITHVOIDS(.AREA.,$,#3247,(#3249));
#3251=IFCCARTESIANPOINT((0.02500000037252903,0.090000001713633537,0.02500000037252903));
#3252=IFCDIRECTION((0.,-1.,0.));
#3253=IFCDIRECTION((1.,0.,0.));
#3254=IFCAXIS2PLACEMENT3D(#3251,#3252,#3253);
#3255=IFCDIRECTION((0.,0.,-1.));
#3256=IFCEXTRUDEDAREASOLID(#3250,#3254,#3255,0.035000000149011612);
#3257=IFCINDEXEDPOLYCURVE(#3258,(IFCLINEINDEX((1,2,3,4,1))),$);
#3258=IFCCARTESIANPOINTLIST2D(((0.035000000149011612,0.035000000149011612),(0.71853522211313248,0.035000000149011612),(0.71853522211313248,0.81499997526407242),(0.035000000149011612,0.81499997526407242)));
#3259=IFCARBITRARYCLOSEDPROFILEDEF(.AREA.,$,#3257);
#3260=IFCCARTESIANPOINT((0.02500000037252903,0.10250000178813934,0.02500000037252903));
#3261=IFCDIRECTION((0.,-1.,0.));
#3262=IFCDIRECTION((1.,0.,0.));
#3263=IFCAXIS2PLACEMENT3D(#3260,#3261,#3262);
#3264=IFCDIRECTION((0.,0.,-1.));
#3265=IFCEXTRUDEDAREASOLID(#3259,#3263,#3264,0.01);
#3266=IFCSHAPEREPRESENTATION(#11,'Body','SweptSolid',(#3234,#3245,#3256,#3265));
#3267=IFCSHAPEREPRESENTATION(#11,'Body','SweptSolid',(#3234,#3245));
#3268=IFCSHAPEASPECT((#3267),'Lining',$,.T.,#3150);
#3269=IFCSHAPEREPRESENTATION(#11,'Body','SweptSolid',(#3256));
#3270=IFCSHAPEASPECT((#3269),'Framing',$,.T.,#3150);
#3271=IFCSHAPEREPRESENTATION(#11,'Body','SweptSolid',(#3265));
#3272=IFCSHAPEASPECT((#3271),'Glazing',$,.T.,#3150);
#3273=IFCCARTESIANPOINTLIST2D(((0.05000000074505806,0.05000000074505806),(0.75353522226214409,0.05000000074505806)));
#3274=IFCINDEXEDPOLYCURVE(#3273,$,$);
#3275=IFCCARTESIANPOINTLIST2D(((0.,0.10000000149011612),(0.02500000037252903,0.10000000149011612),(0.02500000037252903,0.090000001713633537),(0.05000000074505806,0.090000001713633537),(0.05000000074505806,0.05000000074505806),(0.,0.05000000074505806)));
#3276=IFCINDEXEDPOLYCURVE(#3275,(IFCLINEINDEX((1,2,3,4,5,6,1))),$);
#3277=IFCCARTESIANPOINTLIST2D(((0.80353522300720215,0.10000000149011612),(0.77853522263467312,0.10000000149011612),(0.77853522263467312,0.090000001713633537),(0.75353522226214409,0.090000001713633537),(0.75353522226214409,0.05000000074505806),(0.80353522300720215,0.05000000074505806)));
#3278=IFCINDEXEDPOLYCURVE(#3277,(IFCLINEINDEX((1,2,3,4,5,6,1))),$);
#3279=IFCCARTESIANPOINTLIST2D(((0.02500000037252903,0.090000001713633537),(0.060000000521540642,0.090000001713633537),(0.060000000521540642,0.12500000186264515),(0.02500000037252903,0.12500000186264515)));
#3280=IFCINDEXEDPOLYCURVE(#3279,(IFCLINEINDEX((1,2,3,4,1))),$);
#3281=IFCINDEXEDPOLYCURVE(#3282,(IFCLINEINDEX((1,2,3,4,1))),$);
#3282=IFCCARTESIANPOINTLIST2D(((0.77853522263467312,0.090000001713633537),(0.74353522248566151,0.090000001713633537),(0.74353522248566151,0.12500000186264515),(0.77853522263467312,0.12500000186264515)));
#3283=IFCCARTESIANPOINTLIST2D(((0.060000000521540642,0.090000001713633537),(0.74353522248566151,0.090000001713633537)));
#3284=IFCINDEXEDPOLYCURVE(#3283,$,$);
#3285=IFCINDEXEDPOLYCURVE(#3286,$,$);
#3286=IFCCARTESIANPOINTLIST2D(((0.060000000521540642,0.12500000186264515),(0.74353522248566151,0.12500000186264515)));
#3287=IFCINDEXEDPOLYCURVE(#3288,$,$);
#3288=IFCCARTESIANPOINTLIST2D(((0.060000000521540642,0.10750000178813934),(0.74353522248566151,0.10750000178813934)));
#3289=IFCSHAPEREPRESENTATION(#24,'Body','Curve2D',(#3274,#3276,#3278,#3280,#3281,#3284,#3285,#3287));
#3290=IFCCARTESIANPOINTLIST2D(((0.,0.),(0.80353522300720215,0.),(0.80353522300720215,0.89999997615814209),(0.,0.89999997615814209)));
#3291=IFCINDEXEDPOLYCURVE(#3290,(IFCLINEINDEX((1,2,3,4,1))),$);
#3292=IFCARBITRARYCLOSEDPROFILEDEF(.AREA.,$,#3291);
#3293=IFCCARTESIANPOINT((0.,-0.60000002384185791,0.));
#3294=IFCDIRECTION((0.,-1.,0.));
#3295=IFCDIRECTION((1.,0.,0.));
#3296=IFCAXIS2PLACEMENT3D(#3293,#3294,#3295);
#3297=IFCDIRECTION((0.,0.,-1.));
#3298=IFCEXTRUDEDAREASOLID(#3292,#3296,#3297,1.2);
#3299=IFCSHAPEREPRESENTATION(#11,'Body','SweptSolid',(#3298));
#3305=IFCCARTESIANPOINT((3.052907895635022,7.2318624599887471E-07,1.));
#3306=IFCDIRECTION((0.,0.,1.));
#3307=IFCDIRECTION((0.99999999999999289,1.1920928244535129E-07,0.));
#3308=IFCAXIS2PLACEMENT3D(#3305,#3306,#3307);
#3309=IFCLOCALPLACEMENT(#9374,#3308);
#3310=IFCCARTESIANPOINT((-4.4408920985006262E-16,0.,0.));
#3311=IFCDIRECTION((0.,0.,1.));
#3312=IFCDIRECTION((1.,0.,0.));
#3313=IFCAXIS2PLACEMENT3D(#3310,#3311,#3312);
#3314=IFCLOCALPLACEMENT(#3309,#3313);
#3315=IFCWINDOWTYPE('1LYqOYp599MQhxGuIMHBEU',$,'Maid-GF',$,$,(#3316),(#3318,#3326,#3374),$,$,.WINDOW.,.SINGLE_PANEL.,$,$);
#3316=IFCPROPERTYSET('1oxQYVOlT1g8kiVXf4JO3q',$,'BBIM_Window',$,(#3317));
#3317=IFCPROPERTYSINGLEVALUE('Data',$,IFCTEXT('{"window_type": "SINGLE_PANEL", "overall_height": 0.8999999761581421, "overall_width": 0.787175714969635, "lining_properties": {"lining_depth": 0.05000000074505806, "lining_thickness": 0.05000000074505806, "lining_offset": 0.05000000074505806, "lining_to_panel_offset_x": 0.02500000037252903, "lining_to_panel_offset_y": 0.02500000037252903}, "panel_properties": {"frame_depth": [0.03500000014901161, 0.03500000014901161, 0.03500000014901161], "frame_thickness": [0.03500000014901161, 0.03500000014901161, 0.03500000014901161]}}'),$);
#3318=IFCREPRESENTATIONMAP(#3319,#3509);
#3319=IFCAXIS2PLACEMENT3D(#3320,#3321,#3322);
#3320=IFCCARTESIANPOINT((0.,0.,0.));
#3321=IFCDIRECTION((0.,0.,1.));
#3322=IFCDIRECTION((1.,0.,0.));
#3326=IFCREPRESENTATIONMAP(#3327,#3552);
#3327=IFCAXIS2PLACEMENT3D(#3328,#3329,#3330);
#3328=IFCCARTESIANPOINT((0.,0.,0.));
#3329=IFCDIRECTION((0.,0.,1.));
#3330=IFCDIRECTION((1.,0.,0.));
#3374=IFCREPRESENTATIONMAP(#3375,#3575);
#3375=IFCAXIS2PLACEMENT3D(#3376,#3377,#3378);
#3376=IFCCARTESIANPOINT((0.,0.,0.));
#3377=IFCDIRECTION((0.,0.,1.));
#3378=IFCDIRECTION((1.,0.,0.));
#3396=IFCWINDOW('032zQjO$P2KuddkcIAAsCx',$,'Window',$,$,#3600,#3406,$,0.89999997615814209,0.78717571496963501,$,.SINGLE_PANEL.,$);
#3398=IFCRELDEFINESBYTYPE('3lC8angizFRxAGaCR90$nX',$,$,$,(#3396),#3315);
#3399=IFCCARTESIANPOINT((0.,0.,0.));
#3400=IFCDIRECTION((1.,0.,0.));
#3401=IFCDIRECTION((0.,1.,0.));
#3402=IFCDIRECTION((0.,0.,1.));
#3403=IFCCARTESIANTRANSFORMATIONOPERATOR3D(#3400,#3401,#3399,1.,#3402);
#3404=IFCMAPPEDITEM(#3318,#3403);
#3405=IFCSHAPEREPRESENTATION(#18,'Profile','MappedRepresentation',(#3404));
#3406=IFCPRODUCTDEFINITIONSHAPE($,$,(#3405,#3413,#3420));
#3407=IFCCARTESIANPOINT((0.,0.,0.));
#3408=IFCDIRECTION((1.,0.,0.));
#3409=IFCDIRECTION((0.,1.,0.));
#3410=IFCDIRECTION((0.,0.,1.));
#3411=IFCCARTESIANTRANSFORMATIONOPERATOR3D(#3408,#3409,#3407,1.,#3410);
#3412=IFCMAPPEDITEM(#3326,#3411);
#3413=IFCSHAPEREPRESENTATION(#11,'Body','MappedRepresentation',(#3412));
#3414=IFCCARTESIANPOINT((0.,0.,0.));
#3415=IFCDIRECTION((1.,0.,0.));
#3416=IFCDIRECTION((0.,1.,0.));
#3417=IFCDIRECTION((0.,0.,1.));
#3418=IFCCARTESIANTRANSFORMATIONOPERATOR3D(#3415,#3416,#3414,1.,#3417);
#3419=IFCMAPPEDITEM(#3374,#3418);
#3420=IFCSHAPEREPRESENTATION(#24,'Body','MappedRepresentation',(#3419));
#3421=IFCOPENINGELEMENT('0yk8YyTSz8ex7AS7QC8JiT',$,'Opening',$,$,#3595,#3449,$,.OPENING.);
#3437=IFCCARTESIANPOINT((0.,0.,0.));
#3438=IFCDIRECTION((1.,0.,0.));
#3439=IFCDIRECTION((0.,0.,1.));
#3440=IFCAXIS2PLACEMENT3D(#3437,#3439,#3438);
#3441=IFCREPRESENTATIONMAP(#3440,#3585);
#3442=IFCCARTESIANPOINT((0.,0.,0.));
#3443=IFCDIRECTION((1.,0.,0.));
#3444=IFCDIRECTION((0.,1.,0.));
#3445=IFCDIRECTION((0.,0.,1.));
#3446=IFCCARTESIANTRANSFORMATIONOPERATOR3D(#3443,#3444,#3442,1.,#3445);
#3447=IFCMAPPEDITEM(#3441,#3446);
#3448=IFCSHAPEREPRESENTATION(#11,'Body','MappedRepresentation',(#3447));
#3449=IFCPRODUCTDEFINITIONSHAPE($,$,(#3448));
#3450=IFCRELVOIDSELEMENT('1GHBaUicP8wfXpLRww6irb',$,$,$,#242,#3421);
#3456=IFCRELFILLSELEMENT('3KqQ8e2w961RM2c4qq$nQl',$,$,$,#3421,#3396);
#3507=IFCCARTESIANPOINTLIST3D(((0.,0.,0.),(0.78717571496963501,0.,0.),(0.78717571496963501,0.,0.89999997615814209),(0.,0.,0.89999997615814209)));
#3508=IFCINDEXEDPOLYCURVE(#3507,(IFCLINEINDEX((1,2,3,4,1))),$);
#3509=IFCSHAPEREPRESENTATION(#18,'Profile','Curve3D',(#3508));
#3510=IFCCARTESIANPOINTLIST2D(((0.,0.),(0.78717571496963501,0.),(0.78717571496963501,0.89999997615814209),(0.,0.89999997615814209)));
#3511=IFCINDEXEDPOLYCURVE(#3510,(IFCLINEINDEX((1,2,3,4,1))),$);
#3512=IFCCARTESIANPOINTLIST2D(((0.02500000037252903,0.02500000037252903),(0.76217571459710598,0.02500000037252903),(0.76217571459710598,0.87499997578561306),(0.02500000037252903,0.87499997578561306)));
#3513=IFCINDEXEDPOLYCURVE(#3512,(IFCLINEINDEX((1,2,3,4,1))),$);
#3514=IFCARBITRARYPROFILEDEFWITHVOIDS(.AREA.,$,#3511,(#3513));
#3515=IFCCARTESIANPOINT((0.,0.090000001713633537,0.));
#3516=IFCDIRECTION((0.,-1.,0.));
#3517=IFCDIRECTION((1.,0.,0.));
#3518=IFCAXIS2PLACEMENT3D(#3515,#3516,#3517);
#3519=IFCDIRECTION((0.,0.,-1.));
#3520=IFCEXTRUDEDAREASOLID(#3514,#3518,#3519,0.0099999997764825821);
#3521=IFCCARTESIANPOINTLIST2D(((0.,0.),(0.78717571496963501,0.),(0.78717571496963501,0.89999997615814209),(0.,0.89999997615814209)));
#3522=IFCINDEXEDPOLYCURVE(#3521,(IFCLINEINDEX((1,2,3,4,1))),$);
#3523=IFCCARTESIANPOINTLIST2D(((0.05000000074505806,0.05000000074505806),(0.73717571422457695,0.05000000074505806),(0.73717571422457695,0.84999997541308403),(0.05000000074505806,0.84999997541308403)));
#3524=IFCINDEXEDPOLYCURVE(#3523,(IFCLINEINDEX((1,2,3,4,1))),$);
#3525=IFCARBITRARYPROFILEDEFWITHVOIDS(.AREA.,$,#3522,(#3524));
#3526=IFCCARTESIANPOINT((0.,0.05000000074505806,0.));
#3527=IFCDIRECTION((0.,-1.,0.));
#3528=IFCDIRECTION((1.,0.,0.));
#3529=IFCAXIS2PLACEMENT3D(#3526,#3527,#3528);
#3530=IFCDIRECTION((0.,0.,-1.));
#3531=IFCEXTRUDEDAREASOLID(#3525,#3529,#3530,0.040000000968575478);
#3532=IFCCARTESIANPOINTLIST2D(((0.,0.),(0.73717571422457695,0.),(0.73717571422457695,0.84999997541308403),(0.,0.84999997541308403)));
#3533=IFCINDEXEDPOLYCURVE(#3532,(IFCLINEINDEX((1,2,3,4,1))),$);
#3534=IFCCARTESIANPOINTLIST2D(((0.035000000149011612,0.035000000149011612),(0.70217571407556534,0.035000000149011612),(0.70217571407556534,0.81499997526407242),(0.035000000149011612,0.81499997526407242)));
#3535=IFCINDEXEDPOLYCURVE(#3534,(IFCLINEINDEX((1,2,3,4,1))),$);
#3536=IFCARBITRARYPROFILEDEFWITHVOIDS(.AREA.,$,#3533,(#3535));
#3537=IFCCARTESIANPOINT((0.02500000037252903,0.090000001713633537,0.02500000037252903));
#3538=IFCDIRECTION((0.,-1.,0.));
#3539=IFCDIRECTION((1.,0.,0.));
#3540=IFCAXIS2PLACEMENT3D(#3537,#3538,#3539);
#3541=IFCDIRECTION((0.,0.,-1.));
#3542=IFCEXTRUDEDAREASOLID(#3536,#3540,#3541,0.035000000149011612);
#3543=IFCINDEXEDPOLYCURVE(#3544,(IFCLINEINDEX((1,2,3,4,1))),$);
#3544=IFCCARTESIANPOINTLIST2D(((0.035000000149011612,0.035000000149011612),(0.70217571407556534,0.035000000149011612),(0.70217571407556534,0.81499997526407242),(0.035000000149011612,0.81499997526407242)));
#3545=IFCARBITRARYCLOSEDPROFILEDEF(.AREA.,$,#3543);
#3546=IFCCARTESIANPOINT((0.02500000037252903,0.10250000178813934,0.02500000037252903));
#3547=IFCDIRECTION((0.,-1.,0.));
#3548=IFCDIRECTION((1.,0.,0.));
#3549=IFCAXIS2PLACEMENT3D(#3546,#3547,#3548);
#3550=IFCDIRECTION((0.,0.,-1.));
#3551=IFCEXTRUDEDAREASOLID(#3545,#3549,#3550,0.01);
#3552=IFCSHAPEREPRESENTATION(#11,'Body','SweptSolid',(#3520,#3531,#3542,#3551));
#3553=IFCSHAPEREPRESENTATION(#11,'Body','SweptSolid',(#3520,#3531));
#3554=IFCSHAPEASPECT((#3553),'Lining',$,.T.,#3406);
#3555=IFCSHAPEREPRESENTATION(#11,'Body','SweptSolid',(#3542));
#3556=IFCSHAPEASPECT((#3555),'Framing',$,.T.,#3406);
#3557=IFCSHAPEREPRESENTATION(#11,'Body','SweptSolid',(#3551));
#3558=IFCSHAPEASPECT((#3557),'Glazing',$,.T.,#3406);
#3559=IFCCARTESIANPOINTLIST2D(((0.05000000074505806,0.05000000074505806),(0.73717571422457695,0.05000000074505806)));
#3560=IFCINDEXEDPOLYCURVE(#3559,$,$);
#3561=IFCCARTESIANPOINTLIST2D(((0.,0.10000000149011612),(0.02500000037252903,0.10000000149011612),(0.02500000037252903,0.090000001713633537),(0.05000000074505806,0.090000001713633537),(0.05000000074505806,0.05000000074505806),(0.,0.05000000074505806)));
#3562=IFCINDEXEDPOLYCURVE(#3561,(IFCLINEINDEX((1,2,3,4,5,6,1))),$);
#3563=IFCCARTESIANPOINTLIST2D(((0.78717571496963501,0.10000000149011612),(0.76217571459710598,0.10000000149011612),(0.76217571459710598,0.090000001713633537),(0.73717571422457695,0.090000001713633537),(0.73717571422457695,0.05000000074505806),(0.78717571496963501,0.05000000074505806)));
#3564=IFCINDEXEDPOLYCURVE(#3563,(IFCLINEINDEX((1,2,3,4,5,6,1))),$);
#3565=IFCCARTESIANPOINTLIST2D(((0.02500000037252903,0.090000001713633537),(0.060000000521540642,0.090000001713633537),(0.060000000521540642,0.12500000186264515),(0.02500000037252903,0.12500000186264515)));
#3566=IFCINDEXEDPOLYCURVE(#3565,(IFCLINEINDEX((1,2,3,4,1))),$);
#3567=IFCINDEXEDPOLYCURVE(#3568,(IFCLINEINDEX((1,2,3,4,1))),$);
#3568=IFCCARTESIANPOINTLIST2D(((0.76217571459710598,0.090000001713633537),(0.72717571444809437,0.090000001713633537),(0.72717571444809437,0.12500000186264515),(0.76217571459710598,0.12500000186264515)));
#3569=IFCCARTESIANPOINTLIST2D(((0.060000000521540642,0.090000001713633537),(0.72717571444809437,0.090000001713633537)));
#3570=IFCINDEXEDPOLYCURVE(#3569,$,$);
#3571=IFCINDEXEDPOLYCURVE(#3572,$,$);
#3572=IFCCARTESIANPOINTLIST2D(((0.060000000521540642,0.12500000186264515),(0.72717571444809437,0.12500000186264515)));
#3573=IFCINDEXEDPOLYCURVE(#3574,$,$);
#3574=IFCCARTESIANPOINTLIST2D(((0.060000000521540642,0.10750000178813934),(0.72717571444809437,0.10750000178813934)));
#3575=IFCSHAPEREPRESENTATION(#24,'Body','Curve2D',(#3560,#3562,#3564,#3566,#3567,#3570,#3571,#3573));
#3576=IFCCARTESIANPOINTLIST2D(((0.,0.),(0.78717571496963501,0.),(0.78717571496963501,0.89999997615814209),(0.,0.89999997615814209)));
#3577=IFCINDEXEDPOLYCURVE(#3576,(IFCLINEINDEX((1,2,3,4,1))),$);
#3578=IFCARBITRARYCLOSEDPROFILEDEF(.AREA.,$,#3577);
#3579=IFCCARTESIANPOINT((0.,-0.60000002384185791,0.));
#3580=IFCDIRECTION((0.,-1.,0.));
#3581=IFCDIRECTION((1.,0.,0.));
#3582=IFCAXIS2PLACEMENT3D(#3579,#3580,#3581);
#3583=IFCDIRECTION((0.,0.,-1.));
#3584=IFCEXTRUDEDAREASOLID(#3578,#3582,#3583,1.2);
#3585=IFCSHAPEREPRESENTATION(#11,'Body','SweptSolid',(#3584));
#3591=IFCCARTESIANPOINT((0.77640509605420394,-1.7449385936174622E-07,1.));
#3592=IFCDIRECTION((0.,0.,1.));
#3593=IFCDIRECTION((0.99999999999988631,-4.7683715820291007E-07,0.));
#3594=IFCAXIS2PLACEMENT3D(#3591,#3592,#3593);
#3595=IFCLOCALPLACEMENT(#9359,#3594);
#3596=IFCCARTESIANPOINT((0.,8.8817841970012523E-16,0.));
#3597=IFCDIRECTION((0.,0.,1.));
#3598=IFCDIRECTION((1.,3.1763735522036263E-22,0.));
#3599=IFCAXIS2PLACEMENT3D(#3596,#3597,#3598);
#3600=IFCLOCALPLACEMENT(#3595,#3599);
#3611=IFCSLAB('2L0kKXoTrEa9d_QzccvKw4',$,'Slab',$,$,#9117,#3626,$,$);
#3612=IFCRELCONTAINEDINSPATIALSTRUCTURE('31lpNAJEjE19v36ucFyl0E',$,$,$,(#6594,#12598,#7177,#4778,#5284,#3891,#12571,#3816,#12417,#9809,#7628,#12505,#12527,#12549,#12679,#12395,#3765,#3611,#8574,#6069,#3941,#9857,#3866,#3736,#10103,#12652,#7693,#12755,#3791,#12843,#5547,#3991,#5219,#3916,#12625,#9878,#12865,#8245,#9198,#12733,#8071,#6361,#12902,#12968,#3841,#5025,#12706,#9957,#3966,#9836,#3693,#12924,#12946),#39);
#3613=IFCMATERIALLAYERSETUSAGE(#1131,.AXIS3.,.POSITIVE.,-0.10000000149011612,$);
#3614=IFCRELASSOCIATESMATERIAL('0fR8VklVTAvevpFGA$zhKn',$,$,$,(#3611),#3613);
#3620=IFCCARTESIANPOINTLIST2D(((0.,0.),(4.76837158203125E-07,9.1000003814697266),(-3.4499995708465576,9.1000003814697266),(-3.4499993324279785,7.6499996185302734),(-6.9999990463256836,7.6500015258789062),(-6.9999980926513672,2.5000002384185791),(-3.9999985694885254,2.5000002384185791),(-3.9999997615814209,0.),(0.,0.)));
#3621=IFCINDEXEDPOLYCURVE(#3620,$,$);
#3622=IFCDIRECTION((0.,0.,1.));
#3623=IFCARBITRARYCLOSEDPROFILEDEF(.AREA.,$,#3621);
#3624=IFCEXTRUDEDAREASOLID(#3623,#3633,#3622,0.10000000000000001);
#3625=IFCSHAPEREPRESENTATION(#11,'Body','SweptSolid',(#3624));
#3626=IFCPRODUCTDEFINITIONSHAPE($,$,(#3625));
#3627=IFCPROPERTYSET('1OniMgN2z0lQADzWrCCEe$',$,'EPset_Parametric',$,(#3629));
#3628=IFCRELDEFINESBYPROPERTIES('3Eex7$hhX4kwc4$kqt3j6i',$,$,$,(#3611),#3627);
#3629=IFCPROPERTYSINGLEVALUE('Engine',$,IFCLABEL('Bonsai.DumbLayer3'),$);
#3630=IFCCARTESIANPOINT((-0.,-0.,-0.10000000149011612));
#3631=IFCDIRECTION((0.,0.,1.));
#3632=IFCDIRECTION((1.,0.,0.));
#3633=IFCAXIS2PLACEMENT3D(#3630,#3631,#3632);
#3693=IFCROOF('269oL9OfTCZw9ub$jY9YKj',$,'Roof',$,$,#9122,$,$,$);
#3715=IFCCARTESIANPOINT((-0.015822887420653853,-4.967064981542535E-09,0.));
#3716=IFCDIRECTION((0.,0.,1.));
#3717=IFCDIRECTION((0.99999999999999989,0.,0.));
#3718=IFCAXIS2PLACEMENT3D(#3715,#3716,#3717);
#3719=IFCLOCALPLACEMENT(#2020,#3718);
#3720=IFCCARTESIANPOINT((2.2204460492503131E-16,0.,0.));
#3721=IFCDIRECTION((0.,0.,1.));
#3722=IFCDIRECTION((1.,0.,0.));
#3723=IFCAXIS2PLACEMENT3D(#3720,#3721,#3722);
#3724=IFCLOCALPLACEMENT(#2571,#3723);
#3730=IFCSLABTYPE('1jUxzUrw94IQAkvOmbVeKI',$,'Slab-2F',$,$,(#3731),$,$,$,.FLOOR.);
#3731=IFCPROPERTYSET('1pQ4zKMhT0CBUAj58vif_y',$,'EPset_Parametric',$,(#3732));
#3732=IFCPROPERTYSINGLEVALUE('LayerSetDirection',$,IFCLABEL('AXIS3'),$);
#3733=IFCRELASSOCIATESMATERIAL('00yyu25197X8v8jB3XHGKZ',$,$,$,(#3730),#3734);
#3734=IFCMATERIALLAYERSET((#3735),$,$);
#3735=IFCMATERIALLAYER(#81,0.10000000000000001,$,$,$,$,$);
#3736=IFCSLAB('3TwoCfsMTBGBoKoOECFubh',$,'Slab',$,$,#9127,#3751,$,$);
#3737=IFCRELDEFINESBYTYPE('14QtmDtPnC7RNY6UOMUVsl',$,$,$,(#3736),#3730);
#3738=IFCMATERIALLAYERSETUSAGE(#3734,.AXIS3.,.POSITIVE.,-0.10000000149011612,$);
#3739=IFCRELASSOCIATESMATERIAL('3EZV7ZxsL8uRSNzIQLLwAe',$,$,$,(#3736),#3738);
#3745=IFCCARTESIANPOINTLIST2D(((0.,0.),(-3.9900000095367432,1.430511474609375E-06),(-3.9900002479553223,-0.94999837875366211),(-7.5,-0.94999790191650391),(-7.4999995231628418,-9.6099977493286133),(0.010000705718994141,-9.6099967956542969),(0.,0.)));
#3746=IFCINDEXEDPOLYCURVE(#3745,$,$);
#3747=IFCDIRECTION((0.,0.,1.));
#3748=IFCARBITRARYCLOSEDPROFILEDEF(.AREA.,$,#3746);
#3749=IFCEXTRUDEDAREASOLID(#3748,#3758,#3747,0.10000000000000001);
#3750=IFCSHAPEREPRESENTATION(#11,'Body','SweptSolid',(#3749));
#3751=IFCPRODUCTDEFINITIONSHAPE($,$,(#3750));
#3752=IFCPROPERTYSET('1yys$SSdbCXvKTMx5qiVp0',$,'EPset_Parametric',$,(#3754));
#3753=IFCRELDEFINESBYPROPERTIES('1U8GsCekP0LwmC2kRFaBii',$,$,$,(#3736),#3752);
#3754=IFCPROPERTYSINGLEVALUE('Engine',$,IFCLABEL('Bonsai.DumbLayer3'),$);
#3755=IFCCARTESIANPOINT((-0.,-0.,-0.10000000149011612));
#3756=IFCDIRECTION((0.,0.,1.));
#3757=IFCDIRECTION((1.,0.,0.));
#3758=IFCAXIS2PLACEMENT3D(#3755,#3756,#3757);
#3759=IFCWALLTYPE('051iLnrcH5HOJ4a7wSZBOF',$,'Wall-2F',$,$,(#3760),$,$,$,.SOLIDWALL.);
#3760=IFCPROPERTYSET('1t9Rv9pj5BXQtWl7$RhlZi',$,'EPset_Parametric',$,(#3761));
#3761=IFCPROPERTYSINGLEVALUE('LayerSetDirection',$,IFCLABEL('AXIS2'),$);
#3762=IFCRELASSOCIATESMATERIAL('0zycb0LhDCQRvuTHsriroY',$,$,$,(#3759),#3763);
#3763=IFCMATERIALLAYERSET((#3764),$,$);
#3764=IFCMATERIALLAYER(#81,0.10000000000000001,$,$,$,$,$);
#3765=IFCWALL('3zBPUkuUHAWRB2itle0Zv2',$,'Wall',$,$,#9132,#3772,$,$);
#3766=IFCRELDEFINESBYTYPE('2$mo4cic5FbOO_3_4pUpAN',$,$,$,(#3916,#3966,#3941,#3991,#3791,#3841,#3891,#3816,#3765,#3866),#3759);
#3767=IFCMATERIALLAYERSETUSAGE(#3763,.AXIS2.,.POSITIVE.,0.,$);
#3768=IFCRELASSOCIATESMATERIAL('2Dz3vD0B97buK2Yq$8Qcmn',$,$,$,(#3765),#3767);
#3772=IFCPRODUCTDEFINITIONSHAPE($,$,(#5348,#5345));
#3788=IFCPROPERTYSET('33yFDNK0f7$v2MocVMrAo9',$,'EPset_Parametric',$,(#3790));
#3789=IFCRELDEFINESBYPROPERTIES('37W_epKfn3ihVVU7iYEYZf',$,$,$,(#3765),#3788);
#3790=IFCPROPERTYSINGLEVALUE('Engine',$,IFCLABEL('Bonsai.DumbLayer2'),$);
#3791=IFCWALL('20$yxooS9EQPq6yLwnQVZE',$,'Wall',$,$,#9142,#3797,$,$);
#3792=IFCMATERIALLAYERSETUSAGE(#3763,.AXIS2.,.POSITIVE.,0.,$);
#3793=IFCRELASSOCIATESMATERIAL('2zqAFe4LX5jRXjH8Evy6HU',$,$,$,(#3791),#3792);
#3797=IFCPRODUCTDEFINITIONSHAPE($,$,(#4209,#4206));
#3813=IFCPROPERTYSET('1g1f7WrN50kw5bHS$ABqlr',$,'EPset_Parametric',$,(#3815));
#3814=IFCRELDEFINESBYPROPERTIES('0wblRR1znA4ejgD6lY3oVB',$,$,$,(#3791),#3813);
#3815=IFCPROPERTYSINGLEVALUE('Engine',$,IFCLABEL('Bonsai.DumbLayer2'),$);
#3816=IFCWALL('3nMkQAQrDCBvUxN9lmzwBc',$,'Wall',$,$,#9147,#3822,$,$);
#3817=IFCMATERIALLAYERSETUSAGE(#3763,.AXIS2.,.POSITIVE.,0.,$);
#3818=IFCRELASSOCIATESMATERIAL('0dZVUxZkPDqApvnGPJt8$5',$,$,$,(#3816),#3817);
#3822=IFCPRODUCTDEFINITIONSHAPE($,$,(#4848,#4845));
#3838=IFCPROPERTYSET('3Il08rgVb2$PNbPRD$Ka4r',$,'EPset_Parametric',$,(#3840));
#3839=IFCRELDEFINESBYPROPERTIES('2B2rE7gEf3dQ8oIXBx6N1f',$,$,$,(#3816),#3838);
#3840=IFCPROPERTYSINGLEVALUE('Engine',$,IFCLABEL('Bonsai.DumbLayer2'),$);
#3841=IFCWALL('1$ddiY6qTEvxtGL2lZ9r88',$,'Wall',$,$,#9177,#3847,$,$);
#3842=IFCMATERIALLAYERSETUSAGE(#3763,.AXIS2.,.POSITIVE.,0.,$);
#3843=IFCRELASSOCIATESMATERIAL('1QHTj3rXn4FRlTQ1Pvlsnd',$,$,$,(#3841),#3842);
#3847=IFCPRODUCTDEFINITIONSHAPE($,$,(#4917,#4914));
#3863=IFCPROPERTYSET('3OIrmRdN9AC9TR$6YYTymc',$,'EPset_Parametric',$,(#3865));
#3864=IFCRELDEFINESBYPROPERTIES('2zj$hC2j19Ifh$2h5XgK78',$,$,$,(#3841),#3863);
#3865=IFCPROPERTYSINGLEVALUE('Engine',$,IFCLABEL('Bonsai.DumbLayer2'),$);
#3866=IFCWALL('0krAOGW8XBpxq2dJUD39fz',$,'Wall',$,$,#9152,#3872,$,$);
#3867=IFCMATERIALLAYERSETUSAGE(#3763,.AXIS2.,.POSITIVE.,0.,$);
#3868=IFCRELASSOCIATESMATERIAL('0jZ3SSFU5Er852SM3E$RFu',$,$,$,(#3866),#3867);
#3872=IFCPRODUCTDEFINITIONSHAPE($,$,(#5094,#5091));
#3888=IFCPROPERTYSET('1Xu_v8LBn0Jv0sjxCYqGXj',$,'EPset_Parametric',$,(#3890));
#3889=IFCRELDEFINESBYPROPERTIES('22IGkFfOD8Ov62cPyGUxKm',$,$,$,(#3866),#3888);
#3890=IFCPROPERTYSINGLEVALUE('Engine',$,IFCLABEL('Bonsai.DumbLayer2'),$);
#3891=IFCWALL('3Nz5XeGnfBmhbq_k9rhaQT',$,'Wall',$,$,#9157,#3897,$,$);
#3892=IFCMATERIALLAYERSETUSAGE(#3763,.AXIS2.,.POSITIVE.,0.,$);
#3893=IFCRELASSOCIATESMATERIAL('1VIm97AEn1Iwg7$ucUrrcI',$,$,$,(#3891),#3892);
#3897=IFCPRODUCTDEFINITIONSHAPE($,$,(#4332,#4329));
#3913=IFCPROPERTYSET('02peEDXrjCrftHZoIQIa01',$,'EPset_Parametric',$,(#3915));
#3914=IFCRELDEFINESBYPROPERTIES('3zdR$rRDf0LRfGxQhKwVVu',$,$,$,(#3891),#3913);
#3915=IFCPROPERTYSINGLEVALUE('Engine',$,IFCLABEL('Bonsai.DumbLayer2'),$);
#3916=IFCWALL('2TxOc9Nvv8U8nqhy9dUwVq',$,'Wall',$,$,#9162,#3922,$,$);
#3917=IFCMATERIALLAYERSETUSAGE(#3763,.AXIS2.,.POSITIVE.,0.,$);
#3918=IFCRELASSOCIATESMATERIAL('21R0EBcQ57MQOzmouA4UsJ',$,$,$,(#3916),#3917);
#3922=IFCPRODUCTDEFINITIONSHAPE($,$,(#4359,#4356));
#3938=IFCPROPERTYSET('2wuCDgWN10d8aPMshiqsuW',$,'EPset_Parametric',$,(#3940));
#3939=IFCRELDEFINESBYPROPERTIES('0lBGJ_tmX9s9vC17bcn$du',$,$,$,(#3916),#3938);
#3940=IFCPROPERTYSINGLEVALUE('Engine',$,IFCLABEL('Bonsai.DumbLayer2'),$);
#3941=IFCWALL('3DWnm3GrHE2e08y3HfH7Fx',$,'Wall',$,$,#9137,#3947,$,$);
#3942=IFCMATERIALLAYERSETUSAGE(#3763,.AXIS2.,.POSITIVE.,0.,$);
#3943=IFCRELASSOCIATESMATERIAL('0EHD_Kv3n4TQvmoKm$0HXF',$,$,$,(#3941),#3942);
#3947=IFCPRODUCTDEFINITIONSHAPE($,$,(#4391,#4388));
#3963=IFCPROPERTYSET('3m4A_UP8b4NPeORRWKzona',$,'EPset_Parametric',$,(#3965));
#3964=IFCRELDEFINESBYPROPERTIES('3Sb_meX1j7AQcxNvATv9BL',$,$,$,(#3941),#3963);
#3965=IFCPROPERTYSINGLEVALUE('Engine',$,IFCLABEL('Bonsai.DumbLayer2'),$);
#3966=IFCWALL('3B460UGHj2dQKA68$gQJ2i',$,'Wall',$,$,#9167,#3972,$,$);
#3967=IFCMATERIALLAYERSETUSAGE(#3763,.AXIS2.,.POSITIVE.,0.,$);
#3968=IFCRELASSOCIATESMATERIAL('0SQ77n9sv6qAOhfp60ZMDs',$,$,$,(#3966),#3967);
#3972=IFCPRODUCTDEFINITIONSHAPE($,$,(#4423,#4420));
#3988=IFCPROPERTYSET('1dvzmx$NHCLuKv9W4cHkNP',$,'EPset_Parametric',$,(#3990));
#3989=IFCRELDEFINESBYPROPERTIES('3Ao9jWaAr8$hfm_1P4cXj1',$,$,$,(#3966),#3988);
#3990=IFCPROPERTYSINGLEVALUE('Engine',$,IFCLABEL('Bonsai.DumbLayer2'),$);
#3991=IFCWALL('0wrID36bb7gAYE0CcKR6Tn',$,'Wall',$,$,#9172,#3997,$,$);
#3992=IFCMATERIALLAYERSETUSAGE(#3763,.AXIS2.,.POSITIVE.,0.,$);
#3993=IFCRELASSOCIATESMATERIAL('0qBkZ69YfACuP9fthdU$Dq',$,$,$,(#3991),#3992);
#3997=IFCPRODUCTDEFINITIONSHAPE($,$,(#4405,#4402));
#4013=IFCPROPERTYSET('14334SUJb6kP8TBMpW6o9s',$,'EPset_Parametric',$,(#4015));
#4014=IFCRELDEFINESBYPROPERTIES('1Ndx7DvMT2tgFtj_r1$zYN',$,$,$,(#3991),#4013);
#4015=IFCPROPERTYSINGLEVALUE('Engine',$,IFCLABEL('Bonsai.DumbLayer2'),$);
#4146=IFCRELCONNECTSPATHELEMENTS('0HlkgFSAD9AQAaFy4$Ohlr',$,$,$,$,#3791,#3765,(),(),.ATEND.,.ATSTART.);
#4178=IFCRELCONNECTSPATHELEMENTS('3d9$uMqvzFVgkwVl_FG$KW',$,$,$,$,#3816,#3791,(),(),.ATEND.,.ATSTART.);
#4197=IFCCARTESIANPOINTLIST2D(((0.,0.),(0.099895976862191913,0.10000000000000001),(3.8900025383326828,0.10000000000000001),(3.990002632507669,0.)));
#4198=IFCINDEXEDPOLYCURVE(#4197,(IFCLINEINDEX((1,2,3,4,1))),$);
#4199=IFCARBITRARYCLOSEDPROFILEDEF(.AREA.,$,#4198);
#4200=IFCCARTESIANPOINT((0.,0.,0.));
#4201=IFCDIRECTION((0.,0.,1.));
#4202=IFCDIRECTION((1.,0.,0.));
#4203=IFCAXIS2PLACEMENT3D(#4200,#4201,#4202);
#4204=IFCDIRECTION((0.,0.,1.));
#4205=IFCEXTRUDEDAREASOLID(#4199,#4203,#4204,3.);
#4206=IFCSHAPEREPRESENTATION(#11,'Body','SweptSolid',(#4205));
#4207=IFCCARTESIANPOINTLIST2D(((0.,0.),(3.990002632507669,0.)));
#4208=IFCINDEXEDPOLYCURVE(#4207,$,$);
#4209=IFCSHAPEREPRESENTATION(#23,'Axis','Curve2D',(#4208));
#4237=IFCRELCONNECTSPATHELEMENTS('2kPv67u0D31gtmvr890tx3',$,$,$,$,#3866,#3841,(),(),.ATEND.,.ATSTART.);
#4269=IFCRELCONNECTSPATHELEMENTS('2n4XZjhNL5GvDkVmVogFCK',$,$,$,$,#3891,#3866,(),(),.ATEND.,.ATSTART.);
#4301=IFCRELCONNECTSPATHELEMENTS('2A$fp0Eyb0peJcHKzSyos5',$,$,$,$,#3916,#3891,(),(),.ATEND.,.ATSTART.);
#4320=IFCCARTESIANPOINTLIST2D(((0.,0.),(0.10000000437113894,0.10000000000000001),(3.6504152963053174,0.10000000000000001),(3.5504153515388075,0.)));
#4321=IFCINDEXEDPOLYCURVE(#4320,(IFCLINEINDEX((1,2,3,4,1))),$);
#4322=IFCARBITRARYCLOSEDPROFILEDEF(.AREA.,$,#4321);
#4323=IFCCARTESIANPOINT((0.,0.,0.));
#4324=IFCDIRECTION((0.,0.,1.));
#4325=IFCDIRECTION((1.,0.,0.));
#4326=IFCAXIS2PLACEMENT3D(#4323,#4324,#4325);
#4327=IFCDIRECTION((0.,0.,1.));
#4328=IFCEXTRUDEDAREASOLID(#4322,#4326,#4327,3.);
#4329=IFCSHAPEREPRESENTATION(#11,'Body','SweptSolid',(#4328));
#4330=IFCCARTESIANPOINTLIST2D(((0.,0.),(3.5504153515388075,0.)));
#4331=IFCINDEXEDPOLYCURVE(#4330,$,$);
#4332=IFCSHAPEREPRESENTATION(#23,'Axis','Curve2D',(#4331));
#4333=IFCRELCONNECTSPATHELEMENTS('0Ao4Ql9l50l8IsnPjb209p',$,$,$,$,#3941,#3916,(),(),.ATEND.,.ATSTART.);
#4347=IFCCARTESIANPOINTLIST2D(((0.,0.),(-0.099999944766510029,0.10000000000000001),(0.48605960170423279,0.10000000000000001),(0.58605957031259037,0.)));
#4348=IFCINDEXEDPOLYCURVE(#4347,(IFCLINEINDEX((1,2,3,4,1))),$);
#4349=IFCARBITRARYCLOSEDPROFILEDEF(.AREA.,$,#4348);
#4350=IFCCARTESIANPOINT((0.,0.,0.));
#4351=IFCDIRECTION((0.,0.,1.));
#4352=IFCDIRECTION((1.,0.,0.));
#4353=IFCAXIS2PLACEMENT3D(#4350,#4351,#4352);
#4354=IFCDIRECTION((0.,0.,1.));
#4355=IFCEXTRUDEDAREASOLID(#4349,#4353,#4354,3.);
#4356=IFCSHAPEREPRESENTATION(#11,'Body','SweptSolid',(#4355));
#4357=IFCCARTESIANPOINTLIST2D(((0.,0.),(0.58605957031259037,0.)));
#4358=IFCINDEXEDPOLYCURVE(#4357,$,$);
#4359=IFCSHAPEREPRESENTATION(#23,'Axis','Curve2D',(#4358));
#4360=IFCRELCONNECTSPATHELEMENTS('1qts$1CzDEmuCxE1zwvxrk',$,$,$,$,#3966,#3941,(),(),.ATEND.,.ATSTART.);
#4379=IFCCARTESIANPOINTLIST2D(((0.,0.),(0.099999968608357609,0.10000000000000001),(1.6746456410007673,0.10000000000000001),(1.5746456723924098,0.)));
#4380=IFCINDEXEDPOLYCURVE(#4379,(IFCLINEINDEX((1,2,3,4,1))),$);
#4381=IFCARBITRARYCLOSEDPROFILEDEF(.AREA.,$,#4380);
#4382=IFCCARTESIANPOINT((0.,0.,0.));
#4383=IFCDIRECTION((0.,0.,1.));
#4384=IFCDIRECTION((1.,0.,0.));
#4385=IFCAXIS2PLACEMENT3D(#4382,#4383,#4384);
#4386=IFCDIRECTION((0.,0.,1.));
#4387=IFCEXTRUDEDAREASOLID(#4381,#4385,#4386,3.);
#4388=IFCSHAPEREPRESENTATION(#11,'Body','SweptSolid',(#4387));
#4389=IFCCARTESIANPOINTLIST2D(((0.,0.),(1.5746456723924098,0.)));
#4390=IFCINDEXEDPOLYCURVE(#4389,$,$);
#4391=IFCSHAPEREPRESENTATION(#23,'Axis','Curve2D',(#4390));
#4392=IFCRELCONNECTSPATHELEMENTS('3VyZFaRIT6rRYemOggTFN_',$,$,$,$,#3991,#3966,(),(),.ATEND.,.ATSTART.);
#4393=IFCCARTESIANPOINTLIST2D(((0.,0.),(0.099999968608357609,0.10000000000000001),(2.3849482483162157,0.10000000000000001),(2.3849482483162157,0.)));
#4394=IFCINDEXEDPOLYCURVE(#4393,(IFCLINEINDEX((1,2,3,4,1))),$);
#4395=IFCARBITRARYCLOSEDPROFILEDEF(.AREA.,$,#4394);
#4396=IFCCARTESIANPOINT((0.,0.,0.));
#4397=IFCDIRECTION((0.,0.,1.));
#4398=IFCDIRECTION((1.,0.,0.));
#4399=IFCAXIS2PLACEMENT3D(#4396,#4397,#4398);
#4400=IFCDIRECTION((0.,0.,1.));
#4401=IFCEXTRUDEDAREASOLID(#4395,#4399,#4400,3.);
#4402=IFCSHAPEREPRESENTATION(#11,'Body','SweptSolid',(#4401));
#4403=IFCCARTESIANPOINTLIST2D(((0.,0.),(2.3849482483162157,0.)));
#4404=IFCINDEXEDPOLYCURVE(#4403,$,$);
#4405=IFCSHAPEREPRESENTATION(#23,'Axis','Curve2D',(#4404));
#4411=IFCCARTESIANPOINTLIST2D(((0.,0.),(-0.099999968608357595,0.10000000000000001),(0.80905802400405746,0.10000000000000001),(0.90905799261241504,0.)));
#4412=IFCINDEXEDPOLYCURVE(#4411,(IFCLINEINDEX((1,2,3,4,1))),$);
#4413=IFCARBITRARYCLOSEDPROFILEDEF(.AREA.,$,#4412);
#4414=IFCCARTESIANPOINT((0.,0.,0.));
#4415=IFCDIRECTION((0.,0.,1.));
#4416=IFCDIRECTION((1.,0.,0.));
#4417=IFCAXIS2PLACEMENT3D(#4414,#4415,#4416);
#4418=IFCDIRECTION((0.,0.,1.));
#4419=IFCEXTRUDEDAREASOLID(#4413,#4417,#4418,3.);
#4420=IFCSHAPEREPRESENTATION(#11,'Body','SweptSolid',(#4419));
#4421=IFCCARTESIANPOINTLIST2D(((0.,0.),(0.90905799261241504,0.)));
#4422=IFCINDEXEDPOLYCURVE(#4421,$,$);
#4423=IFCSHAPEREPRESENTATION(#23,'Axis','Curve2D',(#4422));
#4424=IFCWALLTYPE('14Pp$wn0f7agPuWFtknNTY',$,'Inner-Wall',$,$,(#4425),$,$,$,.SOLIDWALL.);
#4425=IFCPROPERTYSET('1MU$XHjqfFw97JJpCijOtu',$,'EPset_Parametric',$,(#4426));
#4426=IFCPROPERTYSINGLEVALUE('LayerSetDirection',$,IFCLABEL('AXIS2'),$);
#4427=IFCRELASSOCIATESMATERIAL('2pcUZp02L0ZQPmpgA_g2SR',$,$,$,(#4424),#4428);
#4428=IFCMATERIALLAYERSET((#4429),$,$);
#4429=IFCMATERIALLAYER(#81,0.10000000000000001,$,$,$,$,$);
#4778=IFCWALL('1UNmwSwcv3NPJ8SXqjSOOt',$,'Wall',$,$,#9182,#4785,$,$);
#4779=IFCRELDEFINESBYTYPE('3WNTf2pnn56eCAWHBFsDfo',$,$,$,(#5284,#5025,#4778,#5219),#4424);
#4780=IFCMATERIALLAYERSETUSAGE(#4428,.AXIS2.,.POSITIVE.,0.,$);
#4781=IFCRELASSOCIATESMATERIAL('1bqKSzb1D90PiByu0vm1oe',$,$,$,(#4778),#4780);
#4785=IFCPRODUCTDEFINITIONSHAPE($,$,(#5186,#5183));
#4801=IFCPROPERTYSET('2QAfycIL19yOwhhCbdNXvk',$,'EPset_Parametric',$,(#4803));
#4802=IFCRELDEFINESBYPROPERTIES('3to$XF8sDFdA6er_MGZQrl',$,$,$,(#4778),#4801);
#4803=IFCPROPERTYSINGLEVALUE('Engine',$,IFCLABEL('Bonsai.DumbLayer2'),$);
#4836=IFCCARTESIANPOINTLIST2D(((0.,0.),(0.10000009417498634,0.10000000000000001),(0.95667583800669442,0.10000000000000001),(0.95695860914108799,0.)));
#4837=IFCINDEXEDPOLYCURVE(#4836,(IFCLINEINDEX((1,2,3,4,1))),$);
#4838=IFCARBITRARYCLOSEDPROFILEDEF(.AREA.,$,#4837);
#4839=IFCCARTESIANPOINT((0.,0.,0.));
#4840=IFCDIRECTION((0.,0.,1.));
#4841=IFCDIRECTION((1.,0.,0.));
#4842=IFCAXIS2PLACEMENT3D(#4839,#4840,#4841);
#4843=IFCDIRECTION((0.,0.,1.));
#4844=IFCEXTRUDEDAREASOLID(#4838,#4842,#4843,3.);
#4845=IFCSHAPEREPRESENTATION(#11,'Body','SweptSolid',(#4844));
#4846=IFCCARTESIANPOINTLIST2D(((0.,0.),(0.95695860914108799,0.)));
#4847=IFCINDEXEDPOLYCURVE(#4846,$,$);
#4848=IFCSHAPEREPRESENTATION(#23,'Axis','Curve2D',(#4847));
#4886=IFCRELCONNECTSPATHELEMENTS('1x5t8mrobF5Rx9r7WBOBHn',$,$,$,$,#4778,#3841,(),(),.ATSTART.,.ATSTART.);
#4905=IFCCARTESIANPOINTLIST2D(((-0.10000159943006387,0.),(-0.00056558692607698905,0.10000000000000001),(3.4099825308719356,0.10000000000000001),(3.5099825114012186,0.)));
#4906=IFCINDEXEDPOLYCURVE(#4905,(IFCLINEINDEX((1,2,3,4,1))),$);
#4907=IFCARBITRARYCLOSEDPROFILEDEF(.AREA.,$,#4906);
#4908=IFCCARTESIANPOINT((0.,0.,0.));
#4909=IFCDIRECTION((0.,0.,1.));
#4910=IFCDIRECTION((1.,0.,0.));
#4911=IFCAXIS2PLACEMENT3D(#4908,#4909,#4910);
#4912=IFCDIRECTION((0.,0.,1.));
#4913=IFCEXTRUDEDAREASOLID(#4907,#4911,#4912,3.);
#4914=IFCSHAPEREPRESENTATION(#11,'Body','SweptSolid',(#4913));
#4915=IFCCARTESIANPOINTLIST2D(((0.,0.),(3.5099825114012186,0.)));
#4916=IFCINDEXEDPOLYCURVE(#4915,$,$);
#4917=IFCSHAPEREPRESENTATION(#23,'Axis','Curve2D',(#4916));
#5025=IFCWALL('2HLnSbNejElvU32vjWCpqP',$,'Wall',$,$,#9187,#5031,$,$);
#5026=IFCMATERIALLAYERSETUSAGE(#4428,.AXIS2.,.POSITIVE.,0.,$);
#5027=IFCRELASSOCIATESMATERIAL('3BIZHQ57n8$hI3nLupZ_Er',$,$,$,(#5025),#5026);
#5031=IFCPRODUCTDEFINITIONSHAPE($,$,(#5108,#5105));
#5047=IFCPROPERTYSET('1Gs9VWaWnEZBzSmvXQ9Bxg',$,'EPset_Parametric',$,(#5049));
#5048=IFCRELDEFINESBYPROPERTIES('3m7dI8SiDAZwqGol2Uu8oP',$,$,$,(#5025),#5047);
#5049=IFCPROPERTYSINGLEVALUE('Engine',$,IFCLABEL('Bonsai.DumbLayer2'),$);
#5063=IFCRELCONNECTSPATHELEMENTS('1t2xu45tH1nPWsArhhn3mb',$,$,$,$,#5025,#3866,(),(),.ATPATH.,.ATSTART.);
#5082=IFCCARTESIANPOINTLIST2D(((0.,0.),(0.099999980529282828,0.10000000000000001),(7.0486200711050095,0.10000000000000001),(7.1486200754761482,0.)));
#5083=IFCINDEXEDPOLYCURVE(#5082,(IFCLINEINDEX((1,2,3,4,1))),$);
#5084=IFCARBITRARYCLOSEDPROFILEDEF(.AREA.,$,#5083);
#5085=IFCCARTESIANPOINT((0.,0.,0.));
#5086=IFCDIRECTION((0.,0.,1.));
#5087=IFCDIRECTION((1.,0.,0.));
#5088=IFCAXIS2PLACEMENT3D(#5085,#5086,#5087);
#5089=IFCDIRECTION((0.,0.,1.));
#5090=IFCEXTRUDEDAREASOLID(#5084,#5088,#5089,3.);
#5091=IFCSHAPEREPRESENTATION(#11,'Body','SweptSolid',(#5090));
#5092=IFCCARTESIANPOINTLIST2D(((0.,0.),(7.1486200754761482,0.)));
#5093=IFCINDEXEDPOLYCURVE(#5092,$,$);
#5094=IFCSHAPEREPRESENTATION(#23,'Axis','Curve2D',(#5093));
#5095=IFCRELCONNECTSPATHELEMENTS('00QsGYXNz11Q1nDEawPSjb',$,$,$,$,#5025,#4778,(),(),.ATPATH.,.ATEND.);
#5096=IFCCARTESIANPOINTLIST2D(((0.1000000000000001,0.),(0.10000000437113894,0.10000000000000001),(3.5264427339452107,0.10000000000000001),(3.5270083359713507,0.)));
#5097=IFCINDEXEDPOLYCURVE(#5096,(IFCLINEINDEX((1,2,3,4,1))),$);
#5098=IFCARBITRARYCLOSEDPROFILEDEF(.AREA.,$,#5097);
#5099=IFCCARTESIANPOINT((0.,0.,0.));
#5100=IFCDIRECTION((0.,0.,1.));
#5101=IFCDIRECTION((1.,0.,0.));
#5102=IFCAXIS2PLACEMENT3D(#5099,#5100,#5101);
#5103=IFCDIRECTION((0.,0.,1.));
#5104=IFCEXTRUDEDAREASOLID(#5098,#5102,#5103,3.);
#5105=IFCSHAPEREPRESENTATION(#11,'Body','SweptSolid',(#5104));
#5106=IFCCARTESIANPOINTLIST2D(((0.,0.),(3.5270083359713507,0.)));
#5107=IFCINDEXEDPOLYCURVE(#5106,$,$);
#5108=IFCSHAPEREPRESENTATION(#23,'Axis','Curve2D',(#5107));
#5174=IFCCARTESIANPOINTLIST2D(((0.10000159943006387,0.),(0.00056558692607698894,0.10000000000000001),(7.1487348784950937,0.10000000000000001),(7.1487348784950937,0.)));
#5175=IFCINDEXEDPOLYCURVE(#5174,(IFCLINEINDEX((1,2,3,4,1))),$);
#5176=IFCARBITRARYCLOSEDPROFILEDEF(.AREA.,$,#5175);
#5177=IFCCARTESIANPOINT((0.,0.,0.));
#5178=IFCDIRECTION((0.,0.,1.));
#5179=IFCDIRECTION((1.,0.,0.));
#5180=IFCAXIS2PLACEMENT3D(#5177,#5178,#5179);
#5181=IFCDIRECTION((0.,0.,1.));
#5182=IFCEXTRUDEDAREASOLID(#5176,#5180,#5181,3.);
#5183=IFCSHAPEREPRESENTATION(#11,'Body','SweptSolid',(#5182));
#5184=IFCCARTESIANPOINTLIST2D(((0.,0.),(7.1487348784950937,0.)));
#5185=IFCINDEXEDPOLYCURVE(#5184,$,$);
#5186=IFCSHAPEREPRESENTATION(#23,'Axis','Curve2D',(#5185));
#5219=IFCWALL('0yyrgqXkb7YRnYiA7tC$S9',$,'Wall',$,$,#9192,#5225,$,$);
#5220=IFCMATERIALLAYERSETUSAGE(#4428,.AXIS2.,.POSITIVE.,0.,$);
#5221=IFCRELASSOCIATESMATERIAL('30dB78P1z3nPeXEaYGvZS$',$,$,$,(#5219),#5220);
#5225=IFCPRODUCTDEFINITIONSHAPE($,$,(#5270,#5267));
#5241=IFCPROPERTYSET('3ZPPwYCqb8rAOJPvyGeP4u',$,'EPset_Parametric',$,(#5243));
#5242=IFCRELDEFINESBYPROPERTIES('1Wcg7Ar$5Be8IlXH8a9_IS',$,$,$,(#5219),#5241);
#5243=IFCPROPERTYSINGLEVALUE('Engine',$,IFCLABEL('Bonsai.DumbLayer2'),$);
#5257=IFCRELCONNECTSPATHELEMENTS('1AloJLmXj7KvXoGs_6kb78',$,$,$,$,#5219,#3765,(),(),.ATPATH.,.ATEND.);
#5258=IFCCARTESIANPOINTLIST2D(((0.,0.),(0.,0.10000000000000001),(3.7671068660246498,0.10000000000000001),(3.7672109043813844,0.)));
#5259=IFCINDEXEDPOLYCURVE(#5258,(IFCLINEINDEX((1,2,3,4,1))),$);
#5260=IFCARBITRARYCLOSEDPROFILEDEF(.AREA.,$,#5259);
#5261=IFCCARTESIANPOINT((0.,0.,0.));
#5262=IFCDIRECTION((0.,0.,1.));
#5263=IFCDIRECTION((1.,0.,0.));
#5264=IFCAXIS2PLACEMENT3D(#5261,#5262,#5263);
#5265=IFCDIRECTION((0.,0.,1.));
#5266=IFCEXTRUDEDAREASOLID(#5260,#5264,#5265,3.);
#5267=IFCSHAPEREPRESENTATION(#11,'Body','SweptSolid',(#5266));
#5268=IFCCARTESIANPOINTLIST2D(((0.,0.),(3.8672109585012682,0.)));
#5269=IFCINDEXEDPOLYCURVE(#5268,$,$);
#5270=IFCSHAPEREPRESENTATION(#23,'Axis','Curve2D',(#5269));
#5284=IFCWALL('3bQM8sEGHFWggQHCYDpu_V',$,'Wall',$,$,#9197,#5290,$,$);
#5285=IFCMATERIALLAYERSETUSAGE(#4428,.AXIS2.,.POSITIVE.,0.,$);
#5286=IFCRELASSOCIATESMATERIAL('3WJsdF_$bFbQWPSRm_SLGF',$,$,$,(#5284),#5285);
#5290=IFCPRODUCTDEFINITIONSHAPE($,$,(#5335,#5332));
#5306=IFCPROPERTYSET('2a$noy6S54BON1KYeZCstW',$,'EPset_Parametric',$,(#5308));
#5307=IFCRELDEFINESBYPROPERTIES('2P$pPI1oj2fPv6FN6tgw2Q',$,$,$,(#5284),#5306);
#5308=IFCPROPERTYSINGLEVALUE('Engine',$,IFCLABEL('Bonsai.DumbLayer2'),$);
#5322=IFCRELCONNECTSPATHELEMENTS('1Bar2JhPzCyOtCO3006kb3',$,$,$,$,#5284,#3765,(),(),.ATPATH.,.ATEND.);
#5323=IFCCARTESIANPOINTLIST2D(((0.,0.),(0.,0.10000000000000001),(3.7878971645019366,0.10000000000000001),(3.7880012028586711,0.)));
#5324=IFCINDEXEDPOLYCURVE(#5323,(IFCLINEINDEX((1,2,3,4,1))),$);
#5325=IFCARBITRARYCLOSEDPROFILEDEF(.AREA.,$,#5324);
#5326=IFCCARTESIANPOINT((0.,0.,0.));
#5327=IFCDIRECTION((0.,0.,1.));
#5328=IFCDIRECTION((1.,0.,0.));
#5329=IFCAXIS2PLACEMENT3D(#5326,#5327,#5328);
#5330=IFCDIRECTION((0.,0.,1.));
#5331=IFCEXTRUDEDAREASOLID(#5325,#5329,#5330,3.);
#5332=IFCSHAPEREPRESENTATION(#11,'Body','SweptSolid',(#5331));
#5333=IFCCARTESIANPOINTLIST2D(((0.,0.),(3.8880012569785549,0.)));
#5334=IFCINDEXEDPOLYCURVE(#5333,$,$);
#5335=IFCSHAPEREPRESENTATION(#23,'Axis','Curve2D',(#5334));
#5336=IFCCARTESIANPOINTLIST2D(((0.,0.),(0.,0.10000000000000001),(9.5101060197101734,0.10000000000000001),(9.6100019965723646,0.)));
#5337=IFCINDEXEDPOLYCURVE(#5336,(IFCLINEINDEX((1,2,3,4,1))),$);
#5338=IFCARBITRARYCLOSEDPROFILEDEF(.AREA.,$,#5337);
#5339=IFCCARTESIANPOINT((0.,0.,0.));
#5340=IFCDIRECTION((0.,0.,1.));
#5341=IFCDIRECTION((1.,0.,0.));
#5342=IFCAXIS2PLACEMENT3D(#5339,#5340,#5341);
#5343=IFCDIRECTION((0.,0.,1.));
#5344=IFCEXTRUDEDAREASOLID(#5338,#5342,#5343,3.);
#5345=IFCSHAPEREPRESENTATION(#11,'Body','SweptSolid',(#5344));
#5346=IFCCARTESIANPOINTLIST2D(((0.,0.),(9.6100019965723646,0.)));
#5347=IFCINDEXEDPOLYCURVE(#5346,$,$);
#5348=IFCSHAPEREPRESENTATION(#23,'Axis','Curve2D',(#5347));
#5439=IFCDOORTYPE('1s6_1K9KH70PS8AJeD2fw0',$,'Bathroom-2F',$,$,(#5440),(#5442,#5450,#5528),$,$,.DOOR.,.SINGLE_SWING_LEFT.,$,$);
#5440=IFCPROPERTYSET('32BFzrfDHCygU8sErD6ar8',$,'BBIM_Door',$,(#5441));
#5441=IFCPROPERTYSINGLEVALUE('Data',$,IFCTEXT('{"door_type": "SINGLE_SWING_LEFT", "overall_height": 2.0, "overall_width": 0.9153870940208435, "lining_properties": {"lining_depth": 0.05000000074505806, "lining_thickness": 0.05000000074505806, "lining_offset": 0.0, "lining_to_panel_offset_x": 0.02500000037252903, "lining_to_panel_offset_y": 0.02500000037252903, "transom_thickness": 0.0, "casing_thickness": 0.07500000298023224, "casing_depth": 0.004999999888241291, "threshold_thickness": 0.02500000037252903, "threshold_depth": 0.10000000149011612, "threshold_offset": 0.0}, "panel_properties": {"panel_depth": 0.03500000014901161, "panel_width_ratio": 1.0}}'),$);
#5442=IFCREPRESENTATIONMAP(#5443,#9228);
#5443=IFCAXIS2PLACEMENT3D(#5444,#5445,#5446);
#5444=IFCCARTESIANPOINT((0.,0.,0.));
#5445=IFCDIRECTION((0.,0.,1.));
#5446=IFCDIRECTION((1.,0.,0.));
#5450=IFCREPRESENTATIONMAP(#5451,#9301);
#5451=IFCAXIS2PLACEMENT3D(#5452,#5453,#5454);
#5452=IFCCARTESIANPOINT((0.,0.,0.));
#5453=IFCDIRECTION((0.,0.,1.));
#5454=IFCDIRECTION((1.,0.,0.));
#5528=IFCREPRESENTATIONMAP(#5529,#9319);
#5529=IFCAXIS2PLACEMENT3D(#5530,#5531,#5532);
#5530=IFCCARTESIANPOINT((0.,0.,0.));
#5531=IFCDIRECTION((0.,0.,1.));
#5532=IFCDIRECTION((1.,0.,0.));
#5547=IFCDOOR('1ilw4z5QP4XeHwQDBUT$rQ',$,'Door',$,$,#9344,#5556,$,2.,0.91538709402084351,$,.SINGLE_SWING_LEFT.,$);
#5548=IFCRELDEFINESBYTYPE('24gIQH$oX5lA8LwGtTbnm4',$,$,$,(#9198,#5547),#5439);
#5549=IFCCARTESIANPOINT((0.,0.,0.));
#5550=IFCDIRECTION((1.,0.,0.));
#5551=IFCDIRECTION((0.,1.,0.));
#5552=IFCDIRECTION((0.,0.,1.));
#5553=IFCCARTESIANTRANSFORMATIONOPERATOR3D(#5550,#5551,#5549,1.,#5552);
#5554=IFCMAPPEDITEM(#5442,#5553);
#5555=IFCSHAPEREPRESENTATION(#18,'Profile','MappedRepresentation',(#5554));
#5556=IFCPRODUCTDEFINITIONSHAPE($,$,(#5555,#5563,#5570));
#5557=IFCCARTESIANPOINT((0.,0.,0.));
#5558=IFCDIRECTION((1.,0.,0.));
#5559=IFCDIRECTION((0.,1.,0.));
#5560=IFCDIRECTION((0.,0.,1.));
#5561=IFCCARTESIANTRANSFORMATIONOPERATOR3D(#5558,#5559,#5557,1.,#5560);
#5562=IFCMAPPEDITEM(#5450,#5561);
#5563=IFCSHAPEREPRESENTATION(#11,'Body','MappedRepresentation',(#5562));
#5564=IFCCARTESIANPOINT((0.,0.,0.));
#5565=IFCDIRECTION((1.,0.,0.));
#5566=IFCDIRECTION((0.,1.,0.));
#5567=IFCDIRECTION((0.,0.,1.));
#5568=IFCCARTESIANTRANSFORMATIONOPERATOR3D(#5565,#5566,#5564,1.,#5567);
#5569=IFCMAPPEDITEM(#5528,#5568);
#5570=IFCSHAPEREPRESENTATION(#24,'Body','MappedRepresentation',(#5569));
#5571=IFCOPENINGELEMENT('0TE$RJGATAd87znHXEo5yE',$,'Opening',$,$,#9339,#5599,$,.OPENING.);
#5587=IFCCARTESIANPOINT((0.,0.,0.));
#5588=IFCDIRECTION((1.,0.,0.));
#5589=IFCDIRECTION((0.,0.,1.));
#5590=IFCAXIS2PLACEMENT3D(#5587,#5589,#5588);
#5591=IFCREPRESENTATIONMAP(#5590,#9329);
#5592=IFCCARTESIANPOINT((0.,0.,0.));
#5593=IFCDIRECTION((1.,0.,0.));
#5594=IFCDIRECTION((0.,1.,0.));
#5595=IFCDIRECTION((0.,0.,1.));
#5596=IFCCARTESIANTRANSFORMATIONOPERATOR3D(#5593,#5594,#5592,1.,#5595);
#5597=IFCMAPPEDITEM(#5591,#5596);
#5598=IFCSHAPEREPRESENTATION(#11,'Body','MappedRepresentation',(#5597));
#5599=IFCPRODUCTDEFINITIONSHAPE($,$,(#5598));
#5600=IFCRELVOIDSELEMENT('2BJvYYPMj8BQDnh9or9R0z',$,$,$,#5284,#5571);
#5606=IFCRELFILLSELEMENT('11DngscXz1gPXiFupiyF4w',$,$,$,#5571,#5547);
#5615=IFCCARTESIANPOINTLIST2D(((0.,0.),(0.,2.),(0.79542213678359985,2.),(0.79542213678359985,0.),(0.77042213641107082,0.),(0.77042213641107082,1.974999999627471),(0.02500000037252903,1.974999999627471),(0.02500000037252903,0.)));
#5616=IFCINDEXEDPOLYCURVE(#5615,(IFCLINEINDEX((1,2,3,4,5,6,7,8,1))),$);
#5617=IFCARBITRARYCLOSEDPROFILEDEF(.AREA.,$,#5616);
#5618=IFCCARTESIANPOINT((0.,0.02500000037252903,0.));
#5619=IFCDIRECTION((0.,-1.,0.));
#5620=IFCDIRECTION((1.,0.,0.));
#5621=IFCAXIS2PLACEMENT3D(#5618,#5619,#5620);
#5622=IFCDIRECTION((0.,0.,-1.));
#5623=IFCEXTRUDEDAREASOLID(#5617,#5621,#5622,0.02500000037252903);
#5624=IFCCARTESIANPOINTLIST2D(((0.,0.),(0.,2.),(0.79542213678359985,2.),(0.79542213678359985,0.),(0.74542213603854179,0.),(0.74542213603854179,1.9499999992549419),(0.05000000074505806,1.9499999992549419),(0.05000000074505806,0.)));
#5625=IFCINDEXEDPOLYCURVE(#5624,(IFCLINEINDEX((1,2,3,4,5,6,7,8,1))),$);
#5626=IFCARBITRARYCLOSEDPROFILEDEF(.AREA.,$,#5625);
#5627=IFCCARTESIANPOINT((0.,0.,0.));
#5628=IFCDIRECTION((0.,-1.,0.));
#5629=IFCDIRECTION((1.,0.,0.));
#5630=IFCAXIS2PLACEMENT3D(#5627,#5628,#5629);
#5631=IFCDIRECTION((0.,0.,-1.));
#5632=IFCEXTRUDEDAREASOLID(#5626,#5630,#5631,0.02500000037252903);
#5633=IFCCARTESIANPOINTLIST2D(((0.,0.),(0.69542213529348373,0.),(0.69542213529348373,0.10000000149011612),(0.,0.10000000149011612)));
#5634=IFCINDEXEDPOLYCURVE(#5633,(IFCLINEINDEX((1,2,3,4,1))),$);
#5635=IFCARBITRARYCLOSEDPROFILEDEF(.AREA.,$,#5634);
#5636=IFCCARTESIANPOINT((0.05000000074505806,0.,0.));
#5637=IFCDIRECTION((0.,0.,1.));
#5638=IFCDIRECTION((1.,0.,0.));
#5639=IFCAXIS2PLACEMENT3D(#5636,#5637,#5638);
#5640=IFCDIRECTION((0.,0.,1.));
#5641=IFCEXTRUDEDAREASOLID(#5635,#5639,#5640,0.02500000037252903);
#5642=IFCCARTESIANPOINTLIST2D(((0.,0.),(0.,2.0250000022351742),(0.84542214125394821,2.0250000022351742),(0.84542214125394821,0.),(0.77042213827371597,0.),(0.77042213827371597,1.9499999992549419),(0.075000002980232239,1.9499999992549419),(0.075000002980232239,0.)));
#5643=IFCINDEXEDPOLYCURVE(#5642,(IFCLINEINDEX((1,2,3,4,5,6,7,8,1))),$);
#5644=IFCARBITRARYCLOSEDPROFILEDEF(.AREA.,$,#5643);
#5645=IFCCARTESIANPOINT((-0.025000002235174179,-0.004999999888241291,0.));
#5646=IFCDIRECTION((0.,-1.,0.));
#5647=IFCDIRECTION((1.,0.,0.));
#5648=IFCAXIS2PLACEMENT3D(#5645,#5646,#5647);
#5649=IFCDIRECTION((0.,0.,-1.));
#5650=IFCEXTRUDEDAREASOLID(#5644,#5648,#5649,0.004999999888241291);
#5651=IFCCARTESIANPOINTLIST2D(((0.,0.),(0.,2.0250000022351742),(0.84542214125394821,2.0250000022351742),(0.84542214125394821,0.),(0.795422138646245,0.),(0.795422138646245,1.974999999627471),(0.050000002607703209,1.974999999627471),(0.050000002607703209,0.)));
#5652=IFCINDEXEDPOLYCURVE(#5651,(IFCLINEINDEX((1,2,3,4,5,6,7,8,1))),$);
#5653=IFCARBITRARYCLOSEDPROFILEDEF(.AREA.,$,#5652);
#5654=IFCCARTESIANPOINT((-0.025000002235174179,0.05000000074505806,0.));
#5655=IFCDIRECTION((0.,-1.,0.));
#5656=IFCDIRECTION((1.,0.,0.));
#5657=IFCAXIS2PLACEMENT3D(#5654,#5655,#5656);
#5658=IFCDIRECTION((0.,0.,-1.));
#5659=IFCEXTRUDEDAREASOLID(#5653,#5657,#5658,0.004999999888241291);
#5660=IFCCARTESIANPOINTLIST2D(((0.,0.),(0.74542213603854179,0.),(0.74542213603854179,0.035000000149011612),(0.,0.035000000149011612)));
#5661=IFCINDEXEDPOLYCURVE(#5660,(IFCLINEINDEX((1,2,3,4,1))),$);
#5662=IFCARBITRARYCLOSEDPROFILEDEF(.AREA.,$,#5661);
#5663=IFCCARTESIANPOINT((0.02500000037252903,0.02500000037252903,0.02500000037252903));
#5664=IFCDIRECTION((0.,0.,1.));
#5665=IFCDIRECTION((1.,0.,0.));
#5666=IFCAXIS2PLACEMENT3D(#5663,#5664,#5665);
#5667=IFCDIRECTION((0.,0.,1.));
#5668=IFCEXTRUDEDAREASOLID(#5662,#5666,#5667,1.9499999992549419);
#5669=IFCCARTESIANPOINTLIST2D(((0.,0.),(0.,-0.040000000000000001),(0.12,-0.040000000000000001),(0.12,-0.02),(0.02,-0.02),(0.02,0.)));
#5670=IFCINDEXEDPOLYCURVE(#5669,(IFCLINEINDEX((1,2,3,4,5,6,1))),$);
#5671=IFCARBITRARYCLOSEDPROFILEDEF(.AREA.,$,#5670);
#5672=IFCCARTESIANPOINT((0.075000000372529033,0.02500000037252903,1.015000000372529));
#5673=IFCDIRECTION((0.,0.,1.));
#5674=IFCDIRECTION((1.,0.,0.));
#5675=IFCAXIS2PLACEMENT3D(#5672,#5673,#5674);
#5676=IFCDIRECTION((0.,0.,1.));
#5677=IFCEXTRUDEDAREASOLID(#5671,#5675,#5676,0.02);
#5678=IFCEXTRUDEDAREASOLID(#5679,#5682,#5686,0.02);
#5679=IFCARBITRARYCLOSEDPROFILEDEF(.AREA.,$,#5680);
#5680=IFCINDEXEDPOLYCURVE(#5681,(IFCLINEINDEX((1,2,3,4,5,6,1))),$);
#5681=IFCCARTESIANPOINTLIST2D(((0.,0.),(0.,0.040000000000000008),(0.11999999999999998,0.040000000000000008),(0.11999999999999998,0.020000000000000004),(0.020000000000000004,0.020000000000000004),(0.020000000000000004,0.)));
#5682=IFCAXIS2PLACEMENT3D(#5683,#5684,#5685);
#5683=IFCCARTESIANPOINT((0.075000000372529033,0.060000000521540642,1.015000000372529));
#5684=IFCDIRECTION((0.,0.,1.));
#5685=IFCDIRECTION((1.,0.,0.));
#5686=IFCDIRECTION((0.,0.,1.));
#5688=IFCSHAPEREPRESENTATION(#11,'Body','SweptSolid',(#5760,#5632,#5778,#5650,#5893,#5641,#5884,#5751,#5659,#5866,#5875,#5769,#5742,#5623,#5857));
#5689=IFCSHAPEASPECT((#5688),'Lining',$,.T.,#5556);
#5690=IFCSHAPEREPRESENTATION(#11,'Body','SweptSolid',(#5787,#5668,#5797,#5902,#5911,#5912,#5796,#5677,#5678));
#5691=IFCSHAPEASPECT((#5690),'Framing',$,.T.,#5556);
#5734=IFCCARTESIANPOINTLIST2D(((0.,0.),(0.,2.),(0.89951574802398682,2.),(0.89951574802398682,0.),(0.87451574765145779,0.),(0.87451574765145779,1.974999999627471),(0.02500000037252903,1.974999999627471),(0.02500000037252903,0.)));
#5735=IFCINDEXEDPOLYCURVE(#5734,(IFCLINEINDEX((1,2,3,4,5,6,7,8,1))),$);
#5736=IFCARBITRARYCLOSEDPROFILEDEF(.AREA.,$,#5735);
#5737=IFCCARTESIANPOINT((0.,0.02500000037252903,0.));
#5738=IFCDIRECTION((0.,-1.,0.));
#5739=IFCDIRECTION((1.,0.,0.));
#5740=IFCAXIS2PLACEMENT3D(#5737,#5738,#5739);
#5741=IFCDIRECTION((0.,0.,-1.));
#5742=IFCEXTRUDEDAREASOLID(#5736,#5740,#5741,0.02500000037252903);
#5743=IFCCARTESIANPOINTLIST2D(((0.,0.),(0.,2.),(0.89951574802398682,2.),(0.89951574802398682,0.),(0.84951574727892876,0.),(0.84951574727892876,1.9499999992549419),(0.05000000074505806,1.9499999992549419),(0.05000000074505806,0.)));
#5744=IFCINDEXEDPOLYCURVE(#5743,(IFCLINEINDEX((1,2,3,4,5,6,7,8,1))),$);
#5745=IFCARBITRARYCLOSEDPROFILEDEF(.AREA.,$,#5744);
#5746=IFCCARTESIANPOINT((0.,0.,0.));
#5747=IFCDIRECTION((0.,-1.,0.));
#5748=IFCDIRECTION((1.,0.,0.));
#5749=IFCAXIS2PLACEMENT3D(#5746,#5747,#5748);
#5750=IFCDIRECTION((0.,0.,-1.));
#5751=IFCEXTRUDEDAREASOLID(#5745,#5749,#5750,0.02500000037252903);
#5752=IFCCARTESIANPOINTLIST2D(((0.,0.),(0.7995157465338707,0.),(0.7995157465338707,0.10000000149011612),(0.,0.10000000149011612)));
#5753=IFCINDEXEDPOLYCURVE(#5752,(IFCLINEINDEX((1,2,3,4,1))),$);
#5754=IFCARBITRARYCLOSEDPROFILEDEF(.AREA.,$,#5753);
#5755=IFCCARTESIANPOINT((0.05000000074505806,0.,0.));
#5756=IFCDIRECTION((0.,0.,1.));
#5757=IFCDIRECTION((1.,0.,0.));
#5758=IFCAXIS2PLACEMENT3D(#5755,#5756,#5757);
#5759=IFCDIRECTION((0.,0.,1.));
#5760=IFCEXTRUDEDAREASOLID(#5754,#5758,#5759,0.02500000037252903);
#5761=IFCCARTESIANPOINTLIST2D(((0.,0.),(0.,2.0250000022351742),(0.94951575249433517,2.0250000022351742),(0.94951575249433517,0.),(0.87451574951410294,0.),(0.87451574951410294,1.9499999992549419),(0.075000002980232239,1.9499999992549419),(0.075000002980232239,0.)));
#5762=IFCINDEXEDPOLYCURVE(#5761,(IFCLINEINDEX((1,2,3,4,5,6,7,8,1))),$);
#5763=IFCARBITRARYCLOSEDPROFILEDEF(.AREA.,$,#5762);
#5764=IFCCARTESIANPOINT((-0.025000002235174179,-0.004999999888241291,0.));
#5765=IFCDIRECTION((0.,-1.,0.));
#5766=IFCDIRECTION((1.,0.,0.));
#5767=IFCAXIS2PLACEMENT3D(#5764,#5765,#5766);
#5768=IFCDIRECTION((0.,0.,-1.));
#5769=IFCEXTRUDEDAREASOLID(#5763,#5767,#5768,0.004999999888241291);
#5770=IFCCARTESIANPOINTLIST2D(((0.,0.),(0.,2.0250000022351742),(0.94951575249433517,2.0250000022351742),(0.94951575249433517,0.),(0.89951574988663197,0.),(0.89951574988663197,1.974999999627471),(0.050000002607703209,1.974999999627471),(0.050000002607703209,0.)));
#5771=IFCINDEXEDPOLYCURVE(#5770,(IFCLINEINDEX((1,2,3,4,5,6,7,8,1))),$);
#5772=IFCARBITRARYCLOSEDPROFILEDEF(.AREA.,$,#5771);
#5773=IFCCARTESIANPOINT((-0.025000002235174179,0.05000000074505806,0.));
#5774=IFCDIRECTION((0.,-1.,0.));
#5775=IFCDIRECTION((1.,0.,0.));
#5776=IFCAXIS2PLACEMENT3D(#5773,#5774,#5775);
#5777=IFCDIRECTION((0.,0.,-1.));
#5778=IFCEXTRUDEDAREASOLID(#5772,#5776,#5777,0.004999999888241291);
#5779=IFCCARTESIANPOINTLIST2D(((0.,0.),(0.84951574727892876,0.),(0.84951574727892876,0.035000000149011612),(0.,0.035000000149011612)));
#5780=IFCINDEXEDPOLYCURVE(#5779,(IFCLINEINDEX((1,2,3,4,1))),$);
#5781=IFCARBITRARYCLOSEDPROFILEDEF(.AREA.,$,#5780);
#5782=IFCCARTESIANPOINT((0.02500000037252903,0.02500000037252903,0.02500000037252903));
#5783=IFCDIRECTION((0.,0.,1.));
#5784=IFCDIRECTION((1.,0.,0.));
#5785=IFCAXIS2PLACEMENT3D(#5782,#5783,#5784);
#5786=IFCDIRECTION((0.,0.,1.));
#5787=IFCEXTRUDEDAREASOLID(#5781,#5785,#5786,1.9499999992549419);
#5788=IFCCARTESIANPOINTLIST2D(((0.,0.),(0.,-0.040000000000000001),(-0.11999999999999988,-0.040000000000000001),(-0.11999999999999988,-0.02),(-0.020000000000000018,-0.02),(-0.020000000000000018,0.)));
#5789=IFCINDEXEDPOLYCURVE(#5788,(IFCLINEINDEX((1,2,3,4,5,6,1))),$);
#5790=IFCARBITRARYCLOSEDPROFILEDEF(.AREA.,$,#5789);
#5791=IFCCARTESIANPOINT((0.82451574765145774,0.02500000037252903,1.015000000372529));
#5792=IFCDIRECTION((0.,0.,1.));
#5793=IFCDIRECTION((1.,0.,0.));
#5794=IFCAXIS2PLACEMENT3D(#5791,#5792,#5793);
#5795=IFCDIRECTION((0.,0.,1.));
#5796=IFCEXTRUDEDAREASOLID(#5790,#5794,#5795,0.02);
#5797=IFCEXTRUDEDAREASOLID(#5798,#5801,#5805,0.02);
#5798=IFCARBITRARYCLOSEDPROFILEDEF(.AREA.,$,#5799);
#5799=IFCINDEXEDPOLYCURVE(#5800,(IFCLINEINDEX((1,2,3,4,5,6,1))),$);
#5800=IFCCARTESIANPOINTLIST2D(((0.,0.),(0.,0.040000000000000008),(-0.11999999999999988,0.040000000000000008),(-0.11999999999999988,0.020000000000000004),(-0.020000000000000018,0.020000000000000004),(-0.020000000000000018,0.)));
#5801=IFCAXIS2PLACEMENT3D(#5802,#5803,#5804);
#5802=IFCCARTESIANPOINT((0.82451574765145774,0.060000000521540642,1.015000000372529));
#5803=IFCDIRECTION((0.,0.,1.));
#5804=IFCDIRECTION((1.,0.,0.));
#5805=IFCDIRECTION((0.,0.,1.));
#5849=IFCCARTESIANPOINTLIST2D(((0.,0.),(0.,2.),(0.82003623247146606,2.),(0.82003623247146606,0.),(0.79503623209893703,0.),(0.79503623209893703,1.974999999627471),(0.02500000037252903,1.974999999627471),(0.02500000037252903,0.)));
#5850=IFCINDEXEDPOLYCURVE(#5849,(IFCLINEINDEX((1,2,3,4,5,6,7,8,1))),$);
#5851=IFCARBITRARYCLOSEDPROFILEDEF(.AREA.,$,#5850);
#5852=IFCCARTESIANPOINT((0.,0.02500000037252903,0.));
#5853=IFCDIRECTION((0.,-1.,0.));
#5854=IFCDIRECTION((1.,0.,0.));
#5855=IFCAXIS2PLACEMENT3D(#5852,#5853,#5854);
#5856=IFCDIRECTION((0.,0.,-1.));
#5857=IFCEXTRUDEDAREASOLID(#5851,#5855,#5856,0.02500000037252903);
#5858=IFCCARTESIANPOINTLIST2D(((0.,0.),(0.,2.),(0.82003623247146606,2.),(0.82003623247146606,0.),(0.770036231726408,0.),(0.770036231726408,1.9499999992549419),(0.05000000074505806,1.9499999992549419),(0.05000000074505806,0.)));
#5859=IFCINDEXEDPOLYCURVE(#5858,(IFCLINEINDEX((1,2,3,4,5,6,7,8,1))),$);
#5860=IFCARBITRARYCLOSEDPROFILEDEF(.AREA.,$,#5859);
#5861=IFCCARTESIANPOINT((0.,0.,0.));
#5862=IFCDIRECTION((0.,-1.,0.));
#5863=IFCDIRECTION((1.,0.,0.));
#5864=IFCAXIS2PLACEMENT3D(#5861,#5862,#5863);
#5865=IFCDIRECTION((0.,0.,-1.));
#5866=IFCEXTRUDEDAREASOLID(#5860,#5864,#5865,0.02500000037252903);
#5867=IFCCARTESIANPOINTLIST2D(((0.,0.),(0.72003623098134995,0.),(0.72003623098134995,0.10000000149011612),(0.,0.10000000149011612)));
#5868=IFCINDEXEDPOLYCURVE(#5867,(IFCLINEINDEX((1,2,3,4,1))),$);
#5869=IFCARBITRARYCLOSEDPROFILEDEF(.AREA.,$,#5868);
#5870=IFCCARTESIANPOINT((0.05000000074505806,0.,0.));
#5871=IFCDIRECTION((0.,0.,1.));
#5872=IFCDIRECTION((1.,0.,0.));
#5873=IFCAXIS2PLACEMENT3D(#5870,#5871,#5872);
#5874=IFCDIRECTION((0.,0.,1.));
#5875=IFCEXTRUDEDAREASOLID(#5869,#5873,#5874,0.02500000037252903);
#5876=IFCCARTESIANPOINTLIST2D(((0.,0.),(0.,2.0250000022351742),(0.87003623694181442,2.0250000022351742),(0.87003623694181442,0.),(0.79503623396158218,0.),(0.79503623396158218,1.9499999992549419),(0.075000002980232239,1.9499999992549419),(0.075000002980232239,0.)));
#5877=IFCINDEXEDPOLYCURVE(#5876,(IFCLINEINDEX((1,2,3,4,5,6,7,8,1))),$);
#5878=IFCARBITRARYCLOSEDPROFILEDEF(.AREA.,$,#5877);
#5879=IFCCARTESIANPOINT((-0.025000002235174179,-0.004999999888241291,0.));
#5880=IFCDIRECTION((0.,-1.,0.));
#5881=IFCDIRECTION((1.,0.,0.));
#5882=IFCAXIS2PLACEMENT3D(#5879,#5880,#5881);
#5883=IFCDIRECTION((0.,0.,-1.));
#5884=IFCEXTRUDEDAREASOLID(#5878,#5882,#5883,0.004999999888241291);
#5885=IFCCARTESIANPOINTLIST2D(((0.,0.),(0.,2.0250000022351742),(0.87003623694181442,2.0250000022351742),(0.87003623694181442,0.),(0.82003623433411121,0.),(0.82003623433411121,1.974999999627471),(0.050000002607703209,1.974999999627471),(0.050000002607703209,0.)));
#5886=IFCINDEXEDPOLYCURVE(#5885,(IFCLINEINDEX((1,2,3,4,5,6,7,8,1))),$);
#5887=IFCARBITRARYCLOSEDPROFILEDEF(.AREA.,$,#5886);
#5888=IFCCARTESIANPOINT((-0.025000002235174179,0.05000000074505806,0.));
#5889=IFCDIRECTION((0.,-1.,0.));
#5890=IFCDIRECTION((1.,0.,0.));
#5891=IFCAXIS2PLACEMENT3D(#5888,#5889,#5890);
#5892=IFCDIRECTION((0.,0.,-1.));
#5893=IFCEXTRUDEDAREASOLID(#5887,#5891,#5892,0.004999999888241291);
#5894=IFCCARTESIANPOINTLIST2D(((0.,0.),(0.770036231726408,0.),(0.770036231726408,0.035000000149011612),(0.,0.035000000149011612)));
#5895=IFCINDEXEDPOLYCURVE(#5894,(IFCLINEINDEX((1,2,3,4,1))),$);
#5896=IFCARBITRARYCLOSEDPROFILEDEF(.AREA.,$,#5895);
#5897=IFCCARTESIANPOINT((0.02500000037252903,0.02500000037252903,0.02500000037252903));
#5898=IFCDIRECTION((0.,0.,1.));
#5899=IFCDIRECTION((1.,0.,0.));
#5900=IFCAXIS2PLACEMENT3D(#5897,#5898,#5899);
#5901=IFCDIRECTION((0.,0.,1.));
#5902=IFCEXTRUDEDAREASOLID(#5896,#5900,#5901,1.9499999992549419);
#5903=IFCCARTESIANPOINTLIST2D(((0.,0.),(0.,-0.040000000000000001),(-0.11999999999999988,-0.040000000000000001),(-0.11999999999999988,-0.02),(-0.020000000000000018,-0.02),(-0.020000000000000018,0.)));
#5904=IFCINDEXEDPOLYCURVE(#5903,(IFCLINEINDEX((1,2,3,4,5,6,1))),$);
#5905=IFCARBITRARYCLOSEDPROFILEDEF(.AREA.,$,#5904);
#5906=IFCCARTESIANPOINT((0.74503623209893699,0.02500000037252903,1.015000000372529));
#5907=IFCDIRECTION((0.,0.,1.));
#5908=IFCDIRECTION((1.,0.,0.));
#5909=IFCAXIS2PLACEMENT3D(#5906,#5907,#5908);
#5910=IFCDIRECTION((0.,0.,1.));
#5911=IFCEXTRUDEDAREASOLID(#5905,#5909,#5910,0.02);
#5912=IFCEXTRUDEDAREASOLID(#5913,#5916,#5920,0.02);
#5913=IFCARBITRARYCLOSEDPROFILEDEF(.AREA.,$,#5914);
#5914=IFCINDEXEDPOLYCURVE(#5915,(IFCLINEINDEX((1,2,3,4,5,6,1))),$);
#5915=IFCCARTESIANPOINTLIST2D(((0.,0.),(0.,0.040000000000000008),(-0.11999999999999988,0.040000000000000008),(-0.11999999999999988,0.020000000000000004),(-0.020000000000000018,0.020000000000000004),(-0.020000000000000018,0.)));
#5916=IFCAXIS2PLACEMENT3D(#5917,#5918,#5919);
#5917=IFCCARTESIANPOINT((0.74503623209893699,0.060000000521540642,1.015000000372529));
#5918=IFCDIRECTION((0.,0.,1.));
#5919=IFCDIRECTION((1.,0.,0.));
#5920=IFCDIRECTION((0.,0.,1.));
#5961=IFCDOORTYPE('2b6atfhsD4t9yeHm5ixG3T',$,'Bedroom1-2F',$,$,(#5962),(#5964,#5972,#6050),$,$,.DOOR.,.SINGLE_SWING_LEFT.,$,$);
#5962=IFCPROPERTYSET('0FJelU1xLD1vAfOmJc$H3W',$,'BBIM_Door',$,(#5963));
#5963=IFCPROPERTYSINGLEVALUE('Data',$,IFCTEXT('{"door_type": "SINGLE_SWING_LEFT", "overall_height": 2.0, "overall_width": 0.866049587726593, "lining_properties": {"lining_depth": 0.05000000074505806, "lining_thickness": 0.05000000074505806, "lining_offset": 0.0, "lining_to_panel_offset_x": 0.02500000037252903, "lining_to_panel_offset_y": 0.02500000037252903, "transom_thickness": 0.0, "casing_thickness": 0.07500000298023224, "casing_depth": 0.004999999888241291, "threshold_thickness": 0.02500000037252903, "threshold_depth": 0.10000000149011612, "threshold_offset": 0.0}, "panel_properties": {"panel_depth": 0.03500000014901161, "panel_width_ratio": 1.0}}'),$);
#5964=IFCREPRESENTATIONMAP(#5965,#6136);
#5965=IFCAXIS2PLACEMENT3D(#5966,#5967,#5968);
#5966=IFCCARTESIANPOINT((0.,0.,0.));
#5967=IFCDIRECTION((0.,0.,1.));
#5968=IFCDIRECTION((1.,0.,0.));
#5972=IFCREPRESENTATIONMAP(#5973,#6209);
#5973=IFCAXIS2PLACEMENT3D(#5974,#5975,#5976);
#5974=IFCCARTESIANPOINT((0.,0.,0.));
#5975=IFCDIRECTION((0.,0.,1.));
#5976=IFCDIRECTION((1.,0.,0.));
#6050=IFCREPRESENTATIONMAP(#6051,#6227);
#6051=IFCAXIS2PLACEMENT3D(#6052,#6053,#6054);
#6052=IFCCARTESIANPOINT((0.,0.,0.));
#6053=IFCDIRECTION((0.,0.,1.));
#6054=IFCDIRECTION((1.,0.,0.));
#6069=IFCDOOR('02Vu_EdkfD6Qe5QxXpgyec',$,'Door',$,$,#6252,#6078,$,2.,0.86604958772659302,$,.SINGLE_SWING_LEFT.,$);
#6070=IFCRELDEFINESBYTYPE('2DEn7_Rp544e7pjGROcRK$',$,$,$,(#6069),#5961);
#6071=IFCCARTESIANPOINT((0.,0.,0.));
#6072=IFCDIRECTION((1.,0.,0.));
#6073=IFCDIRECTION((0.,1.,0.));
#6074=IFCDIRECTION((0.,0.,1.));
#6075=IFCCARTESIANTRANSFORMATIONOPERATOR3D(#6072,#6073,#6071,1.,#6074);
#6076=IFCMAPPEDITEM(#5964,#6075);
#6077=IFCSHAPEREPRESENTATION(#18,'Profile','MappedRepresentation',(#6076));
#6078=IFCPRODUCTDEFINITIONSHAPE($,$,(#6077,#6085,#6092));
#6079=IFCCARTESIANPOINT((0.,0.,0.));
#6080=IFCDIRECTION((1.,0.,0.));
#6081=IFCDIRECTION((0.,1.,0.));
#6082=IFCDIRECTION((0.,0.,1.));
#6083=IFCCARTESIANTRANSFORMATIONOPERATOR3D(#6080,#6081,#6079,1.,#6082);
#6084=IFCMAPPEDITEM(#5972,#6083);
#6085=IFCSHAPEREPRESENTATION(#11,'Body','MappedRepresentation',(#6084));
#6086=IFCCARTESIANPOINT((0.,0.,0.));
#6087=IFCDIRECTION((1.,0.,0.));
#6088=IFCDIRECTION((0.,1.,0.));
#6089=IFCDIRECTION((0.,0.,1.));
#6090=IFCCARTESIANTRANSFORMATIONOPERATOR3D(#6087,#6088,#6086,1.,#6089);
#6091=IFCMAPPEDITEM(#6050,#6090);
#6092=IFCSHAPEREPRESENTATION(#24,'Body','MappedRepresentation',(#6091));
#6093=IFCOPENINGELEMENT('2U7mxQ9nP88AzQG3rv3nso',$,'Opening',$,$,#6247,#6121,$,.OPENING.);
#6109=IFCCARTESIANPOINT((0.,0.,0.));
#6110=IFCDIRECTION((1.,0.,0.));
#6111=IFCDIRECTION((0.,0.,1.));
#6112=IFCAXIS2PLACEMENT3D(#6109,#6111,#6110);
#6113=IFCREPRESENTATIONMAP(#6112,#6237);
#6114=IFCCARTESIANPOINT((0.,0.,0.));
#6115=IFCDIRECTION((1.,0.,0.));
#6116=IFCDIRECTION((0.,1.,0.));
#6117=IFCDIRECTION((0.,0.,1.));
#6118=IFCCARTESIANTRANSFORMATIONOPERATOR3D(#6115,#6116,#6114,1.,#6117);
#6119=IFCMAPPEDITEM(#6113,#6118);
#6120=IFCSHAPEREPRESENTATION(#11,'Body','MappedRepresentation',(#6119));
#6121=IFCPRODUCTDEFINITIONSHAPE($,$,(#6120));
#6122=IFCRELVOIDSELEMENT('2861nrq3P6IesWEG5J0u4H',$,$,$,#4778,#6093);
#6128=IFCRELFILLSELEMENT('2V38UsrnP8O9ZFw0T1YIJP',$,$,$,#6093,#6069);
#6134=IFCCARTESIANPOINTLIST3D(((0.,0.,0.),(0.86604958772659302,0.,0.),(0.86604958772659302,0.,2.),(0.,0.,2.)));
#6135=IFCINDEXEDPOLYCURVE(#6134,(IFCLINEINDEX((1,2,3,4,1))),$);
#6136=IFCSHAPEREPRESENTATION(#18,'Profile','Curve3D',(#6135));
#6137=IFCCARTESIANPOINTLIST2D(((0.,0.),(0.,2.),(0.86604958772659302,2.),(0.86604958772659302,0.),(0.84104958735406399,0.),(0.84104958735406399,1.974999999627471),(0.02500000037252903,1.974999999627471),(0.02500000037252903,0.)));
#6138=IFCINDEXEDPOLYCURVE(#6137,(IFCLINEINDEX((1,2,3,4,5,6,7,8,1))),$);
#6139=IFCARBITRARYCLOSEDPROFILEDEF(.AREA.,$,#6138);
#6140=IFCCARTESIANPOINT((0.,0.02500000037252903,0.));
#6141=IFCDIRECTION((0.,-1.,0.));
#6142=IFCDIRECTION((1.,0.,0.));
#6143=IFCAXIS2PLACEMENT3D(#6140,#6141,#6142);
#6144=IFCDIRECTION((0.,0.,-1.));
#6145=IFCEXTRUDEDAREASOLID(#6139,#6143,#6144,0.02500000037252903);
#6146=IFCCARTESIANPOINTLIST2D(((0.,0.),(0.,2.),(0.86604958772659302,2.),(0.86604958772659302,0.),(0.81604958698153496,0.),(0.81604958698153496,1.9499999992549419),(0.05000000074505806,1.9499999992549419),(0.05000000074505806,0.)));
#6147=IFCINDEXEDPOLYCURVE(#6146,(IFCLINEINDEX((1,2,3,4,5,6,7,8,1))),$);
#6148=IFCARBITRARYCLOSEDPROFILEDEF(.AREA.,$,#6147);
#6149=IFCCARTESIANPOINT((0.,0.,0.));
#6150=IFCDIRECTION((0.,-1.,0.));
#6151=IFCDIRECTION((1.,0.,0.));
#6152=IFCAXIS2PLACEMENT3D(#6149,#6150,#6151);
#6153=IFCDIRECTION((0.,0.,-1.));
#6154=IFCEXTRUDEDAREASOLID(#6148,#6152,#6153,0.02500000037252903);
#6155=IFCCARTESIANPOINTLIST2D(((0.,0.),(0.7660495862364769,0.),(0.7660495862364769,0.10000000149011612),(0.,0.10000000149011612)));
#6156=IFCINDEXEDPOLYCURVE(#6155,(IFCLINEINDEX((1,2,3,4,1))),$);
#6157=IFCARBITRARYCLOSEDPROFILEDEF(.AREA.,$,#6156);
#6158=IFCCARTESIANPOINT((0.05000000074505806,0.,0.));
#6159=IFCDIRECTION((0.,0.,1.));
#6160=IFCDIRECTION((1.,0.,0.));
#6161=IFCAXIS2PLACEMENT3D(#6158,#6159,#6160);
#6162=IFCDIRECTION((0.,0.,1.));
#6163=IFCEXTRUDEDAREASOLID(#6157,#6161,#6162,0.02500000037252903);
#6164=IFCCARTESIANPOINTLIST2D(((0.,0.),(0.,2.0250000022351742),(0.91604959219694138,2.0250000022351742),(0.91604959219694138,0.),(0.84104958921670914,0.),(0.84104958921670914,1.9499999992549419),(0.075000002980232239,1.9499999992549419),(0.075000002980232239,0.)));
#6165=IFCINDEXEDPOLYCURVE(#6164,(IFCLINEINDEX((1,2,3,4,5,6,7,8,1))),$);
#6166=IFCARBITRARYCLOSEDPROFILEDEF(.AREA.,$,#6165);
#6167=IFCCARTESIANPOINT((-0.025000002235174179,-0.004999999888241291,0.));
#6168=IFCDIRECTION((0.,-1.,0.));
#6169=IFCDIRECTION((1.,0.,0.));
#6170=IFCAXIS2PLACEMENT3D(#6167,#6168,#6169);
#6171=IFCDIRECTION((0.,0.,-1.));
#6172=IFCEXTRUDEDAREASOLID(#6166,#6170,#6171,0.004999999888241291);
#6173=IFCCARTESIANPOINTLIST2D(((0.,0.),(0.,2.0250000022351742),(0.91604959219694138,2.0250000022351742),(0.91604959219694138,0.),(0.86604958958923817,0.),(0.86604958958923817,1.974999999627471),(0.050000002607703209,1.974999999627471),(0.050000002607703209,0.)));
#6174=IFCINDEXEDPOLYCURVE(#6173,(IFCLINEINDEX((1,2,3,4,5,6,7,8,1))),$);
#6175=IFCARBITRARYCLOSEDPROFILEDEF(.AREA.,$,#6174);
#6176=IFCCARTESIANPOINT((-0.025000002235174179,0.05000000074505806,0.));
#6177=IFCDIRECTION((0.,-1.,0.));
#6178=IFCDIRECTION((1.,0.,0.));
#6179=IFCAXIS2PLACEMENT3D(#6176,#6177,#6178);
#6180=IFCDIRECTION((0.,0.,-1.));
#6181=IFCEXTRUDEDAREASOLID(#6175,#6179,#6180,0.004999999888241291);
#6182=IFCCARTESIANPOINTLIST2D(((0.,0.),(0.81604958698153496,0.),(0.81604958698153496,0.035000000149011612),(0.,0.035000000149011612)));
#6183=IFCINDEXEDPOLYCURVE(#6182,(IFCLINEINDEX((1,2,3,4,1))),$);
#6184=IFCARBITRARYCLOSEDPROFILEDEF(.AREA.,$,#6183);
#6185=IFCCARTESIANPOINT((0.02500000037252903,0.02500000037252903,0.02500000037252903));
#6186=IFCDIRECTION((0.,0.,1.));
#6187=IFCDIRECTION((1.,0.,0.));
#6188=IFCAXIS2PLACEMENT3D(#6185,#6186,#6187);
#6189=IFCDIRECTION((0.,0.,1.));
#6190=IFCEXTRUDEDAREASOLID(#6184,#6188,#6189,1.9499999992549419);
#6191=IFCCARTESIANPOINTLIST2D(((0.,0.),(0.,-0.040000000000000001),(-0.11999999999999988,-0.040000000000000001),(-0.11999999999999988,-0.02),(-0.020000000000000018,-0.02),(-0.020000000000000018,0.)));
#6192=IFCINDEXEDPOLYCURVE(#6191,(IFCLINEINDEX((1,2,3,4,5,6,1))),$);
#6193=IFCARBITRARYCLOSEDPROFILEDEF(.AREA.,$,#6192);
#6194=IFCCARTESIANPOINT((0.79104958735406394,0.02500000037252903,1.015000000372529));
#6195=IFCDIRECTION((0.,0.,1.));
#6196=IFCDIRECTION((1.,0.,0.));
#6197=IFCAXIS2PLACEMENT3D(#6194,#6195,#6196);
#6198=IFCDIRECTION((0.,0.,1.));
#6199=IFCEXTRUDEDAREASOLID(#6193,#6197,#6198,0.02);
#6200=IFCEXTRUDEDAREASOLID(#6201,#6204,#6208,0.02);
#6201=IFCARBITRARYCLOSEDPROFILEDEF(.AREA.,$,#6202);
#6202=IFCINDEXEDPOLYCURVE(#6203,(IFCLINEINDEX((1,2,3,4,5,6,1))),$);
#6203=IFCCARTESIANPOINTLIST2D(((0.,0.),(0.,0.040000000000000008),(-0.11999999999999988,0.040000000000000008),(-0.11999999999999988,0.020000000000000004),(-0.020000000000000018,0.020000000000000004),(-0.020000000000000018,0.)));
#6204=IFCAXIS2PLACEMENT3D(#6205,#6206,#6207);
#6205=IFCCARTESIANPOINT((0.79104958735406394,0.060000000521540642,1.015000000372529));
#6206=IFCDIRECTION((0.,0.,1.));
#6207=IFCDIRECTION((1.,0.,0.));
#6208=IFCDIRECTION((0.,0.,1.));
#6209=IFCSHAPEREPRESENTATION(#11,'Body','SweptSolid',(#6145,#6154,#6190,#6199,#6200,#6163,#6172,#6181));
#6210=IFCSHAPEREPRESENTATION(#11,'Body','SweptSolid',(#6145,#6154,#6163,#6172,#6181));
#6211=IFCSHAPEASPECT((#6210),'Lining',$,.T.,#6078);
#6212=IFCSHAPEREPRESENTATION(#11,'Body','SweptSolid',(#6190,#6199,#6200));
#6213=IFCSHAPEASPECT((#6212),'Framing',$,.T.,#6078);
#6214=IFCCARTESIANPOINTLIST2D(((0.,0.),(0.,0.05000000074505806),(0.02500000037252903,0.05000000074505806),(0.02500000037252903,0.02500000037252903),(0.05000000074505806,0.02500000037252903),(0.05000000074505806,0.)));
#6215=IFCINDEXEDPOLYCURVE(#6214,(IFCLINEINDEX((1,2,3,4,5,6,1))),$);
#6216=IFCINDEXEDPOLYCURVE(#6217,(IFCLINEINDEX((1,2,3,4,5,6,1))),$);
#6217=IFCCARTESIANPOINTLIST2D(((0.86604958772659302,0.),(0.86604958772659302,0.05000000074505806),(0.84104958735406399,0.05000000074505806),(0.84104958735406399,0.02500000037252903),(0.81604958698153496,0.02500000037252903),(0.81604958698153496,0.)));
#6218=IFCDIRECTION((1.,0.));
#6219=IFCCARTESIANPOINT((0.060000000521540642,0.05000000074505806));
#6220=IFCAXIS2PLACEMENT2D(#6219,#6218);
#6221=IFCELLIPSE(#6220,0.78104958683252335,0.81604958698153496);
#6222=IFCCARTESIANPOINT((0.84104958735406399,0.05000000074505806));
#6223=IFCCARTESIANPOINT((0.060000000521540642,0.86604958772659302));
#6224=IFCTRIMMEDCURVE(#6221,(#6222),(#6223),.T.,.CARTESIAN.);
#6225=IFCCARTESIANPOINTLIST2D(((0.02500000037252903,0.05000000074505806),(0.060000000521540642,0.05000000074505806),(0.060000000521540642,0.86604958772659302),(0.02500000037252903,0.86604958772659302)));
#6226=IFCINDEXEDPOLYCURVE(#6225,(IFCLINEINDEX((1,2,3,4,1))),$);
#6227=IFCSHAPEREPRESENTATION(#24,'Body','Curve2D',(#6215,#6216,#6224,#6226));
#6228=IFCCARTESIANPOINTLIST2D(((0.,0.),(0.86604958772659302,0.),(0.86604958772659302,2.),(0.,2.)));
#6229=IFCINDEXEDPOLYCURVE(#6228,(IFCLINEINDEX((1,2,3,4,1))),$);
#6230=IFCARBITRARYCLOSEDPROFILEDEF(.AREA.,$,#6229);
#6231=IFCCARTESIANPOINT((0.,-0.60000002384185791,0.));
#6232=IFCDIRECTION((0.,-1.,0.));
#6233=IFCDIRECTION((1.,0.,0.));
#6234=IFCAXIS2PLACEMENT3D(#6231,#6232,#6233);
#6235=IFCDIRECTION((0.,0.,-1.));
#6236=IFCEXTRUDEDAREASOLID(#6230,#6234,#6235,1.2);
#6237=IFCSHAPEREPRESENTATION(#11,'Body','SweptSolid',(#6236));
#6243=IFCCARTESIANPOINT((2.7455233238672263,0.10000001201807962,0.));
#6244=IFCDIRECTION((0.,0.,1.));
#6245=IFCDIRECTION((-0.99999999999999933,3.1664460404395856E-08,0.));
#6246=IFCAXIS2PLACEMENT3D(#6243,#6244,#6245);
#6247=IFCLOCALPLACEMENT(#9182,#6246);
#6248=IFCCARTESIANPOINT((-4.4408920985006262E-16,0.,0.));
#6249=IFCDIRECTION((0.,0.,1.));
#6250=IFCDIRECTION((1.,-1.7347234759768071E-18,0.));
#6251=IFCAXIS2PLACEMENT3D(#6248,#6249,#6250);
#6252=IFCLOCALPLACEMENT(#6247,#6251);
#6253=IFCDOORTYPE('3lvHxR03v9_u7WSdojdkW0',$,'Masters-2F',$,$,(#6254),(#6256,#6264,#6342),$,$,.DOOR.,.SINGLE_SWING_LEFT.,$,$);
#6254=IFCPROPERTYSET('1ddTUPs7D9k8C_SpO21N0H',$,'BBIM_Door',$,(#6255));
#6255=IFCPROPERTYSINGLEVALUE('Data',$,IFCTEXT('{"door_type": "SINGLE_SWING_LEFT", "overall_height": 2.0, "overall_width": 0.866049587726593, "lining_properties": {"lining_depth": 0.05000000074505806, "lining_thickness": 0.05000000074505806, "lining_offset": 0.0, "lining_to_panel_offset_x": 0.02500000037252903, "lining_to_panel_offset_y": 0.02500000037252903, "transom_thickness": 0.0, "casing_thickness": 0.07500000298023224, "casing_depth": 0.004999999888241291, "threshold_thickness": 0.02500000037252903, "threshold_depth": 0.10000000149011612, "threshold_offset": 0.0}, "panel_properties": {"panel_depth": 0.03500000014901161, "panel_width_ratio": 1.0}}'),$);
#6256=IFCREPRESENTATIONMAP(#6257,#6261);
#6257=IFCAXIS2PLACEMENT3D(#6258,#6259,#6260);
#6258=IFCCARTESIANPOINT((0.,0.,0.));
#6259=IFCDIRECTION((0.,0.,1.));
#6260=IFCDIRECTION((1.,0.,0.));
#6261=IFCSHAPEREPRESENTATION(#18,'Profile','Curve3D',(#6262));
#6262=IFCINDEXEDPOLYCURVE(#6263,(IFCLINEINDEX((1,2,3,4,1))),$);
#6263=IFCCARTESIANPOINTLIST3D(((0.,0.,0.),(0.86604958772659302,0.,0.),(0.86604958772659302,0.,2.),(0.,0.,2.)));
#6264=IFCREPRESENTATIONMAP(#6265,#6269);
#6265=IFCAXIS2PLACEMENT3D(#6266,#6267,#6268);
#6266=IFCCARTESIANPOINT((0.,0.,0.));
#6267=IFCDIRECTION((0.,0.,1.));
#6268=IFCDIRECTION((1.,0.,0.));
#6269=IFCSHAPEREPRESENTATION(#11,'Body','SweptSolid',(#6270,#6279,#6288,#6297,#6306,#6315,#6324,#6333));
#6270=IFCEXTRUDEDAREASOLID(#6271,#6274,#6278,0.02500000037252903);
#6271=IFCARBITRARYCLOSEDPROFILEDEF(.AREA.,$,#6272);
#6272=IFCINDEXEDPOLYCURVE(#6273,(IFCLINEINDEX((1,2,3,4,5,6,7,8,1))),$);
#6273=IFCCARTESIANPOINTLIST2D(((0.,0.),(0.,2.),(0.86604958772659302,2.),(0.86604958772659302,0.),(0.84104958735406399,0.),(0.84104958735406399,1.974999999627471),(0.02500000037252903,1.974999999627471),(0.02500000037252903,0.)));
#6274=IFCAXIS2PLACEMENT3D(#6275,#6276,#6277);
#6275=IFCCARTESIANPOINT((0.,0.02500000037252903,0.));
#6276=IFCDIRECTION((0.,-1.,0.));
#6277=IFCDIRECTION((1.,0.,0.));
#6278=IFCDIRECTION((0.,0.,-1.));
#6279=IFCEXTRUDEDAREASOLID(#6280,#6283,#6287,0.02500000037252903);
#6280=IFCARBITRARYCLOSEDPROFILEDEF(.AREA.,$,#6281);
#6281=IFCINDEXEDPOLYCURVE(#6282,(IFCLINEINDEX((1,2,3,4,5,6,7,8,1))),$);
#6282=IFCCARTESIANPOINTLIST2D(((0.,0.),(0.,2.),(0.86604958772659302,2.),(0.86604958772659302,0.),(0.81604958698153496,0.),(0.81604958698153496,1.9499999992549419),(0.05000000074505806,1.9499999992549419),(0.05000000074505806,0.)));
#6283=IFCAXIS2PLACEMENT3D(#6284,#6285,#6286);
#6284=IFCCARTESIANPOINT((0.,0.,0.));
#6285=IFCDIRECTION((0.,-1.,0.));
#6286=IFCDIRECTION((1.,0.,0.));
#6287=IFCDIRECTION((0.,0.,-1.));
#6288=IFCEXTRUDEDAREASOLID(#6289,#6292,#6296,1.9499999992549419);
#6289=IFCARBITRARYCLOSEDPROFILEDEF(.AREA.,$,#6290);
#6290=IFCINDEXEDPOLYCURVE(#6291,(IFCLINEINDEX((1,2,3,4,1))),$);
#6291=IFCCARTESIANPOINTLIST2D(((0.,0.),(0.81604958698153496,0.),(0.81604958698153496,0.035000000149011612),(0.,0.035000000149011612)));
#6292=IFCAXIS2PLACEMENT3D(#6293,#6294,#6295);
#6293=IFCCARTESIANPOINT((0.02500000037252903,0.02500000037252903,0.02500000037252903));
#6294=IFCDIRECTION((0.,0.,1.));
#6295=IFCDIRECTION((1.,0.,0.));
#6296=IFCDIRECTION((0.,0.,1.));
#6297=IFCEXTRUDEDAREASOLID(#6298,#6301,#6305,0.02);
#6298=IFCARBITRARYCLOSEDPROFILEDEF(.AREA.,$,#6299);
#6299=IFCINDEXEDPOLYCURVE(#6300,(IFCLINEINDEX((1,2,3,4,5,6,1))),$);
#6300=IFCCARTESIANPOINTLIST2D(((0.,0.),(0.,-0.040000000000000001),(-0.11999999999999988,-0.040000000000000001),(-0.11999999999999988,-0.02),(-0.020000000000000018,-0.02),(-0.020000000000000018,0.)));
#6301=IFCAXIS2PLACEMENT3D(#6302,#6303,#6304);
#6302=IFCCARTESIANPOINT((0.79104958735406394,0.02500000037252903,1.015000000372529));
#6303=IFCDIRECTION((0.,0.,1.));
#6304=IFCDIRECTION((1.,0.,0.));
#6305=IFCDIRECTION((0.,0.,1.));
#6306=IFCEXTRUDEDAREASOLID(#6307,#6310,#6314,0.02);
#6307=IFCARBITRARYCLOSEDPROFILEDEF(.AREA.,$,#6308);
#6308=IFCINDEXEDPOLYCURVE(#6309,(IFCLINEINDEX((1,2,3,4,5,6,1))),$);
#6309=IFCCARTESIANPOINTLIST2D(((0.,0.),(0.,0.040000000000000008),(-0.11999999999999988,0.040000000000000008),(-0.11999999999999988,0.020000000000000004),(-0.020000000000000018,0.020000000000000004),(-0.020000000000000018,0.)));
#6310=IFCAXIS2PLACEMENT3D(#6311,#6312,#6313);
#6311=IFCCARTESIANPOINT((0.79104958735406394,0.060000000521540642,1.015000000372529));
#6312=IFCDIRECTION((0.,0.,1.));
#6313=IFCDIRECTION((1.,0.,0.));
#6314=IFCDIRECTION((0.,0.,1.));
#6315=IFCEXTRUDEDAREASOLID(#6316,#6319,#6323,0.02500000037252903);
#6316=IFCARBITRARYCLOSEDPROFILEDEF(.AREA.,$,#6317);
#6317=IFCINDEXEDPOLYCURVE(#6318,(IFCLINEINDEX((1,2,3,4,1))),$);
#6318=IFCCARTESIANPOINTLIST2D(((0.,0.),(0.7660495862364769,0.),(0.7660495862364769,0.10000000149011612),(0.,0.10000000149011612)));
#6319=IFCAXIS2PLACEMENT3D(#6320,#6321,#6322);
#6320=IFCCARTESIANPOINT((0.05000000074505806,0.,0.));
#6321=IFCDIRECTION((0.,0.,1.));
#6322=IFCDIRECTION((1.,0.,0.));
#6323=IFCDIRECTION((0.,0.,1.));
#6324=IFCEXTRUDEDAREASOLID(#6325,#6328,#6332,0.004999999888241291);
#6325=IFCARBITRARYCLOSEDPROFILEDEF(.AREA.,$,#6326);
#6326=IFCINDEXEDPOLYCURVE(#6327,(IFCLINEINDEX((1,2,3,4,5,6,7,8,1))),$);
#6327=IFCCARTESIANPOINTLIST2D(((0.,0.),(0.,2.0250000022351742),(0.91604959219694138,2.0250000022351742),(0.91604959219694138,0.),(0.84104958921670914,0.),(0.84104958921670914,1.9499999992549419),(0.075000002980232239,1.9499999992549419),(0.075000002980232239,0.)));
#6328=IFCAXIS2PLACEMENT3D(#6329,#6330,#6331);
#6329=IFCCARTESIANPOINT((-0.025000002235174179,-0.004999999888241291,0.));
#6330=IFCDIRECTION((0.,-1.,0.));
#6331=IFCDIRECTION((1.,0.,0.));
#6332=IFCDIRECTION((0.,0.,-1.));
#6333=IFCEXTRUDEDAREASOLID(#6334,#6337,#6341,0.004999999888241291);
#6334=IFCARBITRARYCLOSEDPROFILEDEF(.AREA.,$,#6335);
#6335=IFCINDEXEDPOLYCURVE(#6336,(IFCLINEINDEX((1,2,3,4,5,6,7,8,1))),$);
#6336=IFCCARTESIANPOINTLIST2D(((0.,0.),(0.,2.0250000022351742),(0.91604959219694138,2.0250000022351742),(0.91604959219694138,0.),(0.86604958958923817,0.),(0.86604958958923817,1.974999999627471),(0.050000002607703209,1.974999999627471),(0.050000002607703209,0.)));
#6337=IFCAXIS2PLACEMENT3D(#6338,#6339,#6340);
#6338=IFCCARTESIANPOINT((-0.025000002235174179,0.05000000074505806,0.));
#6339=IFCDIRECTION((0.,-1.,0.));
#6340=IFCDIRECTION((1.,0.,0.));
#6341=IFCDIRECTION((0.,0.,-1.));
#6342=IFCREPRESENTATIONMAP(#6343,#6347);
#6343=IFCAXIS2PLACEMENT3D(#6344,#6345,#6346);
#6344=IFCCARTESIANPOINT((0.,0.,0.));
#6345=IFCDIRECTION((0.,0.,1.));
#6346=IFCDIRECTION((1.,0.,0.));
#6347=IFCSHAPEREPRESENTATION(#24,'Body','Curve2D',(#6348,#6350,#6352,#6359));
#6348=IFCINDEXEDPOLYCURVE(#6349,(IFCLINEINDEX((1,2,3,4,5,6,1))),$);
#6349=IFCCARTESIANPOINTLIST2D(((0.,0.),(0.,0.05000000074505806),(0.02500000037252903,0.05000000074505806),(0.02500000037252903,0.02500000037252903),(0.05000000074505806,0.02500000037252903),(0.05000000074505806,0.)));
#6350=IFCINDEXEDPOLYCURVE(#6351,(IFCLINEINDEX((1,2,3,4,5,6,1))),$);
#6351=IFCCARTESIANPOINTLIST2D(((0.86604958772659302,0.),(0.86604958772659302,0.05000000074505806),(0.84104958735406399,0.05000000074505806),(0.84104958735406399,0.02500000037252903),(0.81604958698153496,0.02500000037252903),(0.81604958698153496,0.)));
#6352=IFCTRIMMEDCURVE(#6353,(#6357),(#6358),.T.,.CARTESIAN.);
#6353=IFCELLIPSE(#6354,0.78104958683252335,0.81604958698153496);
#6354=IFCAXIS2PLACEMENT2D(#6355,#6356);
#6355=IFCCARTESIANPOINT((0.060000000521540642,0.05000000074505806));
#6356=IFCDIRECTION((1.,0.));
#6357=IFCCARTESIANPOINT((0.84104958735406399,0.05000000074505806));
#6358=IFCCARTESIANPOINT((0.060000000521540642,0.86604958772659302));
#6359=IFCINDEXEDPOLYCURVE(#6360,(IFCLINEINDEX((1,2,3,4,1))),$);
#6360=IFCCARTESIANPOINTLIST2D(((0.02500000037252903,0.05000000074505806),(0.060000000521540642,0.05000000074505806),(0.060000000521540642,0.86604958772659302),(0.02500000037252903,0.86604958772659302)));
#6361=IFCDOOR('1H9tPRLoLB6QsDWHnSaQXj',$,'Door',$,$,#7012,#6370,$,2.,0.86604958772659302,$,$,$);
#6362=IFCRELDEFINESBYTYPE('1T7KZdyQvAuPxzqfH3i$q3',$,$,$,(#6361),#6253);
#6363=IFCCARTESIANPOINT((0.,0.,0.));
#6364=IFCDIRECTION((1.,0.,0.));
#6365=IFCDIRECTION((0.,1.,0.));
#6366=IFCDIRECTION((0.,0.,1.));
#6367=IFCCARTESIANTRANSFORMATIONOPERATOR3D(#6364,#6365,#6363,1.,#6366);
#6368=IFCMAPPEDITEM(#6256,#6367);
#6369=IFCSHAPEREPRESENTATION(#18,'Profile','MappedRepresentation',(#6368));
#6370=IFCPRODUCTDEFINITIONSHAPE($,$,(#6369,#6377,#6384));
#6371=IFCCARTESIANPOINT((0.,0.,0.));
#6372=IFCDIRECTION((1.,0.,0.));
#6373=IFCDIRECTION((0.,1.,0.));
#6374=IFCDIRECTION((0.,0.,1.));
#6375=IFCCARTESIANTRANSFORMATIONOPERATOR3D(#6372,#6373,#6371,1.,#6374);
#6376=IFCMAPPEDITEM(#6264,#6375);
#6377=IFCSHAPEREPRESENTATION(#11,'Body','MappedRepresentation',(#6376));
#6378=IFCCARTESIANPOINT((0.,0.,0.));
#6379=IFCDIRECTION((1.,0.,0.));
#6380=IFCDIRECTION((0.,1.,0.));
#6381=IFCDIRECTION((0.,0.,1.));
#6382=IFCCARTESIANTRANSFORMATIONOPERATOR3D(#6379,#6380,#6378,1.,#6381);
#6383=IFCMAPPEDITEM(#6342,#6382);
#6384=IFCSHAPEREPRESENTATION(#24,'Body','MappedRepresentation',(#6383));
#6385=IFCOPENINGELEMENT('2A2qCLMaPB6875EkatDabp',$,'Opening',$,$,#6480,#6413,$,.OPENING.);
#6391=IFCCARTESIANPOINTLIST2D(((0.,0.),(0.86604958772659302,0.),(0.86604958772659302,2.),(0.,2.)));
#6392=IFCINDEXEDPOLYCURVE(#6391,(IFCLINEINDEX((1,2,3,4,1))),$);
#6393=IFCARBITRARYCLOSEDPROFILEDEF(.AREA.,$,#6392);
#6394=IFCCARTESIANPOINT((0.,-0.60000002384185791,0.));
#6395=IFCDIRECTION((0.,-1.,0.));
#6396=IFCDIRECTION((1.,0.,0.));
#6397=IFCAXIS2PLACEMENT3D(#6394,#6395,#6396);
#6398=IFCDIRECTION((0.,0.,-1.));
#6399=IFCEXTRUDEDAREASOLID(#6393,#6397,#6398,1.2);
#6400=IFCSHAPEREPRESENTATION(#11,'Body','SweptSolid',(#6399));
#6401=IFCCARTESIANPOINT((0.,0.,0.));
#6402=IFCDIRECTION((1.,0.,0.));
#6403=IFCDIRECTION((0.,0.,1.));
#6404=IFCAXIS2PLACEMENT3D(#6401,#6403,#6402);
#6405=IFCREPRESENTATIONMAP(#6404,#6400);
#6406=IFCCARTESIANPOINT((0.,0.,0.));
#6407=IFCDIRECTION((1.,0.,0.));
#6408=IFCDIRECTION((0.,1.,0.));
#6409=IFCDIRECTION((0.,0.,1.));
#6410=IFCCARTESIANTRANSFORMATIONOPERATOR3D(#6407,#6408,#6406,1.,#6409);
#6411=IFCMAPPEDITEM(#6405,#6410);
#6412=IFCSHAPEREPRESENTATION(#11,'Body','MappedRepresentation',(#6411));
#6413=IFCPRODUCTDEFINITIONSHAPE($,$,(#6412));
#6414=IFCRELVOIDSELEMENT('3Hov4VpKrDIvlu9tWi2VkY',$,$,$,#4778,#6385);
#6420=IFCRELFILLSELEMENT('3hm_yEwDz7ouqClVjuPj99',$,$,$,#6385,#6361);
#6476=IFCCARTESIANPOINT((3.1272339166221967,0.015003662479765811,0.));
#6477=IFCDIRECTION((0.,0.,1.));
#6478=IFCDIRECTION((0.99999999999928935,-1.1920738112796911E-06,0.));
#6479=IFCAXIS2PLACEMENT3D(#6476,#6477,#6478);
#6480=IFCLOCALPLACEMENT(#9182,#6479);
#6486=IFCDOORTYPE('2gsnm7joP5Rf6HimmE3UqP',$,'Bedroom2-2F',$,$,(#6487),(#6489,#6497,#6575),$,$,.DOOR.,.SINGLE_SWING_LEFT.,$,$);
#6487=IFCPROPERTYSET('1Vl6tfucDBKxqigA4EGM_L',$,'BBIM_Door',$,(#6488));
#6488=IFCPROPERTYSINGLEVALUE('Data',$,IFCTEXT('{"door_type": "SINGLE_SWING_LEFT", "overall_height": 2.0, "overall_width": 1.0251476764678955, "lining_properties": {"lining_depth": 0.05000000074505806, "lining_thickness": 0.05000000074505806, "lining_offset": 0.0, "lining_to_panel_offset_x": 0.02500000037252903, "lining_to_panel_offset_y": 0.02500000037252903, "transom_thickness": 0.0, "casing_thickness": 0.07500000298023224, "casing_depth": 0.004999999888241291, "threshold_thickness": 0.02500000037252903, "threshold_depth": 0.10000000149011612, "threshold_offset": 0.0}, "panel_properties": {"panel_depth": 0.03500000014901161, "panel_width_ratio": 1.0}}'),$);
#6489=IFCREPRESENTATIONMAP(#6490,#6895);
#6490=IFCAXIS2PLACEMENT3D(#6491,#6492,#6493);
#6491=IFCCARTESIANPOINT((0.,0.,0.));
#6492=IFCDIRECTION((0.,0.,1.));
#6493=IFCDIRECTION((1.,0.,0.));
#6497=IFCREPRESENTATIONMAP(#6498,#6968);
#6498=IFCAXIS2PLACEMENT3D(#6499,#6500,#6501);
#6499=IFCCARTESIANPOINT((0.,0.,0.));
#6500=IFCDIRECTION((0.,0.,1.));
#6501=IFCDIRECTION((1.,0.,0.));
#6575=IFCREPRESENTATIONMAP(#6576,#6982);
#6576=IFCAXIS2PLACEMENT3D(#6577,#6578,#6579);
#6577=IFCCARTESIANPOINT((0.,0.,0.));
#6578=IFCDIRECTION((0.,0.,1.));
#6579=IFCDIRECTION((1.,0.,0.));
#6594=IFCDOOR('3KTSDhjET6K9HMzPoqDFjs',$,'Door',$,$,#7007,#6603,$,2.,1.0251476764678955,$,.SINGLE_SWING_LEFT.,$);
#6595=IFCRELDEFINESBYTYPE('2OHJ5DCDzCKPucnIsAeedO',$,$,$,(#6594),#6486);
#6596=IFCCARTESIANPOINT((0.,0.,0.));
#6597=IFCDIRECTION((1.,0.,0.));
#6598=IFCDIRECTION((0.,1.,0.));
#6599=IFCDIRECTION((0.,0.,1.));
#6600=IFCCARTESIANTRANSFORMATIONOPERATOR3D(#6597,#6598,#6596,1.,#6599);
#6601=IFCMAPPEDITEM(#6489,#6600);
#6602=IFCSHAPEREPRESENTATION(#18,'Profile','MappedRepresentation',(#6601));
#6603=IFCPRODUCTDEFINITIONSHAPE($,$,(#6602,#6610,#6617));
#6604=IFCCARTESIANPOINT((0.,0.,0.));
#6605=IFCDIRECTION((1.,0.,0.));
#6606=IFCDIRECTION((0.,1.,0.));
#6607=IFCDIRECTION((0.,0.,1.));
#6608=IFCCARTESIANTRANSFORMATIONOPERATOR3D(#6605,#6606,#6604,1.,#6607);
#6609=IFCMAPPEDITEM(#6497,#6608);
#6610=IFCSHAPEREPRESENTATION(#11,'Body','MappedRepresentation',(#6609));
#6611=IFCCARTESIANPOINT((0.,0.,0.));
#6612=IFCDIRECTION((1.,0.,0.));
#6613=IFCDIRECTION((0.,1.,0.));
#6614=IFCDIRECTION((0.,0.,1.));
#6615=IFCCARTESIANTRANSFORMATIONOPERATOR3D(#6612,#6613,#6611,1.,#6614);
#6616=IFCMAPPEDITEM(#6575,#6615);
#6617=IFCSHAPEREPRESENTATION(#24,'Body','MappedRepresentation',(#6616));
#6618=IFCOPENINGELEMENT('2Mnf7$9_v4Qe41$emvXIUz',$,'Opening',$,$,#7002,#6646,$,.OPENING.);
#6634=IFCCARTESIANPOINT((0.,0.,0.));
#6635=IFCDIRECTION((1.,0.,0.));
#6636=IFCDIRECTION((0.,0.,1.));
#6637=IFCAXIS2PLACEMENT3D(#6634,#6636,#6635);
#6638=IFCREPRESENTATIONMAP(#6637,#6992);
#6639=IFCCARTESIANPOINT((0.,0.,0.));
#6640=IFCDIRECTION((1.,0.,0.));
#6641=IFCDIRECTION((0.,1.,0.));
#6642=IFCDIRECTION((0.,0.,1.));
#6643=IFCCARTESIANTRANSFORMATIONOPERATOR3D(#6640,#6641,#6639,1.,#6642);
#6644=IFCMAPPEDITEM(#6638,#6643);
#6645=IFCSHAPEREPRESENTATION(#11,'Body','MappedRepresentation',(#6644));
#6646=IFCPRODUCTDEFINITIONSHAPE($,$,(#6645));
#6647=IFCRELVOIDSELEMENT('03XxOTLIL62P6pUPirdnTj',$,$,$,#3941,#6618);
#6653=IFCRELFILLSELEMENT('1FW2lx1If3H8$P9ChCFL5f',$,$,$,#6618,#6594);
#6662=IFCCARTESIANPOINTLIST2D(((0.,0.),(0.,2.),(0.91136676073074341,2.),(0.91136676073074341,0.),(0.88636676035821438,0.),(0.88636676035821438,1.974999999627471),(0.02500000037252903,1.974999999627471),(0.02500000037252903,0.)));
#6663=IFCINDEXEDPOLYCURVE(#6662,(IFCLINEINDEX((1,2,3,4,5,6,7,8,1))),$);
#6664=IFCARBITRARYCLOSEDPROFILEDEF(.AREA.,$,#6663);
#6665=IFCCARTESIANPOINT((0.,0.02500000037252903,0.));
#6666=IFCDIRECTION((0.,-1.,0.));
#6667=IFCDIRECTION((1.,0.,0.));
#6668=IFCAXIS2PLACEMENT3D(#6665,#6666,#6667);
#6669=IFCDIRECTION((0.,0.,-1.));
#6670=IFCEXTRUDEDAREASOLID(#6664,#6668,#6669,0.02500000037252903);
#6671=IFCCARTESIANPOINTLIST2D(((0.,0.),(0.,2.),(0.91136676073074341,2.),(0.91136676073074341,0.),(0.86136675998568535,0.),(0.86136675998568535,1.9499999992549419),(0.05000000074505806,1.9499999992549419),(0.05000000074505806,0.)));
#6672=IFCINDEXEDPOLYCURVE(#6671,(IFCLINEINDEX((1,2,3,4,5,6,7,8,1))),$);
#6673=IFCARBITRARYCLOSEDPROFILEDEF(.AREA.,$,#6672);
#6674=IFCCARTESIANPOINT((0.,0.,0.));
#6675=IFCDIRECTION((0.,-1.,0.));
#6676=IFCDIRECTION((1.,0.,0.));
#6677=IFCAXIS2PLACEMENT3D(#6674,#6675,#6676);
#6678=IFCDIRECTION((0.,0.,-1.));
#6679=IFCEXTRUDEDAREASOLID(#6673,#6677,#6678,0.02500000037252903);
#6680=IFCCARTESIANPOINTLIST2D(((0.,0.),(0.81136675924062729,0.),(0.81136675924062729,0.10000000149011612),(0.,0.10000000149011612)));
#6681=IFCINDEXEDPOLYCURVE(#6680,(IFCLINEINDEX((1,2,3,4,1))),$);
#6682=IFCARBITRARYCLOSEDPROFILEDEF(.AREA.,$,#6681);
#6683=IFCCARTESIANPOINT((0.05000000074505806,0.,0.));
#6684=IFCDIRECTION((0.,0.,1.));
#6685=IFCDIRECTION((1.,0.,0.));
#6686=IFCAXIS2PLACEMENT3D(#6683,#6684,#6685);
#6687=IFCDIRECTION((0.,0.,1.));
#6688=IFCEXTRUDEDAREASOLID(#6682,#6686,#6687,0.02500000037252903);
#6689=IFCCARTESIANPOINTLIST2D(((0.,0.),(0.,2.0250000022351742),(0.96136676520109177,2.0250000022351742),(0.96136676520109177,0.),(0.88636676222085953,0.),(0.88636676222085953,1.9499999992549419),(0.075000002980232239,1.9499999992549419),(0.075000002980232239,0.)));
#6690=IFCINDEXEDPOLYCURVE(#6689,(IFCLINEINDEX((1,2,3,4,5,6,7,8,1))),$);
#6691=IFCARBITRARYCLOSEDPROFILEDEF(.AREA.,$,#6690);
#6692=IFCCARTESIANPOINT((-0.025000002235174179,-0.004999999888241291,0.));
#6693=IFCDIRECTION((0.,-1.,0.));
#6694=IFCDIRECTION((1.,0.,0.));
#6695=IFCAXIS2PLACEMENT3D(#6692,#6693,#6694);
#6696=IFCDIRECTION((0.,0.,-1.));
#6697=IFCEXTRUDEDAREASOLID(#6691,#6695,#6696,0.004999999888241291);
#6698=IFCCARTESIANPOINTLIST2D(((0.,0.),(0.,2.0250000022351742),(0.96136676520109177,2.0250000022351742),(0.96136676520109177,0.),(0.91136676259338856,0.),(0.91136676259338856,1.974999999627471),(0.050000002607703209,1.974999999627471),(0.050000002607703209,0.)));
#6699=IFCINDEXEDPOLYCURVE(#6698,(IFCLINEINDEX((1,2,3,4,5,6,7,8,1))),$);
#6700=IFCARBITRARYCLOSEDPROFILEDEF(.AREA.,$,#6699);
#6701=IFCCARTESIANPOINT((-0.025000002235174179,0.05000000074505806,0.));
#6702=IFCDIRECTION((0.,-1.,0.));
#6703=IFCDIRECTION((1.,0.,0.));
#6704=IFCAXIS2PLACEMENT3D(#6701,#6702,#6703);
#6705=IFCDIRECTION((0.,0.,-1.));
#6706=IFCEXTRUDEDAREASOLID(#6700,#6704,#6705,0.004999999888241291);
#6707=IFCCARTESIANPOINTLIST2D(((0.,0.),(0.86136675998568535,0.),(0.86136675998568535,0.035000000149011612),(0.,0.035000000149011612)));
#6708=IFCINDEXEDPOLYCURVE(#6707,(IFCLINEINDEX((1,2,3,4,1))),$);
#6709=IFCARBITRARYCLOSEDPROFILEDEF(.AREA.,$,#6708);
#6710=IFCCARTESIANPOINT((0.02500000037252903,0.02500000037252903,0.02500000037252903));
#6711=IFCDIRECTION((0.,0.,1.));
#6712=IFCDIRECTION((1.,0.,0.));
#6713=IFCAXIS2PLACEMENT3D(#6710,#6711,#6712);
#6714=IFCDIRECTION((0.,0.,1.));
#6715=IFCEXTRUDEDAREASOLID(#6709,#6713,#6714,1.9499999992549419);
#6716=IFCCARTESIANPOINTLIST2D(((0.,0.),(0.,-0.040000000000000001),(0.12,-0.040000000000000001),(0.12,-0.02),(0.02,-0.02),(0.02,0.)));
#6717=IFCINDEXEDPOLYCURVE(#6716,(IFCLINEINDEX((1,2,3,4,5,6,1))),$);
#6718=IFCARBITRARYCLOSEDPROFILEDEF(.AREA.,$,#6717);
#6719=IFCCARTESIANPOINT((0.075000000372529033,0.02500000037252903,1.015000000372529));
#6720=IFCDIRECTION((0.,0.,1.));
#6721=IFCDIRECTION((1.,0.,0.));
#6722=IFCAXIS2PLACEMENT3D(#6719,#6720,#6721);
#6723=IFCDIRECTION((0.,0.,1.));
#6724=IFCEXTRUDEDAREASOLID(#6718,#6722,#6723,0.02);
#6725=IFCEXTRUDEDAREASOLID(#6726,#6729,#6733,0.02);
#6726=IFCARBITRARYCLOSEDPROFILEDEF(.AREA.,$,#6727);
#6727=IFCINDEXEDPOLYCURVE(#6728,(IFCLINEINDEX((1,2,3,4,5,6,1))),$);
#6728=IFCCARTESIANPOINTLIST2D(((0.,0.),(0.,0.040000000000000008),(0.11999999999999998,0.040000000000000008),(0.11999999999999998,0.020000000000000004),(0.020000000000000004,0.020000000000000004),(0.020000000000000004,0.)));
#6729=IFCAXIS2PLACEMENT3D(#6730,#6731,#6732);
#6730=IFCCARTESIANPOINT((0.075000000372529033,0.060000000521540642,1.015000000372529));
#6731=IFCDIRECTION((0.,0.,1.));
#6732=IFCDIRECTION((1.,0.,0.));
#6733=IFCDIRECTION((0.,0.,1.));
#6735=IFCSHAPEREPRESENTATION(#11,'Body','SweptSolid',(#6922,#6670,#6825,#6706,#6807,#6904,#6798,#6940,#6688,#6816,#6789,#6697,#6931,#6679,#6913));
#6736=IFCSHAPEASPECT((#6735),'Lining',$,.T.,#6603);
#6737=IFCSHAPEREPRESENTATION(#11,'Body','SweptSolid',(#6959,#6844,#6949,#6724,#6715,#6843,#6958,#6725,#6834));
#6738=IFCSHAPEASPECT((#6737),'Framing',$,.T.,#6603);
#6781=IFCCARTESIANPOINTLIST2D(((0.,0.),(0.,2.),(1.0251476764678955,2.),(1.0251476764678955,0.),(1.0001476760953665,0.),(1.0001476760953665,1.974999999627471),(0.02500000037252903,1.974999999627471),(0.02500000037252903,0.)));
#6782=IFCINDEXEDPOLYCURVE(#6781,(IFCLINEINDEX((1,2,3,4,5,6,7,8,1))),$);
#6783=IFCARBITRARYCLOSEDPROFILEDEF(.AREA.,$,#6782);
#6784=IFCCARTESIANPOINT((0.,0.02500000037252903,0.));
#6785=IFCDIRECTION((0.,-1.,0.));
#6786=IFCDIRECTION((1.,0.,0.));
#6787=IFCAXIS2PLACEMENT3D(#6784,#6785,#6786);
#6788=IFCDIRECTION((0.,0.,-1.));
#6789=IFCEXTRUDEDAREASOLID(#6783,#6787,#6788,0.02500000037252903);
#6790=IFCCARTESIANPOINTLIST2D(((0.,0.),(0.,2.),(1.0251476764678955,2.),(1.0251476764678955,0.),(0.97514767572283745,0.),(0.97514767572283745,1.9499999992549419),(0.05000000074505806,1.9499999992549419),(0.05000000074505806,0.)));
#6791=IFCINDEXEDPOLYCURVE(#6790,(IFCLINEINDEX((1,2,3,4,5,6,7,8,1))),$);
#6792=IFCARBITRARYCLOSEDPROFILEDEF(.AREA.,$,#6791);
#6793=IFCCARTESIANPOINT((0.,0.,0.));
#6794=IFCDIRECTION((0.,-1.,0.));
#6795=IFCDIRECTION((1.,0.,0.));
#6796=IFCAXIS2PLACEMENT3D(#6793,#6794,#6795);
#6797=IFCDIRECTION((0.,0.,-1.));
#6798=IFCEXTRUDEDAREASOLID(#6792,#6796,#6797,0.02500000037252903);
#6799=IFCCARTESIANPOINTLIST2D(((0.,0.),(0.92514767497777939,0.),(0.92514767497777939,0.10000000149011612),(0.,0.10000000149011612)));
#6800=IFCINDEXEDPOLYCURVE(#6799,(IFCLINEINDEX((1,2,3,4,1))),$);
#6801=IFCARBITRARYCLOSEDPROFILEDEF(.AREA.,$,#6800);
#6802=IFCCARTESIANPOINT((0.05000000074505806,0.,0.));
#6803=IFCDIRECTION((0.,0.,1.));
#6804=IFCDIRECTION((1.,0.,0.));
#6805=IFCAXIS2PLACEMENT3D(#6802,#6803,#6804);
#6806=IFCDIRECTION((0.,0.,1.));
#6807=IFCEXTRUDEDAREASOLID(#6801,#6805,#6806,0.02500000037252903);
#6808=IFCCARTESIANPOINTLIST2D(((0.,0.),(0.,2.0250000022351742),(1.0751476809382439,2.0250000022351742),(1.0751476809382439,0.),(1.0001476779580116,0.),(1.0001476779580116,1.9499999992549419),(0.075000002980232239,1.9499999992549419),(0.075000002980232239,0.)));
#6809=IFCINDEXEDPOLYCURVE(#6808,(IFCLINEINDEX((1,2,3,4,5,6,7,8,1))),$);
#6810=IFCARBITRARYCLOSEDPROFILEDEF(.AREA.,$,#6809);
#6811=IFCCARTESIANPOINT((-0.025000002235174179,-0.004999999888241291,0.));
#6812=IFCDIRECTION((0.,-1.,0.));
#6813=IFCDIRECTION((1.,0.,0.));
#6814=IFCAXIS2PLACEMENT3D(#6811,#6812,#6813);
#6815=IFCDIRECTION((0.,0.,-1.));
#6816=IFCEXTRUDEDAREASOLID(#6810,#6814,#6815,0.004999999888241291);
#6817=IFCCARTESIANPOINTLIST2D(((0.,0.),(0.,2.0250000022351742),(1.0751476809382439,2.0250000022351742),(1.0751476809382439,0.),(1.0251476783305407,0.),(1.0251476783305407,1.974999999627471),(0.050000002607703209,1.974999999627471),(0.050000002607703209,0.)));
#6818=IFCINDEXEDPOLYCURVE(#6817,(IFCLINEINDEX((1,2,3,4,5,6,7,8,1))),$);
#6819=IFCARBITRARYCLOSEDPROFILEDEF(.AREA.,$,#6818);
#6820=IFCCARTESIANPOINT((-0.025000002235174179,0.05000000074505806,0.));
#6821=IFCDIRECTION((0.,-1.,0.));
#6822=IFCDIRECTION((1.,0.,0.));
#6823=IFCAXIS2PLACEMENT3D(#6820,#6821,#6822);
#6824=IFCDIRECTION((0.,0.,-1.));
#6825=IFCEXTRUDEDAREASOLID(#6819,#6823,#6824,0.004999999888241291);
#6826=IFCCARTESIANPOINTLIST2D(((0.,0.),(0.97514767572283745,0.),(0.97514767572283745,0.035000000149011612),(0.,0.035000000149011612)));
#6827=IFCINDEXEDPOLYCURVE(#6826,(IFCLINEINDEX((1,2,3,4,1))),$);
#6828=IFCARBITRARYCLOSEDPROFILEDEF(.AREA.,$,#6827);
#6829=IFCCARTESIANPOINT((0.02500000037252903,0.02500000037252903,0.02500000037252903));
#6830=IFCDIRECTION((0.,0.,1.));
#6831=IFCDIRECTION((1.,0.,0.));
#6832=IFCAXIS2PLACEMENT3D(#6829,#6830,#6831);
#6833=IFCDIRECTION((0.,0.,1.));
#6834=IFCEXTRUDEDAREASOLID(#6828,#6832,#6833,1.9499999992549419);
#6835=IFCCARTESIANPOINTLIST2D(((0.,0.),(0.,-0.040000000000000001),(-0.11999999999999988,-0.040000000000000001),(-0.11999999999999988,-0.02),(-0.020000000000000018,-0.02),(-0.020000000000000018,0.)));
#6836=IFCINDEXEDPOLYCURVE(#6835,(IFCLINEINDEX((1,2,3,4,5,6,1))),$);
#6837=IFCARBITRARYCLOSEDPROFILEDEF(.AREA.,$,#6836);
#6838=IFCCARTESIANPOINT((0.95014767609536643,0.02500000037252903,1.015000000372529));
#6839=IFCDIRECTION((0.,0.,1.));
#6840=IFCDIRECTION((1.,0.,0.));
#6841=IFCAXIS2PLACEMENT3D(#6838,#6839,#6840);
#6842=IFCDIRECTION((0.,0.,1.));
#6843=IFCEXTRUDEDAREASOLID(#6837,#6841,#6842,0.02);
#6844=IFCEXTRUDEDAREASOLID(#6845,#6848,#6852,0.02);
#6845=IFCARBITRARYCLOSEDPROFILEDEF(.AREA.,$,#6846);
#6846=IFCINDEXEDPOLYCURVE(#6847,(IFCLINEINDEX((1,2,3,4,5,6,1))),$);
#6847=IFCCARTESIANPOINTLIST2D(((0.,0.),(0.,0.040000000000000008),(-0.11999999999999988,0.040000000000000008),(-0.11999999999999988,0.020000000000000004),(-0.020000000000000018,0.020000000000000004),(-0.020000000000000018,0.)));
#6848=IFCAXIS2PLACEMENT3D(#6849,#6850,#6851);
#6849=IFCCARTESIANPOINT((0.95014767609536643,0.060000000521540642,1.015000000372529));
#6850=IFCDIRECTION((0.,0.,1.));
#6851=IFCDIRECTION((1.,0.,0.));
#6852=IFCDIRECTION((0.,0.,1.));
#6893=IFCCARTESIANPOINTLIST3D(((0.,0.,0.),(1.0251476764678955,0.,0.),(1.0251476764678955,0.,2.),(0.,0.,2.)));
#6894=IFCINDEXEDPOLYCURVE(#6893,(IFCLINEINDEX((1,2,3,4,1))),$);
#6895=IFCSHAPEREPRESENTATION(#18,'Profile','Curve3D',(#6894));
#6896=IFCCARTESIANPOINTLIST2D(((0.,0.),(0.,2.),(1.0251476764678955,2.),(1.0251476764678955,0.),(1.0001476760953665,0.),(1.0001476760953665,1.974999999627471),(0.02500000037252903,1.974999999627471),(0.02500000037252903,0.)));
#6897=IFCINDEXEDPOLYCURVE(#6896,(IFCLINEINDEX((1,2,3,4,5,6,7,8,1))),$);
#6898=IFCARBITRARYCLOSEDPROFILEDEF(.AREA.,$,#6897);
#6899=IFCCARTESIANPOINT((0.,0.02500000037252903,0.));
#6900=IFCDIRECTION((0.,-1.,0.));
#6901=IFCDIRECTION((1.,0.,0.));
#6902=IFCAXIS2PLACEMENT3D(#6899,#6900,#6901);
#6903=IFCDIRECTION((0.,0.,-1.));
#6904=IFCEXTRUDEDAREASOLID(#6898,#6902,#6903,0.02500000037252903);
#6905=IFCCARTESIANPOINTLIST2D(((0.,0.),(0.,2.),(1.0251476764678955,2.),(1.0251476764678955,0.),(0.97514767572283745,0.),(0.97514767572283745,1.9499999992549419),(0.05000000074505806,1.9499999992549419),(0.05000000074505806,0.)));
#6906=IFCINDEXEDPOLYCURVE(#6905,(IFCLINEINDEX((1,2,3,4,5,6,7,8,1))),$);
#6907=IFCARBITRARYCLOSEDPROFILEDEF(.AREA.,$,#6906);
#6908=IFCCARTESIANPOINT((0.,0.,0.));
#6909=IFCDIRECTION((0.,-1.,0.));
#6910=IFCDIRECTION((1.,0.,0.));
#6911=IFCAXIS2PLACEMENT3D(#6908,#6909,#6910);
#6912=IFCDIRECTION((0.,0.,-1.));
#6913=IFCEXTRUDEDAREASOLID(#6907,#6911,#6912,0.02500000037252903);
#6914=IFCCARTESIANPOINTLIST2D(((0.,0.),(0.92514767497777939,0.),(0.92514767497777939,0.10000000149011612),(0.,0.10000000149011612)));
#6915=IFCINDEXEDPOLYCURVE(#6914,(IFCLINEINDEX((1,2,3,4,1))),$);
#6916=IFCARBITRARYCLOSEDPROFILEDEF(.AREA.,$,#6915);
#6917=IFCCARTESIANPOINT((0.05000000074505806,0.,0.));
#6918=IFCDIRECTION((0.,0.,1.));
#6919=IFCDIRECTION((1.,0.,0.));
#6920=IFCAXIS2PLACEMENT3D(#6917,#6918,#6919);
#6921=IFCDIRECTION((0.,0.,1.));
#6922=IFCEXTRUDEDAREASOLID(#6916,#6920,#6921,0.02500000037252903);
#6923=IFCCARTESIANPOINTLIST2D(((0.,0.),(0.,2.0250000022351742),(1.0751476809382439,2.0250000022351742),(1.0751476809382439,0.),(1.0001476779580116,0.),(1.0001476779580116,1.9499999992549419),(0.075000002980232239,1.9499999992549419),(0.075000002980232239,0.)));
#6924=IFCINDEXEDPOLYCURVE(#6923,(IFCLINEINDEX((1,2,3,4,5,6,7,8,1))),$);
#6925=IFCARBITRARYCLOSEDPROFILEDEF(.AREA.,$,#6924);
#6926=IFCCARTESIANPOINT((-0.025000002235174179,-0.004999999888241291,0.));
#6927=IFCDIRECTION((0.,-1.,0.));
#6928=IFCDIRECTION((1.,0.,0.));
#6929=IFCAXIS2PLACEMENT3D(#6926,#6927,#6928);
#6930=IFCDIRECTION((0.,0.,-1.));
#6931=IFCEXTRUDEDAREASOLID(#6925,#6929,#6930,0.004999999888241291);
#6932=IFCCARTESIANPOINTLIST2D(((0.,0.),(0.,2.0250000022351742),(1.0751476809382439,2.0250000022351742),(1.0751476809382439,0.),(1.0251476783305407,0.),(1.0251476783305407,1.974999999627471),(0.050000002607703209,1.974999999627471),(0.050000002607703209,0.)));
#6933=IFCINDEXEDPOLYCURVE(#6932,(IFCLINEINDEX((1,2,3,4,5,6,7,8,1))),$);
#6934=IFCARBITRARYCLOSEDPROFILEDEF(.AREA.,$,#6933);
#6935=IFCCARTESIANPOINT((-0.025000002235174179,0.05000000074505806,0.));
#6936=IFCDIRECTION((0.,-1.,0.));
#6937=IFCDIRECTION((1.,0.,0.));
#6938=IFCAXIS2PLACEMENT3D(#6935,#6936,#6937);
#6939=IFCDIRECTION((0.,0.,-1.));
#6940=IFCEXTRUDEDAREASOLID(#6934,#6938,#6939,0.004999999888241291);
#6941=IFCCARTESIANPOINTLIST2D(((0.,0.),(0.97514767572283745,0.),(0.97514767572283745,0.035000000149011612),(0.,0.035000000149011612)));
#6942=IFCINDEXEDPOLYCURVE(#6941,(IFCLINEINDEX((1,2,3,4,1))),$);
#6943=IFCARBITRARYCLOSEDPROFILEDEF(.AREA.,$,#6942);
#6944=IFCCARTESIANPOINT((0.02500000037252903,0.02500000037252903,0.02500000037252903));
#6945=IFCDIRECTION((0.,0.,1.));
#6946=IFCDIRECTION((1.,0.,0.));
#6947=IFCAXIS2PLACEMENT3D(#6944,#6945,#6946);
#6948=IFCDIRECTION((0.,0.,1.));
#6949=IFCEXTRUDEDAREASOLID(#6943,#6947,#6948,1.9499999992549419);
#6950=IFCCARTESIANPOINTLIST2D(((0.,0.),(0.,-0.040000000000000001),(-0.11999999999999988,-0.040000000000000001),(-0.11999999999999988,-0.02),(-0.020000000000000018,-0.02),(-0.020000000000000018,0.)));
#6951=IFCINDEXEDPOLYCURVE(#6950,(IFCLINEINDEX((1,2,3,4,5,6,1))),$);
#6952=IFCARBITRARYCLOSEDPROFILEDEF(.AREA.,$,#6951);
#6953=IFCCARTESIANPOINT((0.95014767609536643,0.02500000037252903,1.015000000372529));
#6954=IFCDIRECTION((0.,0.,1.));
#6955=IFCDIRECTION((1.,0.,0.));
#6956=IFCAXIS2PLACEMENT3D(#6953,#6954,#6955);
#6957=IFCDIRECTION((0.,0.,1.));
#6958=IFCEXTRUDEDAREASOLID(#6952,#6956,#6957,0.02);
#6959=IFCEXTRUDEDAREASOLID(#6960,#6963,#6967,0.02);
#6960=IFCARBITRARYCLOSEDPROFILEDEF(.AREA.,$,#6961);
#6961=IFCINDEXEDPOLYCURVE(#6962,(IFCLINEINDEX((1,2,3,4,5,6,1))),$);
#6962=IFCCARTESIANPOINTLIST2D(((0.,0.),(0.,0.040000000000000008),(-0.11999999999999988,0.040000000000000008),(-0.11999999999999988,0.020000000000000004),(-0.020000000000000018,0.020000000000000004),(-0.020000000000000018,0.)));
#6963=IFCAXIS2PLACEMENT3D(#6964,#6965,#6966);
#6964=IFCCARTESIANPOINT((0.95014767609536643,0.060000000521540642,1.015000000372529));
#6965=IFCDIRECTION((0.,0.,1.));
#6966=IFCDIRECTION((1.,0.,0.));
#6967=IFCDIRECTION((0.,0.,1.));
#6968=IFCSHAPEREPRESENTATION(#11,'Body','SweptSolid',(#6904,#6913,#6949,#6958,#6959,#6922,#6931,#6940));
#6969=IFCCARTESIANPOINTLIST2D(((0.,0.),(0.,0.05000000074505806),(0.02500000037252903,0.05000000074505806),(0.02500000037252903,0.02500000037252903),(0.05000000074505806,0.02500000037252903),(0.05000000074505806,0.)));
#6970=IFCINDEXEDPOLYCURVE(#6969,(IFCLINEINDEX((1,2,3,4,5,6,1))),$);
#6971=IFCINDEXEDPOLYCURVE(#6972,(IFCLINEINDEX((1,2,3,4,5,6,1))),$);
#6972=IFCCARTESIANPOINTLIST2D(((1.0251476764678955,0.),(1.0251476764678955,0.05000000074505806),(1.0001476760953665,0.05000000074505806),(1.0001476760953665,0.02500000037252903),(0.97514767572283745,0.02500000037252903),(0.97514767572283745,0.)));
#6973=IFCDIRECTION((1.,0.));
#6974=IFCCARTESIANPOINT((0.060000000521540642,0.05000000074505806));
#6975=IFCAXIS2PLACEMENT2D(#6974,#6973);
#6976=IFCELLIPSE(#6975,0.94014767557382584,0.97514767572283745);
#6977=IFCCARTESIANPOINT((1.0001476760953665,0.05000000074505806));
#6978=IFCCARTESIANPOINT((0.060000000521540642,1.0251476764678955));
#6979=IFCTRIMMEDCURVE(#6976,(#6977),(#6978),.T.,.CARTESIAN.);
#6980=IFCCARTESIANPOINTLIST2D(((0.02500000037252903,0.05000000074505806),(0.060000000521540642,0.05000000074505806),(0.060000000521540642,1.0251476764678955),(0.02500000037252903,1.0251476764678955)));
#6981=IFCINDEXEDPOLYCURVE(#6980,(IFCLINEINDEX((1,2,3,4,1))),$);
#6982=IFCSHAPEREPRESENTATION(#24,'Body','Curve2D',(#6970,#6971,#6979,#6981));
#6983=IFCCARTESIANPOINTLIST2D(((0.,0.),(1.0251476764678955,0.),(1.0251476764678955,2.),(0.,2.)));
#6984=IFCINDEXEDPOLYCURVE(#6983,(IFCLINEINDEX((1,2,3,4,1))),$);
#6985=IFCARBITRARYCLOSEDPROFILEDEF(.AREA.,$,#6984);
#6986=IFCCARTESIANPOINT((0.,-0.60000002384185791,0.));
#6987=IFCDIRECTION((0.,-1.,0.));
#6988=IFCDIRECTION((1.,0.,0.));
#6989=IFCAXIS2PLACEMENT3D(#6986,#6987,#6988);
#6990=IFCDIRECTION((0.,0.,-1.));
#6991=IFCEXTRUDEDAREASOLID(#6985,#6989,#6990,1.2);
#6992=IFCSHAPEREPRESENTATION(#11,'Body','SweptSolid',(#6991));
#6998=IFCCARTESIANPOINT((0.19311550617225653,0.015000297280429731,0.));
#6999=IFCDIRECTION((0.,0.,1.));
#7000=IFCDIRECTION((0.99999999999997158,-2.3841857910155572E-07,0.));
#7001=IFCAXIS2PLACEMENT3D(#6998,#6999,#7000);
#7002=IFCLOCALPLACEMENT(#9137,#7001);
#7003=IFCCARTESIANPOINT((0.,0.,0.));
#7004=IFCDIRECTION((0.,0.,1.));
#7005=IFCDIRECTION((1.,0.,0.));
#7006=IFCAXIS2PLACEMENT3D(#7003,#7004,#7005);
#7007=IFCLOCALPLACEMENT(#7002,#7006);
#7008=IFCCARTESIANPOINT((0.87474647963812346,0.084999796141664752,0.));
#7009=IFCDIRECTION((0.,0.,1.));
#7010=IFCDIRECTION((-0.99999999999999611,-8.7542921062451484E-08,0.));
#7011=IFCAXIS2PLACEMENT3D(#7008,#7009,#7010);
#7012=IFCLOCALPLACEMENT(#6480,#7011);
#7013=IFCWINDOWTYPE('270vdjo2rBqu4dy9eEq$r3',$,'Bedroom2-2F',$,$,(#7014),(#7016,#7024,#7110),$,$,.WINDOW.,.SINGLE_PANEL.,$,$);
#7014=IFCPROPERTYSET('0oGK0pAoTDS8yRnEHym4uY',$,'BBIM_Window',$,(#7015));
#7015=IFCPROPERTYSINGLEVALUE('Data',$,IFCTEXT('{"window_type": "DOUBLE_PANEL_VERTICAL", "overall_height": 0.8999999761581421, "overall_width": 1.2112882137298584, "lining_properties": {"lining_depth": 0.05000000074505806, "lining_thickness": 0.05000000074505806, "lining_offset": 0.05000000074505806, "lining_to_panel_offset_x": 0.02500000037252903, "lining_to_panel_offset_y": 0.02500000037252903, "mullion_thickness": 0.05000000074505806, "first_mullion_offset": 0.636553943157196}, "panel_properties": {"frame_depth": [0.03500000014901161, 0.03500000014901161, 0.03500000014901161], "frame_thickness": [0.03500000014901161, 0.03500000014901161, 0.03500000014901161]}}'),$);
#7016=IFCREPRESENTATIONMAP(#7017,#8311);
#7017=IFCAXIS2PLACEMENT3D(#7018,#7019,#7020);
#7018=IFCCARTESIANPOINT((0.,0.,0.));
#7019=IFCDIRECTION((0.,0.,1.));
#7020=IFCDIRECTION((1.,0.,0.));
#7024=IFCREPRESENTATIONMAP(#7025,#8392);
#7025=IFCAXIS2PLACEMENT3D(#7026,#7027,#7028);
#7026=IFCCARTESIANPOINT((0.,0.,0.));
#7027=IFCDIRECTION((0.,0.,1.));
#7028=IFCDIRECTION((1.,0.,0.));
#7110=IFCREPRESENTATIONMAP(#7111,#8431);
#7111=IFCAXIS2PLACEMENT3D(#7112,#7113,#7114);
#7112=IFCCARTESIANPOINT((0.,0.,0.));
#7113=IFCDIRECTION((0.,0.,1.));
#7114=IFCDIRECTION((1.,0.,0.));
#7177=IFCWINDOW('2ZmDD0HRr0FhgAPDOCrIMb',$,'Window',$,$,#8456,#7186,$,0.89999997615814209,1.2112882137298584,$,.DOUBLE_PANEL_VERTICAL.,$);
#7178=IFCRELDEFINESBYTYPE('2UmgfDejL6$g_xoZArqZBP',$,$,$,(#7177,#8245),#7013);
#7179=IFCCARTESIANPOINT((0.,0.,0.));
#7180=IFCDIRECTION((1.,0.,0.));
#7181=IFCDIRECTION((0.,1.,0.));
#7182=IFCDIRECTION((0.,0.,1.));
#7183=IFCCARTESIANTRANSFORMATIONOPERATOR3D(#7180,#7181,#7179,1.,#7182);
#7184=IFCMAPPEDITEM(#7016,#7183);
#7185=IFCSHAPEREPRESENTATION(#18,'Profile','MappedRepresentation',(#7184));
#7186=IFCPRODUCTDEFINITIONSHAPE($,$,(#7185,#7193,#7200));
#7187=IFCCARTESIANPOINT((0.,0.,0.));
#7188=IFCDIRECTION((1.,0.,0.));
#7189=IFCDIRECTION((0.,1.,0.));
#7190=IFCDIRECTION((0.,0.,1.));
#7191=IFCCARTESIANTRANSFORMATIONOPERATOR3D(#7188,#7189,#7187,1.,#7190);
#7192=IFCMAPPEDITEM(#7024,#7191);
#7193=IFCSHAPEREPRESENTATION(#11,'Body','MappedRepresentation',(#7192));
#7194=IFCCARTESIANPOINT((0.,0.,0.));
#7195=IFCDIRECTION((1.,0.,0.));
#7196=IFCDIRECTION((0.,1.,0.));
#7197=IFCDIRECTION((0.,0.,1.));
#7198=IFCCARTESIANTRANSFORMATIONOPERATOR3D(#7195,#7196,#7194,1.,#7197);
#7199=IFCMAPPEDITEM(#7110,#7198);
#7200=IFCSHAPEREPRESENTATION(#24,'Body','MappedRepresentation',(#7199));
#7201=IFCOPENINGELEMENT('0jgHqd9YTF4PoxenDHpOSy',$,'Opening',$,$,#8451,#7229,$,.OPENING.);
#7217=IFCCARTESIANPOINT((0.,0.,0.));
#7218=IFCDIRECTION((1.,0.,0.));
#7219=IFCDIRECTION((0.,0.,1.));
#7220=IFCAXIS2PLACEMENT3D(#7217,#7219,#7218);
#7221=IFCREPRESENTATIONMAP(#7220,#8441);
#7222=IFCCARTESIANPOINT((0.,0.,0.));
#7223=IFCDIRECTION((1.,0.,0.));
#7224=IFCDIRECTION((0.,1.,0.));
#7225=IFCDIRECTION((0.,0.,1.));
#7226=IFCCARTESIANTRANSFORMATIONOPERATOR3D(#7223,#7224,#7222,1.,#7225);
#7227=IFCMAPPEDITEM(#7221,#7226);
#7228=IFCSHAPEREPRESENTATION(#11,'Body','MappedRepresentation',(#7227));
#7229=IFCPRODUCTDEFINITIONSHAPE($,$,(#7228));
#7230=IFCRELVOIDSELEMENT('1G5wwx_R1F8B53udJ8LRUo',$,$,$,#3991,#7201);
#7236=IFCRELFILLSELEMENT('3AjC9mTSzCtPtbF8HTzb4Q',$,$,$,#7201,#7177);
#7260=IFCCARTESIANPOINTLIST2D(((0.60000014305114746,0.),(0.,0.),(0.,0.89999997615814209),(0.60000014305114746,0.89999997615814209),(0.60000014305114746,0.87499997578561306),(0.02500000037252903,0.87499997578561306),(0.02500000037252903,0.02500000037252903),(0.60000014305114746,0.02500000037252903)));
#7261=IFCINDEXEDPOLYCURVE(#7260,(IFCLINEINDEX((1,2,3,4,5,6,7,8,1))),$);
#7262=IFCARBITRARYCLOSEDPROFILEDEF(.AREA.,$,#7261);
#7263=IFCCARTESIANPOINT((0.,0.090000001713633537,0.));
#7264=IFCDIRECTION((0.,-1.,0.));
#7265=IFCDIRECTION((1.,0.,0.));
#7266=IFCAXIS2PLACEMENT3D(#7263,#7264,#7265);
#7267=IFCDIRECTION((0.,0.,-1.));
#7268=IFCEXTRUDEDAREASOLID(#7262,#7266,#7267,0.0099999997764825821);
#7269=IFCCARTESIANPOINTLIST2D(((0.,0.),(0.60000014305114746,0.),(0.60000014305114746,0.89999997615814209),(0.,0.89999997615814209)));
#7270=IFCINDEXEDPOLYCURVE(#7269,(IFCLINEINDEX((1,2,3,4,1))),$);
#7271=IFCCARTESIANPOINTLIST2D(((0.05000000074505806,0.05000000074505806),(0.57500014267861843,0.05000000074505806),(0.57500014267861843,0.84999997541308403),(0.05000000074505806,0.84999997541308403)));
#7272=IFCINDEXEDPOLYCURVE(#7271,(IFCLINEINDEX((1,2,3,4,1))),$);
#7273=IFCARBITRARYPROFILEDEFWITHVOIDS(.AREA.,$,#7270,(#7272));
#7274=IFCCARTESIANPOINT((0.,0.05000000074505806,0.));
#7275=IFCDIRECTION((0.,-1.,0.));
#7276=IFCDIRECTION((1.,0.,0.));
#7277=IFCAXIS2PLACEMENT3D(#7274,#7275,#7276);
#7278=IFCDIRECTION((0.,0.,-1.));
#7279=IFCEXTRUDEDAREASOLID(#7273,#7277,#7278,0.040000000968575478);
#7280=IFCCARTESIANPOINTLIST2D(((0.,0.),(0.57500014267861843,0.),(0.57500014267861843,0.84999997541308403),(0.,0.84999997541308403)));
#7281=IFCINDEXEDPOLYCURVE(#7280,(IFCLINEINDEX((1,2,3,4,1))),$);
#7282=IFCCARTESIANPOINTLIST2D(((0.035000000149011612,0.035000000149011612),(0.54000014252960682,0.035000000149011612),(0.54000014252960682,0.81499997526407242),(0.035000000149011612,0.81499997526407242)));
#7283=IFCINDEXEDPOLYCURVE(#7282,(IFCLINEINDEX((1,2,3,4,1))),$);
#7284=IFCARBITRARYPROFILEDEFWITHVOIDS(.AREA.,$,#7281,(#7283));
#7285=IFCCARTESIANPOINT((0.02500000037252903,0.090000001713633537,0.02500000037252903));
#7286=IFCDIRECTION((0.,-1.,0.));
#7287=IFCDIRECTION((1.,0.,0.));
#7288=IFCAXIS2PLACEMENT3D(#7285,#7286,#7287);
#7289=IFCDIRECTION((0.,0.,-1.));
#7290=IFCEXTRUDEDAREASOLID(#7284,#7288,#7289,0.035000000149011612);
#7291=IFCINDEXEDPOLYCURVE(#7292,(IFCLINEINDEX((1,2,3,4,1))),$);
#7292=IFCCARTESIANPOINTLIST2D(((0.035000000149011612,0.035000000149011612),(0.54000014252960682,0.035000000149011612),(0.54000014252960682,0.81499997526407242),(0.035000000149011612,0.81499997526407242)));
#7293=IFCARBITRARYCLOSEDPROFILEDEF(.AREA.,$,#7291);
#7294=IFCCARTESIANPOINT((0.02500000037252903,0.10250000178813934,0.02500000037252903));
#7295=IFCDIRECTION((0.,-1.,0.));
#7296=IFCDIRECTION((1.,0.,0.));
#7297=IFCAXIS2PLACEMENT3D(#7294,#7295,#7296);
#7298=IFCDIRECTION((0.,0.,-1.));
#7299=IFCEXTRUDEDAREASOLID(#7293,#7297,#7298,0.01);
#7300=IFCCARTESIANPOINTLIST2D(((0.,0.89999997615814209),(0.64759993553161621,0.89999997615814209),(0.64759993553161621,0.),(0.,0.),(0.,0.02500000037252903),(0.62259993515908718,0.02500000037252903),(0.62259993515908718,0.87499997578561306),(0.,0.87499997578561306)));
#7301=IFCINDEXEDPOLYCURVE(#7300,(IFCLINEINDEX((1,2,3,4,5,6,7,8,1))),$);
#7302=IFCARBITRARYCLOSEDPROFILEDEF(.AREA.,$,#7301);
#7303=IFCCARTESIANPOINT((0.60000014305114746,0.090000001713633537,0.));
#7304=IFCDIRECTION((0.,-1.,0.));
#7305=IFCDIRECTION((1.,0.,0.));
#7306=IFCAXIS2PLACEMENT3D(#7303,#7304,#7305);
#7307=IFCDIRECTION((0.,0.,-1.));
#7308=IFCEXTRUDEDAREASOLID(#7302,#7306,#7307,0.0099999997764825821);
#7309=IFCCARTESIANPOINTLIST2D(((0.,0.),(0.64759993553161621,0.),(0.64759993553161621,0.89999997615814209),(0.,0.89999997615814209)));
#7310=IFCINDEXEDPOLYCURVE(#7309,(IFCLINEINDEX((1,2,3,4,1))),$);
#7311=IFCCARTESIANPOINTLIST2D(((0.02500000037252903,0.05000000074505806),(0.59759993478655815,0.05000000074505806),(0.59759993478655815,0.84999997541308403),(0.02500000037252903,0.84999997541308403)));
#7312=IFCINDEXEDPOLYCURVE(#7311,(IFCLINEINDEX((1,2,3,4,1))),$);
#7313=IFCARBITRARYPROFILEDEFWITHVOIDS(.AREA.,$,#7310,(#7312));
#7314=IFCCARTESIANPOINT((0.60000014305114746,0.05000000074505806,0.));
#7315=IFCDIRECTION((0.,-1.,0.));
#7316=IFCDIRECTION((1.,0.,0.));
#7317=IFCAXIS2PLACEMENT3D(#7314,#7315,#7316);
#7318=IFCDIRECTION((0.,0.,-1.));
#7319=IFCEXTRUDEDAREASOLID(#7313,#7317,#7318,0.040000000968575478);
#7320=IFCCARTESIANPOINTLIST2D(((0.,0.),(0.62259993515908718,0.),(0.62259993515908718,0.84999997541308403),(0.,0.84999997541308403)));
#7321=IFCINDEXEDPOLYCURVE(#7320,(IFCLINEINDEX((1,2,3,4,1))),$);
#7322=IFCCARTESIANPOINTLIST2D(((0.035000000149011612,0.035000000149011612),(0.58759993501007557,0.035000000149011612),(0.58759993501007557,0.81499997526407242),(0.035000000149011612,0.81499997526407242)));
#7323=IFCINDEXEDPOLYCURVE(#7322,(IFCLINEINDEX((1,2,3,4,1))),$);
#7324=IFCARBITRARYPROFILEDEFWITHVOIDS(.AREA.,$,#7321,(#7323));
#7325=IFCCARTESIANPOINT((0.60000014305114746,0.090000001713633537,0.02500000037252903));
#7326=IFCDIRECTION((0.,-1.,0.));
#7327=IFCDIRECTION((1.,0.,0.));
#7328=IFCAXIS2PLACEMENT3D(#7325,#7326,#7327);
#7329=IFCDIRECTION((0.,0.,-1.));
#7330=IFCEXTRUDEDAREASOLID(#7324,#7328,#7329,0.035000000149011612);
#7331=IFCINDEXEDPOLYCURVE(#7332,(IFCLINEINDEX((1,2,3,4,1))),$);
#7332=IFCCARTESIANPOINTLIST2D(((0.035000000149011612,0.035000000149011612),(0.58759993501007557,0.035000000149011612),(0.58759993501007557,0.81499997526407242),(0.035000000149011612,0.81499997526407242)));
#7333=IFCARBITRARYCLOSEDPROFILEDEF(.AREA.,$,#7331);
#7334=IFCCARTESIANPOINT((0.60000014305114746,0.10250000178813934,0.02500000037252903));
#7335=IFCDIRECTION((0.,-1.,0.));
#7336=IFCDIRECTION((1.,0.,0.));
#7337=IFCAXIS2PLACEMENT3D(#7334,#7335,#7336);
#7338=IFCDIRECTION((0.,0.,-1.));
#7339=IFCEXTRUDEDAREASOLID(#7333,#7337,#7338,0.01);
#7341=IFCSHAPEREPRESENTATION(#11,'Body','SweptSolid',(#7467,#7416,#7427,#7319,#7308,#7268,#7279,#7456));
#7342=IFCSHAPEASPECT((#7341),'Lining',$,.T.,#7186);
#7343=IFCSHAPEREPRESENTATION(#11,'Body','SweptSolid',(#7438,#7330,#7290,#7478));
#7344=IFCSHAPEASPECT((#7343),'Framing',$,.T.,#7186);
#7345=IFCSHAPEREPRESENTATION(#11,'Body','SweptSolid',(#7299,#7487,#7447,#7339));
#7346=IFCSHAPEASPECT((#7345),'Glazing',$,.T.,#7186);
#7408=IFCCARTESIANPOINTLIST2D(((0.66681385040283203,0.),(0.,0.),(0.,0.89999997615814209),(0.66681385040283203,0.89999997615814209),(0.66681385040283203,0.87499997578561306),(0.02500000037252903,0.87499997578561306),(0.02500000037252903,0.02500000037252903),(0.66681385040283203,0.02500000037252903)));
#7409=IFCINDEXEDPOLYCURVE(#7408,(IFCLINEINDEX((1,2,3,4,5,6,7,8,1))),$);
#7410=IFCARBITRARYCLOSEDPROFILEDEF(.AREA.,$,#7409);
#7411=IFCCARTESIANPOINT((0.,0.090000001713633537,0.));
#7412=IFCDIRECTION((0.,-1.,0.));
#7413=IFCDIRECTION((1.,0.,0.));
#7414=IFCAXIS2PLACEMENT3D(#7411,#7412,#7413);
#7415=IFCDIRECTION((0.,0.,-1.));
#7416=IFCEXTRUDEDAREASOLID(#7410,#7414,#7415,0.0099999997764825821);
#7417=IFCCARTESIANPOINTLIST2D(((0.,0.),(0.66681385040283203,0.),(0.66681385040283203,0.89999997615814209),(0.,0.89999997615814209)));
#7418=IFCINDEXEDPOLYCURVE(#7417,(IFCLINEINDEX((1,2,3,4,1))),$);
#7419=IFCCARTESIANPOINTLIST2D(((0.05000000074505806,0.05000000074505806),(0.641813850030303,0.05000000074505806),(0.641813850030303,0.84999997541308403),(0.05000000074505806,0.84999997541308403)));
#7420=IFCINDEXEDPOLYCURVE(#7419,(IFCLINEINDEX((1,2,3,4,1))),$);
#7421=IFCARBITRARYPROFILEDEFWITHVOIDS(.AREA.,$,#7418,(#7420));
#7422=IFCCARTESIANPOINT((0.,0.05000000074505806,0.));
#7423=IFCDIRECTION((0.,-1.,0.));
#7424=IFCDIRECTION((1.,0.,0.));
#7425=IFCAXIS2PLACEMENT3D(#7422,#7423,#7424);
#7426=IFCDIRECTION((0.,0.,-1.));
#7427=IFCEXTRUDEDAREASOLID(#7421,#7425,#7426,0.040000000968575478);
#7428=IFCCARTESIANPOINTLIST2D(((0.,0.),(0.641813850030303,0.),(0.641813850030303,0.84999997541308403),(0.,0.84999997541308403)));
#7429=IFCINDEXEDPOLYCURVE(#7428,(IFCLINEINDEX((1,2,3,4,1))),$);
#7430=IFCCARTESIANPOINTLIST2D(((0.035000000149011612,0.035000000149011612),(0.60681384988129139,0.035000000149011612),(0.60681384988129139,0.81499997526407242),(0.035000000149011612,0.81499997526407242)));
#7431=IFCINDEXEDPOLYCURVE(#7430,(IFCLINEINDEX((1,2,3,4,1))),$);
#7432=IFCARBITRARYPROFILEDEFWITHVOIDS(.AREA.,$,#7429,(#7431));
#7433=IFCCARTESIANPOINT((0.02500000037252903,0.090000001713633537,0.02500000037252903));
#7434=IFCDIRECTION((0.,-1.,0.));
#7435=IFCDIRECTION((1.,0.,0.));
#7436=IFCAXIS2PLACEMENT3D(#7433,#7434,#7435);
#7437=IFCDIRECTION((0.,0.,-1.));
#7438=IFCEXTRUDEDAREASOLID(#7432,#7436,#7437,0.035000000149011612);
#7439=IFCINDEXEDPOLYCURVE(#7440,(IFCLINEINDEX((1,2,3,4,1))),$);
#7440=IFCCARTESIANPOINTLIST2D(((0.035000000149011612,0.035000000149011612),(0.60681384988129139,0.035000000149011612),(0.60681384988129139,0.81499997526407242),(0.035000000149011612,0.81499997526407242)));
#7441=IFCARBITRARYCLOSEDPROFILEDEF(.AREA.,$,#7439);
#7442=IFCCARTESIANPOINT((0.02500000037252903,0.10250000178813934,0.02500000037252903));
#7443=IFCDIRECTION((0.,-1.,0.));
#7444=IFCDIRECTION((1.,0.,0.));
#7445=IFCAXIS2PLACEMENT3D(#7442,#7443,#7444);
#7446=IFCDIRECTION((0.,0.,-1.));
#7447=IFCEXTRUDEDAREASOLID(#7441,#7445,#7446,0.01);
#7448=IFCCARTESIANPOINTLIST2D(((0.,0.89999997615814209),(0.58078622817993164,0.89999997615814209),(0.58078622817993164,0.),(0.,0.),(0.,0.02500000037252903),(0.55578622780740261,0.02500000037252903),(0.55578622780740261,0.87499997578561306),(0.,0.87499997578561306)));
#7449=IFCINDEXEDPOLYCURVE(#7448,(IFCLINEINDEX((1,2,3,4,5,6,7,8,1))),$);
#7450=IFCARBITRARYCLOSEDPROFILEDEF(.AREA.,$,#7449);
#7451=IFCCARTESIANPOINT((0.66681385040283203,0.090000001713633537,0.));
#7452=IFCDIRECTION((0.,-1.,0.));
#7453=IFCDIRECTION((1.,0.,0.));
#7454=IFCAXIS2PLACEMENT3D(#7451,#7452,#7453);
#7455=IFCDIRECTION((0.,0.,-1.));
#7456=IFCEXTRUDEDAREASOLID(#7450,#7454,#7455,0.0099999997764825821);
#7457=IFCCARTESIANPOINTLIST2D(((0.,0.),(0.58078622817993164,0.),(0.58078622817993164,0.89999997615814209),(0.,0.89999997615814209)));
#7458=IFCINDEXEDPOLYCURVE(#7457,(IFCLINEINDEX((1,2,3,4,1))),$);
#7459=IFCCARTESIANPOINTLIST2D(((0.02500000037252903,0.05000000074505806),(0.53078622743487358,0.05000000074505806),(0.53078622743487358,0.84999997541308403),(0.02500000037252903,0.84999997541308403)));
#7460=IFCINDEXEDPOLYCURVE(#7459,(IFCLINEINDEX((1,2,3,4,1))),$);
#7461=IFCARBITRARYPROFILEDEFWITHVOIDS(.AREA.,$,#7458,(#7460));
#7462=IFCCARTESIANPOINT((0.66681385040283203,0.05000000074505806,0.));
#7463=IFCDIRECTION((0.,-1.,0.));
#7464=IFCDIRECTION((1.,0.,0.));
#7465=IFCAXIS2PLACEMENT3D(#7462,#7463,#7464);
#7466=IFCDIRECTION((0.,0.,-1.));
#7467=IFCEXTRUDEDAREASOLID(#7461,#7465,#7466,0.040000000968575478);
#7468=IFCCARTESIANPOINTLIST2D(((0.,0.),(0.55578622780740261,0.),(0.55578622780740261,0.84999997541308403),(0.,0.84999997541308403)));
#7469=IFCINDEXEDPOLYCURVE(#7468,(IFCLINEINDEX((1,2,3,4,1))),$);
#7470=IFCCARTESIANPOINTLIST2D(((0.035000000149011612,0.035000000149011612),(0.520786227658391,0.035000000149011612),(0.520786227658391,0.81499997526407242),(0.035000000149011612,0.81499997526407242)));
#7471=IFCINDEXEDPOLYCURVE(#7470,(IFCLINEINDEX((1,2,3,4,1))),$);
#7472=IFCARBITRARYPROFILEDEFWITHVOIDS(.AREA.,$,#7469,(#7471));
#7473=IFCCARTESIANPOINT((0.66681385040283203,0.090000001713633537,0.02500000037252903));
#7474=IFCDIRECTION((0.,-1.,0.));
#7475=IFCDIRECTION((1.,0.,0.));
#7476=IFCAXIS2PLACEMENT3D(#7473,#7474,#7475);
#7477=IFCDIRECTION((0.,0.,-1.));
#7478=IFCEXTRUDEDAREASOLID(#7472,#7476,#7477,0.035000000149011612);
#7479=IFCINDEXEDPOLYCURVE(#7480,(IFCLINEINDEX((1,2,3,4,1))),$);
#7480=IFCCARTESIANPOINTLIST2D(((0.035000000149011612,0.035000000149011612),(0.520786227658391,0.035000000149011612),(0.520786227658391,0.81499997526407242),(0.035000000149011612,0.81499997526407242)));
#7481=IFCARBITRARYCLOSEDPROFILEDEF(.AREA.,$,#7479);
#7482=IFCCARTESIANPOINT((0.66681385040283203,0.10250000178813934,0.02500000037252903));
#7483=IFCDIRECTION((0.,-1.,0.));
#7484=IFCDIRECTION((1.,0.,0.));
#7485=IFCAXIS2PLACEMENT3D(#7482,#7483,#7484);
#7486=IFCDIRECTION((0.,0.,-1.));
#7487=IFCEXTRUDEDAREASOLID(#7481,#7485,#7486,0.01);
#7547=IFCWINDOWTYPE('0LFmCj3n1AEhV2AK8eiKcA',$,'Masters-2F',$,$,(#7548),(#7550,#7558,#7606),$,$,.WINDOW.,.SINGLE_PANEL.,$,$);
#7548=IFCPROPERTYSET('3EOc6Dl1r0twVW6rjycTJL',$,'BBIM_Window',$,(#7549));
#7549=IFCPROPERTYSINGLEVALUE('Data',$,IFCTEXT('{"window_type": "SINGLE_PANEL", "overall_height": 0.8999999761581421, "overall_width": 0.831422746181488, "lining_properties": {"lining_depth": 0.05000000074505806, "lining_thickness": 0.05000000074505806, "lining_offset": 0.05000000074505806, "lining_to_panel_offset_x": 0.02500000037252903, "lining_to_panel_offset_y": 0.02500000037252903}, "panel_properties": {"frame_depth": [0.03500000014901161, 0.03500000014901161, 0.03500000014901161], "frame_thickness": [0.03500000014901161, 0.03500000014901161, 0.03500000014901161]}}'),$);
#7550=IFCREPRESENTATIONMAP(#7551,#7883);
#7551=IFCAXIS2PLACEMENT3D(#7552,#7553,#7554);
#7552=IFCCARTESIANPOINT((0.,0.,0.));
#7553=IFCDIRECTION((0.,0.,1.));
#7554=IFCDIRECTION((1.,0.,0.));
#7558=IFCREPRESENTATIONMAP(#7559,#7926);
#7559=IFCAXIS2PLACEMENT3D(#7560,#7561,#7562);
#7560=IFCCARTESIANPOINT((0.,0.,0.));
#7561=IFCDIRECTION((0.,0.,1.));
#7562=IFCDIRECTION((1.,0.,0.));
#7606=IFCREPRESENTATIONMAP(#7607,#7949);
#7607=IFCAXIS2PLACEMENT3D(#7608,#7609,#7610);
#7608=IFCCARTESIANPOINT((0.,0.,0.));
#7609=IFCDIRECTION((0.,0.,1.));
#7610=IFCDIRECTION((1.,0.,0.));
#7628=IFCWINDOW('1Kcho2Vu5BSeuBNMV8bOgL',$,'Window',$,$,#7989,#7637,$,0.89999997615814209,0.83142274618148804,$,.SINGLE_PANEL.,$);
#7629=IFCRELDEFINESBYTYPE('0Dk8XJ44D1Pvt_ft7iqjUp',$,$,$,(#7693,#7628),#7547);
#7630=IFCCARTESIANPOINT((0.,0.,0.));
#7631=IFCDIRECTION((1.,0.,0.));
#7632=IFCDIRECTION((0.,1.,0.));
#7633=IFCDIRECTION((0.,0.,1.));
#7634=IFCCARTESIANTRANSFORMATIONOPERATOR3D(#7631,#7632,#7630,1.,#7633);
#7635=IFCMAPPEDITEM(#7550,#7634);
#7636=IFCSHAPEREPRESENTATION(#18,'Profile','MappedRepresentation',(#7635));
#7637=IFCPRODUCTDEFINITIONSHAPE($,$,(#7636,#7644,#7651));
#7638=IFCCARTESIANPOINT((0.,0.,0.));
#7639=IFCDIRECTION((1.,0.,0.));
#7640=IFCDIRECTION((0.,1.,0.));
#7641=IFCDIRECTION((0.,0.,1.));
#7642=IFCCARTESIANTRANSFORMATIONOPERATOR3D(#7639,#7640,#7638,1.,#7641);
#7643=IFCMAPPEDITEM(#7558,#7642);
#7644=IFCSHAPEREPRESENTATION(#11,'Body','MappedRepresentation',(#7643));
#7645=IFCCARTESIANPOINT((0.,0.,0.));
#7646=IFCDIRECTION((1.,0.,0.));
#7647=IFCDIRECTION((0.,1.,0.));
#7648=IFCDIRECTION((0.,0.,1.));
#7649=IFCCARTESIANTRANSFORMATIONOPERATOR3D(#7646,#7647,#7645,1.,#7648);
#7650=IFCMAPPEDITEM(#7606,#7649);
#7651=IFCSHAPEREPRESENTATION(#24,'Body','MappedRepresentation',(#7650));
#7652=IFCOPENINGELEMENT('25vvr$D8HE0B75cOeVgUGC',$,'Opening',$,$,#7984,#7680,$,.OPENING.);
#7668=IFCCARTESIANPOINT((0.,0.,0.));
#7669=IFCDIRECTION((1.,0.,0.));
#7670=IFCDIRECTION((0.,0.,1.));
#7671=IFCAXIS2PLACEMENT3D(#7668,#7670,#7669);
#7672=IFCREPRESENTATIONMAP(#7671,#7959);
#7673=IFCCARTESIANPOINT((0.,0.,0.));
#7674=IFCDIRECTION((1.,0.,0.));
#7675=IFCDIRECTION((0.,1.,0.));
#7676=IFCDIRECTION((0.,0.,1.));
#7677=IFCCARTESIANTRANSFORMATIONOPERATOR3D(#7674,#7675,#7673,1.,#7676);
#7678=IFCMAPPEDITEM(#7672,#7677);
#7679=IFCSHAPEREPRESENTATION(#11,'Body','MappedRepresentation',(#7678));
#7680=IFCPRODUCTDEFINITIONSHAPE($,$,(#7679));
#7681=IFCRELVOIDSELEMENT('12LjjCyhv1$QGPT6Zp0Qqu',$,$,$,#3866,#7652);
#7687=IFCRELFILLSELEMENT('2DR7uaXOX9kBL19oLk94VT',$,$,$,#7652,#7628);
#7693=IFCWINDOW('2wH6cibLXD1hj88RY_x8Xa',$,'Window',$,$,#7974,#7701,$,0.89999997615814209,0.83142274618148804,$,.SINGLE_PANEL.,$);
#7694=IFCCARTESIANPOINT((0.,0.,0.));
#7695=IFCDIRECTION((1.,0.,0.));
#7696=IFCDIRECTION((0.,1.,0.));
#7697=IFCDIRECTION((0.,0.,1.));
#7698=IFCCARTESIANTRANSFORMATIONOPERATOR3D(#7695,#7696,#7694,1.,#7697);
#7699=IFCMAPPEDITEM(#7550,#7698);
#7700=IFCSHAPEREPRESENTATION(#18,'Profile','MappedRepresentation',(#7699));
#7701=IFCPRODUCTDEFINITIONSHAPE($,$,(#7700,#7708,#7715));
#7702=IFCCARTESIANPOINT((0.,0.,0.));
#7703=IFCDIRECTION((1.,0.,0.));
#7704=IFCDIRECTION((0.,1.,0.));
#7705=IFCDIRECTION((0.,0.,1.));
#7706=IFCCARTESIANTRANSFORMATIONOPERATOR3D(#7703,#7704,#7702,1.,#7705);
#7707=IFCMAPPEDITEM(#7558,#7706);
#7708=IFCSHAPEREPRESENTATION(#11,'Body','MappedRepresentation',(#7707));
#7709=IFCCARTESIANPOINT((0.,0.,0.));
#7710=IFCDIRECTION((1.,0.,0.));
#7711=IFCDIRECTION((0.,1.,0.));
#7712=IFCDIRECTION((0.,0.,1.));
#7713=IFCCARTESIANTRANSFORMATIONOPERATOR3D(#7710,#7711,#7709,1.,#7712);
#7714=IFCMAPPEDITEM(#7606,#7713);
#7715=IFCSHAPEREPRESENTATION(#24,'Body','MappedRepresentation',(#7714));
#7716=IFCOPENINGELEMENT('1izFahI2vApB8Im32H$SJc',$,'Opening',$,$,#7969,#7729,$,.OPENING.);
#7722=IFCCARTESIANPOINT((0.,0.,0.));
#7723=IFCDIRECTION((1.,0.,0.));
#7724=IFCDIRECTION((0.,1.,0.));
#7725=IFCDIRECTION((0.,0.,1.));
#7726=IFCCARTESIANTRANSFORMATIONOPERATOR3D(#7723,#7724,#7722,1.,#7725);
#7727=IFCMAPPEDITEM(#7672,#7726);
#7728=IFCSHAPEREPRESENTATION(#11,'Body','MappedRepresentation',(#7727));
#7729=IFCPRODUCTDEFINITIONSHAPE($,$,(#7728));
#7730=IFCRELVOIDSELEMENT('367bqCLO58cfVkKCeXl4_I',$,$,$,#3866,#7716);
#7736=IFCRELFILLSELEMENT('2w5JQEzxX479rUoRjrJJ6O',$,$,$,#7716,#7693);
#7760=IFCCARTESIANPOINTLIST2D(((0.,0.),(0.84536641836166382,0.),(0.84536641836166382,0.89999997615814209),(0.,0.89999997615814209)));
#7761=IFCINDEXEDPOLYCURVE(#7760,(IFCLINEINDEX((1,2,3,4,1))),$);
#7762=IFCCARTESIANPOINTLIST2D(((0.02500000037252903,0.02500000037252903),(0.82036641798913479,0.02500000037252903),(0.82036641798913479,0.87499997578561306),(0.02500000037252903,0.87499997578561306)));
#7763=IFCINDEXEDPOLYCURVE(#7762,(IFCLINEINDEX((1,2,3,4,1))),$);
#7764=IFCARBITRARYPROFILEDEFWITHVOIDS(.AREA.,$,#7761,(#7763));
#7765=IFCCARTESIANPOINT((0.,0.090000001713633537,0.));
#7766=IFCDIRECTION((0.,-1.,0.));
#7767=IFCDIRECTION((1.,0.,0.));
#7768=IFCAXIS2PLACEMENT3D(#7765,#7766,#7767);
#7769=IFCDIRECTION((0.,0.,-1.));
#7770=IFCEXTRUDEDAREASOLID(#7764,#7768,#7769,0.0099999997764825821);
#7771=IFCCARTESIANPOINTLIST2D(((0.,0.),(0.84536641836166382,0.),(0.84536641836166382,0.89999997615814209),(0.,0.89999997615814209)));
#7772=IFCINDEXEDPOLYCURVE(#7771,(IFCLINEINDEX((1,2,3,4,1))),$);
#7773=IFCCARTESIANPOINTLIST2D(((0.05000000074505806,0.05000000074505806),(0.79536641761660576,0.05000000074505806),(0.79536641761660576,0.84999997541308403),(0.05000000074505806,0.84999997541308403)));
#7774=IFCINDEXEDPOLYCURVE(#7773,(IFCLINEINDEX((1,2,3,4,1))),$);
#7775=IFCARBITRARYPROFILEDEFWITHVOIDS(.AREA.,$,#7772,(#7774));
#7776=IFCCARTESIANPOINT((0.,0.05000000074505806,0.));
#7777=IFCDIRECTION((0.,-1.,0.));
#7778=IFCDIRECTION((1.,0.,0.));
#7779=IFCAXIS2PLACEMENT3D(#7776,#7777,#7778);
#7780=IFCDIRECTION((0.,0.,-1.));
#7781=IFCEXTRUDEDAREASOLID(#7775,#7779,#7780,0.040000000968575478);
#7782=IFCCARTESIANPOINTLIST2D(((0.,0.),(0.79536641761660576,0.),(0.79536641761660576,0.84999997541308403),(0.,0.84999997541308403)));
#7783=IFCINDEXEDPOLYCURVE(#7782,(IFCLINEINDEX((1,2,3,4,1))),$);
#7784=IFCCARTESIANPOINTLIST2D(((0.035000000149011612,0.035000000149011612),(0.76036641746759415,0.035000000149011612),(0.76036641746759415,0.81499997526407242),(0.035000000149011612,0.81499997526407242)));
#7785=IFCINDEXEDPOLYCURVE(#7784,(IFCLINEINDEX((1,2,3,4,1))),$);
#7786=IFCARBITRARYPROFILEDEFWITHVOIDS(.AREA.,$,#7783,(#7785));
#7787=IFCCARTESIANPOINT((0.02500000037252903,0.090000001713633537,0.02500000037252903));
#7788=IFCDIRECTION((0.,-1.,0.));
#7789=IFCDIRECTION((1.,0.,0.));
#7790=IFCAXIS2PLACEMENT3D(#7787,#7788,#7789);
#7791=IFCDIRECTION((0.,0.,-1.));
#7792=IFCEXTRUDEDAREASOLID(#7786,#7790,#7791,0.035000000149011612);
#7793=IFCINDEXEDPOLYCURVE(#7794,(IFCLINEINDEX((1,2,3,4,1))),$);
#7794=IFCCARTESIANPOINTLIST2D(((0.035000000149011612,0.035000000149011612),(0.76036641746759415,0.035000000149011612),(0.76036641746759415,0.81499997526407242),(0.035000000149011612,0.81499997526407242)));
#7795=IFCARBITRARYCLOSEDPROFILEDEF(.AREA.,$,#7793);
#7796=IFCCARTESIANPOINT((0.02500000037252903,0.10250000178813934,0.02500000037252903));
#7797=IFCDIRECTION((0.,-1.,0.));
#7798=IFCDIRECTION((1.,0.,0.));
#7799=IFCAXIS2PLACEMENT3D(#7796,#7797,#7798);
#7800=IFCDIRECTION((0.,0.,-1.));
#7801=IFCEXTRUDEDAREASOLID(#7795,#7799,#7800,0.01);
#7803=IFCSHAPEREPRESENTATION(#11,'Body','SweptSolid',(#7770,#7781));
#7804=IFCSHAPEASPECT((#7803),'Lining',$,.T.,#7637);
#7805=IFCSHAPEREPRESENTATION(#11,'Body','SweptSolid',(#7792));
#7806=IFCSHAPEASPECT((#7805),'Framing',$,.T.,#7637);
#7807=IFCSHAPEREPRESENTATION(#11,'Body','SweptSolid',(#7801));
#7808=IFCSHAPEASPECT((#7807),'Glazing',$,.T.,#7637);
#7881=IFCCARTESIANPOINTLIST3D(((0.,0.,0.),(0.83142274618148804,0.,0.),(0.83142274618148804,0.,0.89999997615814209),(0.,0.,0.89999997615814209)));
#7882=IFCINDEXEDPOLYCURVE(#7881,(IFCLINEINDEX((1,2,3,4,1))),$);
#7883=IFCSHAPEREPRESENTATION(#18,'Profile','Curve3D',(#7882));
#7884=IFCCARTESIANPOINTLIST2D(((0.,0.),(0.83142274618148804,0.),(0.83142274618148804,0.89999997615814209),(0.,0.89999997615814209)));
#7885=IFCINDEXEDPOLYCURVE(#7884,(IFCLINEINDEX((1,2,3,4,1))),$);
#7886=IFCCARTESIANPOINTLIST2D(((0.02500000037252903,0.02500000037252903),(0.80642274580895901,0.02500000037252903),(0.80642274580895901,0.87499997578561306),(0.02500000037252903,0.87499997578561306)));
#7887=IFCINDEXEDPOLYCURVE(#7886,(IFCLINEINDEX((1,2,3,4,1))),$);
#7888=IFCARBITRARYPROFILEDEFWITHVOIDS(.AREA.,$,#7885,(#7887));
#7889=IFCCARTESIANPOINT((0.,0.090000001713633537,0.));
#7890=IFCDIRECTION((0.,-1.,0.));
#7891=IFCDIRECTION((1.,0.,0.));
#7892=IFCAXIS2PLACEMENT3D(#7889,#7890,#7891);
#7893=IFCDIRECTION((0.,0.,-1.));
#7894=IFCEXTRUDEDAREASOLID(#7888,#7892,#7893,0.0099999997764825821);
#7895=IFCCARTESIANPOINTLIST2D(((0.,0.),(0.83142274618148804,0.),(0.83142274618148804,0.89999997615814209),(0.,0.89999997615814209)));
#7896=IFCINDEXEDPOLYCURVE(#7895,(IFCLINEINDEX((1,2,3,4,1))),$);
#7897=IFCCARTESIANPOINTLIST2D(((0.05000000074505806,0.05000000074505806),(0.78142274543642998,0.05000000074505806),(0.78142274543642998,0.84999997541308403),(0.05000000074505806,0.84999997541308403)));
#7898=IFCINDEXEDPOLYCURVE(#7897,(IFCLINEINDEX((1,2,3,4,1))),$);
#7899=IFCARBITRARYPROFILEDEFWITHVOIDS(.AREA.,$,#7896,(#7898));
#7900=IFCCARTESIANPOINT((0.,0.05000000074505806,0.));
#7901=IFCDIRECTION((0.,-1.,0.));
#7902=IFCDIRECTION((1.,0.,0.));
#7903=IFCAXIS2PLACEMENT3D(#7900,#7901,#7902);
#7904=IFCDIRECTION((0.,0.,-1.));
#7905=IFCEXTRUDEDAREASOLID(#7899,#7903,#7904,0.040000000968575478);
#7906=IFCCARTESIANPOINTLIST2D(((0.,0.),(0.78142274543642998,0.),(0.78142274543642998,0.84999997541308403),(0.,0.84999997541308403)));
#7907=IFCINDEXEDPOLYCURVE(#7906,(IFCLINEINDEX((1,2,3,4,1))),$);
#7908=IFCCARTESIANPOINTLIST2D(((0.035000000149011612,0.035000000149011612),(0.74642274528741837,0.035000000149011612),(0.74642274528741837,0.81499997526407242),(0.035000000149011612,0.81499997526407242)));
#7909=IFCINDEXEDPOLYCURVE(#7908,(IFCLINEINDEX((1,2,3,4,1))),$);
#7910=IFCARBITRARYPROFILEDEFWITHVOIDS(.AREA.,$,#7907,(#7909));
#7911=IFCCARTESIANPOINT((0.02500000037252903,0.090000001713633537,0.02500000037252903));
#7912=IFCDIRECTION((0.,-1.,0.));
#7913=IFCDIRECTION((1.,0.,0.));
#7914=IFCAXIS2PLACEMENT3D(#7911,#7912,#7913);
#7915=IFCDIRECTION((0.,0.,-1.));
#7916=IFCEXTRUDEDAREASOLID(#7910,#7914,#7915,0.035000000149011612);
#7917=IFCINDEXEDPOLYCURVE(#7918,(IFCLINEINDEX((1,2,3,4,1))),$);
#7918=IFCCARTESIANPOINTLIST2D(((0.035000000149011612,0.035000000149011612),(0.74642274528741837,0.035000000149011612),(0.74642274528741837,0.81499997526407242),(0.035000000149011612,0.81499997526407242)));
#7919=IFCARBITRARYCLOSEDPROFILEDEF(.AREA.,$,#7917);
#7920=IFCCARTESIANPOINT((0.02500000037252903,0.10250000178813934,0.02500000037252903));
#7921=IFCDIRECTION((0.,-1.,0.));
#7922=IFCDIRECTION((1.,0.,0.));
#7923=IFCAXIS2PLACEMENT3D(#7920,#7921,#7922);
#7924=IFCDIRECTION((0.,0.,-1.));
#7925=IFCEXTRUDEDAREASOLID(#7919,#7923,#7924,0.01);
#7926=IFCSHAPEREPRESENTATION(#11,'Body','SweptSolid',(#7894,#7905,#7916,#7925));
#7927=IFCSHAPEREPRESENTATION(#11,'Body','SweptSolid',(#7894,#7905));
#7928=IFCSHAPEASPECT((#7927),'Lining',$,.T.,#7701);
#7929=IFCSHAPEREPRESENTATION(#11,'Body','SweptSolid',(#7916));
#7930=IFCSHAPEASPECT((#7929),'Framing',$,.T.,#7701);
#7931=IFCSHAPEREPRESENTATION(#11,'Body','SweptSolid',(#7925));
#7932=IFCSHAPEASPECT((#7931),'Glazing',$,.T.,#7701);
#7933=IFCCARTESIANPOINTLIST2D(((0.05000000074505806,0.05000000074505806),(0.78142274543642998,0.05000000074505806)));
#7934=IFCINDEXEDPOLYCURVE(#7933,$,$);
#7935=IFCCARTESIANPOINTLIST2D(((0.,0.10000000149011612),(0.02500000037252903,0.10000000149011612),(0.02500000037252903,0.090000001713633537),(0.05000000074505806,0.090000001713633537),(0.05000000074505806,0.05000000074505806),(0.,0.05000000074505806)));
#7936=IFCINDEXEDPOLYCURVE(#7935,(IFCLINEINDEX((1,2,3,4,5,6,1))),$);
#7937=IFCCARTESIANPOINTLIST2D(((0.83142274618148804,0.10000000149011612),(0.80642274580895901,0.10000000149011612),(0.80642274580895901,0.090000001713633537),(0.78142274543642998,0.090000001713633537),(0.78142274543642998,0.05000000074505806),(0.83142274618148804,0.05000000074505806)));
#7938=IFCINDEXEDPOLYCURVE(#7937,(IFCLINEINDEX((1,2,3,4,5,6,1))),$);
#7939=IFCCARTESIANPOINTLIST2D(((0.02500000037252903,0.090000001713633537),(0.060000000521540642,0.090000001713633537),(0.060000000521540642,0.12500000186264515),(0.02500000037252903,0.12500000186264515)));
#7940=IFCINDEXEDPOLYCURVE(#7939,(IFCLINEINDEX((1,2,3,4,1))),$);
#7941=IFCINDEXEDPOLYCURVE(#7942,(IFCLINEINDEX((1,2,3,4,1))),$);
#7942=IFCCARTESIANPOINTLIST2D(((0.80642274580895901,0.090000001713633537),(0.7714227456599474,0.090000001713633537),(0.7714227456599474,0.12500000186264515),(0.80642274580895901,0.12500000186264515)));
#7943=IFCCARTESIANPOINTLIST2D(((0.060000000521540642,0.090000001713633537),(0.7714227456599474,0.090000001713633537)));
#7944=IFCINDEXEDPOLYCURVE(#7943,$,$);
#7945=IFCINDEXEDPOLYCURVE(#7946,$,$);
#7946=IFCCARTESIANPOINTLIST2D(((0.060000000521540642,0.12500000186264515),(0.7714227456599474,0.12500000186264515)));
#7947=IFCINDEXEDPOLYCURVE(#7948,$,$);
#7948=IFCCARTESIANPOINTLIST2D(((0.060000000521540642,0.10750000178813934),(0.7714227456599474,0.10750000178813934)));
#7949=IFCSHAPEREPRESENTATION(#24,'Body','Curve2D',(#7934,#7936,#7938,#7940,#7941,#7944,#7945,#7947));
#7950=IFCCARTESIANPOINTLIST2D(((0.,0.),(0.83142274618148804,0.),(0.83142274618148804,0.89999997615814209),(0.,0.89999997615814209)));
#7951=IFCINDEXEDPOLYCURVE(#7950,(IFCLINEINDEX((1,2,3,4,1))),$);
#7952=IFCARBITRARYCLOSEDPROFILEDEF(.AREA.,$,#7951);
#7953=IFCCARTESIANPOINT((0.,-0.60000002384185791,0.));
#7954=IFCDIRECTION((0.,-1.,0.));
#7955=IFCDIRECTION((1.,0.,0.));
#7956=IFCAXIS2PLACEMENT3D(#7953,#7954,#7955);
#7957=IFCDIRECTION((0.,0.,-1.));
#7958=IFCEXTRUDEDAREASOLID(#7952,#7956,#7957,1.2);
#7959=IFCSHAPEREPRESENTATION(#11,'Body','SweptSolid',(#7958));
#7965=IFCCARTESIANPOINT((3.5723617737411826,8.7140863191947915E-07,1.));
#7966=IFCDIRECTION((0.,0.,1.));
#7967=IFCDIRECTION((0.99999999999999278,-1.1920929665620689E-07,0.));
#7968=IFCAXIS2PLACEMENT3D(#7965,#7966,#7967);
#7969=IFCLOCALPLACEMENT(#9152,#7968);
#7970=IFCCARTESIANPOINT((-8.8817841970012523E-16,0.,0.));
#7971=IFCDIRECTION((0.,0.,1.));
#7972=IFCDIRECTION((1.,5.2939559203393771E-23,0.));
#7973=IFCAXIS2PLACEMENT3D(#7970,#7971,#7972);
#7974=IFCLOCALPLACEMENT(#7969,#7973);
#7980=IFCCARTESIANPOINT((6.1229626600860794,1.2213175168973578E-06,1.));
#7981=IFCDIRECTION((0.,0.,1.));
#7982=IFCDIRECTION((0.99999999999999278,-1.1920929665620689E-07,0.));
#7983=IFCAXIS2PLACEMENT3D(#7980,#7981,#7982);
#7984=IFCLOCALPLACEMENT(#9152,#7983);
#7985=IFCCARTESIANPOINT((-8.8817841970012523E-16,0.,0.));
#7986=IFCDIRECTION((0.,0.,1.));
#7987=IFCDIRECTION((1.,5.2939559203393771E-23,0.));
#7988=IFCAXIS2PLACEMENT3D(#7985,#7986,#7987);
#7989=IFCLOCALPLACEMENT(#7984,#7988);
#7990=IFCWINDOWTYPE('0dZ$ozyprAeOJqhLQ1cDO8',$,'Bedroom1-2F',$,$,(#7991),(#7993,#8001,#8049),$,$,.WINDOW.,.SINGLE_PANEL.,$,$);
#7991=IFCPROPERTYSET('2xAqWUpwLFNB6x4Y03KeFt',$,'BBIM_Window',$,(#7992));
#7992=IFCPROPERTYSINGLEVALUE('Data',$,IFCTEXT('{"window_type": "SINGLE_PANEL", "overall_height": 0.8999999761581421, "overall_width": 0.8507890105247498, "lining_properties": {"lining_depth": 0.05000000074505806, "lining_thickness": 0.05000000074505806, "lining_offset": 0.05000000074505806, "lining_to_panel_offset_x": 0.02500000037252903, "lining_to_panel_offset_y": 0.02500000037252903}, "panel_properties": {"frame_depth": [0.03500000014901161, 0.03500000014901161, 0.03500000014901161], "frame_thickness": [0.03500000014901161, 0.03500000014901161, 0.03500000014901161]}}'),$);
#7993=IFCREPRESENTATIONMAP(#7994,#8153);
#7994=IFCAXIS2PLACEMENT3D(#7995,#7996,#7997);
#7995=IFCCARTESIANPOINT((0.,0.,0.));
#7996=IFCDIRECTION((0.,0.,1.));
#7997=IFCDIRECTION((1.,0.,0.));
#8001=IFCREPRESENTATIONMAP(#8002,#8196);
#8002=IFCAXIS2PLACEMENT3D(#8003,#8004,#8005);
#8003=IFCCARTESIANPOINT((0.,0.,0.));
#8004=IFCDIRECTION((0.,0.,1.));
#8005=IFCDIRECTION((1.,0.,0.));
#8049=IFCREPRESENTATIONMAP(#8050,#8219);
#8050=IFCAXIS2PLACEMENT3D(#8051,#8052,#8053);
#8051=IFCCARTESIANPOINT((0.,0.,0.));
#8052=IFCDIRECTION((0.,0.,1.));
#8053=IFCDIRECTION((1.,0.,0.));
#8071=IFCWINDOW('0jzkbnn_DAEg3Epo6HTzho',$,'Window',$,$,#8244,#8080,$,0.89999997615814209,0.85078901052474976,$,.SINGLE_PANEL.,$);
#8072=IFCRELDEFINESBYTYPE('3v$OTbt$LFj9Zvwg7awZ6M',$,$,$,(#8071),#7990);
#8073=IFCCARTESIANPOINT((0.,0.,0.));
#8074=IFCDIRECTION((1.,0.,0.));
#8075=IFCDIRECTION((0.,1.,0.));
#8076=IFCDIRECTION((0.,0.,1.));
#8077=IFCCARTESIANTRANSFORMATIONOPERATOR3D(#8074,#8075,#8073,1.,#8076);
#8078=IFCMAPPEDITEM(#7993,#8077);
#8079=IFCSHAPEREPRESENTATION(#18,'Profile','MappedRepresentation',(#8078));
#8080=IFCPRODUCTDEFINITIONSHAPE($,$,(#8079,#8087,#8094));
#8081=IFCCARTESIANPOINT((0.,0.,0.));
#8082=IFCDIRECTION((1.,0.,0.));
#8083=IFCDIRECTION((0.,1.,0.));
#8084=IFCDIRECTION((0.,0.,1.));
#8085=IFCCARTESIANTRANSFORMATIONOPERATOR3D(#8082,#8083,#8081,1.,#8084);
#8086=IFCMAPPEDITEM(#8001,#8085);
#8087=IFCSHAPEREPRESENTATION(#11,'Body','MappedRepresentation',(#8086));
#8088=IFCCARTESIANPOINT((0.,0.,0.));
#8089=IFCDIRECTION((1.,0.,0.));
#8090=IFCDIRECTION((0.,1.,0.));
#8091=IFCDIRECTION((0.,0.,1.));
#8092=IFCCARTESIANTRANSFORMATIONOPERATOR3D(#8089,#8090,#8088,1.,#8091);
#8093=IFCMAPPEDITEM(#8049,#8092);
#8094=IFCSHAPEREPRESENTATION(#24,'Body','MappedRepresentation',(#8093));
#8095=IFCOPENINGELEMENT('3s$i8kLFP6lQ0hEYJHxrYN',$,'Opening',$,$,#8239,#8123,$,.OPENING.);
#8111=IFCCARTESIANPOINT((0.,0.,0.));
#8112=IFCDIRECTION((1.,0.,0.));
#8113=IFCDIRECTION((0.,0.,1.));
#8114=IFCAXIS2PLACEMENT3D(#8111,#8113,#8112);
#8115=IFCREPRESENTATIONMAP(#8114,#8229);
#8116=IFCCARTESIANPOINT((0.,0.,0.));
#8117=IFCDIRECTION((1.,0.,0.));
#8118=IFCDIRECTION((0.,1.,0.));
#8119=IFCDIRECTION((0.,0.,1.));
#8120=IFCCARTESIANTRANSFORMATIONOPERATOR3D(#8117,#8118,#8116,1.,#8119);
#8121=IFCMAPPEDITEM(#8115,#8120);
#8122=IFCSHAPEREPRESENTATION(#11,'Body','MappedRepresentation',(#8121));
#8123=IFCPRODUCTDEFINITIONSHAPE($,$,(#8122));
#8124=IFCRELVOIDSELEMENT('3Pc9CUevn4qwB_X0oQB0Nz',$,$,$,#3866,#8095);
#8130=IFCRELFILLSELEMENT('2WlBCfzbv3hx_GoqgiWiZX',$,$,$,#8095,#8071);
#8151=IFCCARTESIANPOINTLIST3D(((0.,0.,0.),(0.85078901052474976,0.,0.),(0.85078901052474976,0.,0.89999997615814209),(0.,0.,0.89999997615814209)));
#8152=IFCINDEXEDPOLYCURVE(#8151,(IFCLINEINDEX((1,2,3,4,1))),$);
#8153=IFCSHAPEREPRESENTATION(#18,'Profile','Curve3D',(#8152));
#8154=IFCCARTESIANPOINTLIST2D(((0.,0.),(0.85078901052474976,0.),(0.85078901052474976,0.89999997615814209),(0.,0.89999997615814209)));
#8155=IFCINDEXEDPOLYCURVE(#8154,(IFCLINEINDEX((1,2,3,4,1))),$);
#8156=IFCCARTESIANPOINTLIST2D(((0.02500000037252903,0.02500000037252903),(0.82578901015222073,0.02500000037252903),(0.82578901015222073,0.87499997578561306),(0.02500000037252903,0.87499997578561306)));
#8157=IFCINDEXEDPOLYCURVE(#8156,(IFCLINEINDEX((1,2,3,4,1))),$);
#8158=IFCARBITRARYPROFILEDEFWITHVOIDS(.AREA.,$,#8155,(#8157));
#8159=IFCCARTESIANPOINT((0.,0.090000001713633537,0.));
#8160=IFCDIRECTION((0.,-1.,0.));
#8161=IFCDIRECTION((1.,0.,0.));
#8162=IFCAXIS2PLACEMENT3D(#8159,#8160,#8161);
#8163=IFCDIRECTION((0.,0.,-1.));
#8164=IFCEXTRUDEDAREASOLID(#8158,#8162,#8163,0.0099999997764825821);
#8165=IFCCARTESIANPOINTLIST2D(((0.,0.),(0.85078901052474976,0.),(0.85078901052474976,0.89999997615814209),(0.,0.89999997615814209)));
#8166=IFCINDEXEDPOLYCURVE(#8165,(IFCLINEINDEX((1,2,3,4,1))),$);
#8167=IFCCARTESIANPOINTLIST2D(((0.05000000074505806,0.05000000074505806),(0.8007890097796917,0.05000000074505806),(0.8007890097796917,0.84999997541308403),(0.05000000074505806,0.84999997541308403)));
#8168=IFCINDEXEDPOLYCURVE(#8167,(IFCLINEINDEX((1,2,3,4,1))),$);
#8169=IFCARBITRARYPROFILEDEFWITHVOIDS(.AREA.,$,#8166,(#8168));
#8170=IFCCARTESIANPOINT((0.,0.05000000074505806,0.));
#8171=IFCDIRECTION((0.,-1.,0.));
#8172=IFCDIRECTION((1.,0.,0.));
#8173=IFCAXIS2PLACEMENT3D(#8170,#8171,#8172);
#8174=IFCDIRECTION((0.,0.,-1.));
#8175=IFCEXTRUDEDAREASOLID(#8169,#8173,#8174,0.040000000968575478);
#8176=IFCCARTESIANPOINTLIST2D(((0.,0.),(0.8007890097796917,0.),(0.8007890097796917,0.84999997541308403),(0.,0.84999997541308403)));
#8177=IFCINDEXEDPOLYCURVE(#8176,(IFCLINEINDEX((1,2,3,4,1))),$);
#8178=IFCCARTESIANPOINTLIST2D(((0.035000000149011612,0.035000000149011612),(0.76578900963068008,0.035000000149011612),(0.76578900963068008,0.81499997526407242),(0.035000000149011612,0.81499997526407242)));
#8179=IFCINDEXEDPOLYCURVE(#8178,(IFCLINEINDEX((1,2,3,4,1))),$);
#8180=IFCARBITRARYPROFILEDEFWITHVOIDS(.AREA.,$,#8177,(#8179));
#8181=IFCCARTESIANPOINT((0.02500000037252903,0.090000001713633537,0.02500000037252903));
#8182=IFCDIRECTION((0.,-1.,0.));
#8183=IFCDIRECTION((1.,0.,0.));
#8184=IFCAXIS2PLACEMENT3D(#8181,#8182,#8183);
#8185=IFCDIRECTION((0.,0.,-1.));
#8186=IFCEXTRUDEDAREASOLID(#8180,#8184,#8185,0.035000000149011612);
#8187=IFCINDEXEDPOLYCURVE(#8188,(IFCLINEINDEX((1,2,3,4,1))),$);
#8188=IFCCARTESIANPOINTLIST2D(((0.035000000149011612,0.035000000149011612),(0.76578900963068008,0.035000000149011612),(0.76578900963068008,0.81499997526407242),(0.035000000149011612,0.81499997526407242)));
#8189=IFCARBITRARYCLOSEDPROFILEDEF(.AREA.,$,#8187);
#8190=IFCCARTESIANPOINT((0.02500000037252903,0.10250000178813934,0.02500000037252903));
#8191=IFCDIRECTION((0.,-1.,0.));
#8192=IFCDIRECTION((1.,0.,0.));
#8193=IFCAXIS2PLACEMENT3D(#8190,#8191,#8192);
#8194=IFCDIRECTION((0.,0.,-1.));
#8195=IFCEXTRUDEDAREASOLID(#8189,#8193,#8194,0.01);
#8196=IFCSHAPEREPRESENTATION(#11,'Body','SweptSolid',(#8164,#8175,#8186,#8195));
#8197=IFCSHAPEREPRESENTATION(#11,'Body','SweptSolid',(#8164,#8175));
#8198=IFCSHAPEASPECT((#8197),'Lining',$,.T.,#8080);
#8199=IFCSHAPEREPRESENTATION(#11,'Body','SweptSolid',(#8186));
#8200=IFCSHAPEASPECT((#8199),'Framing',$,.T.,#8080);
#8201=IFCSHAPEREPRESENTATION(#11,'Body','SweptSolid',(#8195));
#8202=IFCSHAPEASPECT((#8201),'Glazing',$,.T.,#8080);
#8203=IFCCARTESIANPOINTLIST2D(((0.05000000074505806,0.05000000074505806),(0.8007890097796917,0.05000000074505806)));
#8204=IFCINDEXEDPOLYCURVE(#8203,$,$);
#8205=IFCCARTESIANPOINTLIST2D(((0.,0.10000000149011612),(0.02500000037252903,0.10000000149011612),(0.02500000037252903,0.090000001713633537),(0.05000000074505806,0.090000001713633537),(0.05000000074505806,0.05000000074505806),(0.,0.05000000074505806)));
#8206=IFCINDEXEDPOLYCURVE(#8205,(IFCLINEINDEX((1,2,3,4,5,6,1))),$);
#8207=IFCCARTESIANPOINTLIST2D(((0.85078901052474976,0.10000000149011612),(0.82578901015222073,0.10000000149011612),(0.82578901015222073,0.090000001713633537),(0.8007890097796917,0.090000001713633537),(0.8007890097796917,0.05000000074505806),(0.85078901052474976,0.05000000074505806)));
#8208=IFCINDEXEDPOLYCURVE(#8207,(IFCLINEINDEX((1,2,3,4,5,6,1))),$);
#8209=IFCCARTESIANPOINTLIST2D(((0.02500000037252903,0.090000001713633537),(0.060000000521540642,0.090000001713633537),(0.060000000521540642,0.12500000186264515),(0.02500000037252903,0.12500000186264515)));
#8210=IFCINDEXEDPOLYCURVE(#8209,(IFCLINEINDEX((1,2,3,4,1))),$);
#8211=IFCINDEXEDPOLYCURVE(#8212,(IFCLINEINDEX((1,2,3,4,1))),$);
#8212=IFCCARTESIANPOINTLIST2D(((0.82578901015222073,0.090000001713633537),(0.79078901000320911,0.090000001713633537),(0.79078901000320911,0.12500000186264515),(0.82578901015222073,0.12500000186264515)));
#8213=IFCCARTESIANPOINTLIST2D(((0.060000000521540642,0.090000001713633537),(0.79078901000320911,0.090000001713633537)));
#8214=IFCINDEXEDPOLYCURVE(#8213,$,$);
#8215=IFCINDEXEDPOLYCURVE(#8216,$,$);
#8216=IFCCARTESIANPOINTLIST2D(((0.060000000521540642,0.12500000186264515),(0.79078901000320911,0.12500000186264515)));
#8217=IFCINDEXEDPOLYCURVE(#8218,$,$);
#8218=IFCCARTESIANPOINTLIST2D(((0.060000000521540642,0.10750000178813934),(0.79078901000320911,0.10750000178813934)));
#8219=IFCSHAPEREPRESENTATION(#24,'Body','Curve2D',(#8204,#8206,#8208,#8210,#8211,#8214,#8215,#8217));
#8220=IFCCARTESIANPOINTLIST2D(((0.,0.),(0.85078901052474976,0.),(0.85078901052474976,0.89999997615814209),(0.,0.89999997615814209)));
#8221=IFCINDEXEDPOLYCURVE(#8220,(IFCLINEINDEX((1,2,3,4,1))),$);
#8222=IFCARBITRARYCLOSEDPROFILEDEF(.AREA.,$,#8221);
#8223=IFCCARTESIANPOINT((0.,-0.60000002384185791,0.));
#8224=IFCDIRECTION((0.,-1.,0.));
#8225=IFCDIRECTION((1.,0.,0.));
#8226=IFCAXIS2PLACEMENT3D(#8223,#8224,#8225);
#8227=IFCDIRECTION((0.,0.,-1.));
#8228=IFCEXTRUDEDAREASOLID(#8222,#8226,#8227,1.2);
#8229=IFCSHAPEREPRESENTATION(#11,'Body','SweptSolid',(#8228));
#8235=IFCCARTESIANPOINT((1.5328735773682096,5.4384119252404162E-07,1.));
#8236=IFCDIRECTION((0.,0.,1.));
#8237=IFCDIRECTION((0.99999999999999278,-1.1920929665620689E-07,0.));
#8238=IFCAXIS2PLACEMENT3D(#8235,#8236,#8237);
#8239=IFCLOCALPLACEMENT(#9152,#8238);
#8240=IFCCARTESIANPOINT((-8.8817841970012523E-16,0.,0.));
#8241=IFCDIRECTION((0.,0.,1.));
#8242=IFCDIRECTION((1.,5.2939559203393771E-23,0.));
#8243=IFCAXIS2PLACEMENT3D(#8240,#8241,#8242);
#8244=IFCLOCALPLACEMENT(#8239,#8243);
#8245=IFCWINDOW('3wuda9$mXEuAnSRcrOJmE1',$,'Window',$,$,#8471,#8253,$,0.89999997615814209,1.2112882137298584,$,.DOUBLE_PANEL_VERTICAL.,$);
#8246=IFCCARTESIANPOINT((0.,0.,0.));
#8247=IFCDIRECTION((1.,0.,0.));
#8248=IFCDIRECTION((0.,1.,0.));
#8249=IFCDIRECTION((0.,0.,1.));
#8250=IFCCARTESIANTRANSFORMATIONOPERATOR3D(#8247,#8248,#8246,1.,#8249);
#8251=IFCMAPPEDITEM(#7016,#8250);
#8252=IFCSHAPEREPRESENTATION(#18,'Profile','MappedRepresentation',(#8251));
#8253=IFCPRODUCTDEFINITIONSHAPE($,$,(#8252,#8260,#8267));
#8254=IFCCARTESIANPOINT((0.,0.,0.));
#8255=IFCDIRECTION((1.,0.,0.));
#8256=IFCDIRECTION((0.,1.,0.));
#8257=IFCDIRECTION((0.,0.,1.));
#8258=IFCCARTESIANTRANSFORMATIONOPERATOR3D(#8255,#8256,#8254,1.,#8257);
#8259=IFCMAPPEDITEM(#7024,#8258);
#8260=IFCSHAPEREPRESENTATION(#11,'Body','MappedRepresentation',(#8259));
#8261=IFCCARTESIANPOINT((0.,0.,0.));
#8262=IFCDIRECTION((1.,0.,0.));
#8263=IFCDIRECTION((0.,1.,0.));
#8264=IFCDIRECTION((0.,0.,1.));
#8265=IFCCARTESIANTRANSFORMATIONOPERATOR3D(#8262,#8263,#8261,1.,#8264);
#8266=IFCMAPPEDITEM(#7110,#8265);
#8267=IFCSHAPEREPRESENTATION(#24,'Body','MappedRepresentation',(#8266));
#8268=IFCOPENINGELEMENT('15sJbtrX5BvOKcR1aZChqF',$,'Opening',$,$,#8466,#8281,$,.OPENING.);
#8274=IFCCARTESIANPOINT((0.,0.,0.));
#8275=IFCDIRECTION((1.,0.,0.));
#8276=IFCDIRECTION((0.,1.,0.));
#8277=IFCDIRECTION((0.,0.,1.));
#8278=IFCCARTESIANTRANSFORMATIONOPERATOR3D(#8275,#8276,#8274,1.,#8277);
#8279=IFCMAPPEDITEM(#7221,#8278);
#8280=IFCSHAPEREPRESENTATION(#11,'Body','MappedRepresentation',(#8279));
#8281=IFCPRODUCTDEFINITIONSHAPE($,$,(#8280));
#8282=IFCRELVOIDSELEMENT('25rRPmosrFIfVfmepMNK0R',$,$,$,#3841,#8268);
#8288=IFCRELFILLSELEMENT('12bY1r5dr1ZRvNC2_fl6W2',$,$,$,#8268,#8245);
#8309=IFCCARTESIANPOINTLIST3D(((0.,0.,0.),(1.2112882137298584,0.,0.),(1.2112882137298584,0.,0.89999997615814209),(0.,0.,0.89999997615814209)));
#8310=IFCINDEXEDPOLYCURVE(#8309,(IFCLINEINDEX((1,2,3,4,1))),$);
#8311=IFCSHAPEREPRESENTATION(#18,'Profile','Curve3D',(#8310));
#8312=IFCCARTESIANPOINTLIST2D(((0.63655394315719604,0.),(0.,0.),(0.,0.89999997615814209),(0.63655394315719604,0.89999997615814209),(0.63655394315719604,0.87499997578561306),(0.02500000037252903,0.87499997578561306),(0.02500000037252903,0.02500000037252903),(0.63655394315719604,0.02500000037252903)));
#8313=IFCINDEXEDPOLYCURVE(#8312,(IFCLINEINDEX((1,2,3,4,5,6,7,8,1))),$);
#8314=IFCARBITRARYCLOSEDPROFILEDEF(.AREA.,$,#8313);
#8315=IFCCARTESIANPOINT((0.,0.090000001713633537,0.));
#8316=IFCDIRECTION((0.,-1.,0.));
#8317=IFCDIRECTION((1.,0.,0.));
#8318=IFCAXIS2PLACEMENT3D(#8315,#8316,#8317);
#8319=IFCDIRECTION((0.,0.,-1.));
#8320=IFCEXTRUDEDAREASOLID(#8314,#8318,#8319,0.0099999997764825821);
#8321=IFCCARTESIANPOINTLIST2D(((0.,0.),(0.63655394315719604,0.),(0.63655394315719604,0.89999997615814209),(0.,0.89999997615814209)));
#8322=IFCINDEXEDPOLYCURVE(#8321,(IFCLINEINDEX((1,2,3,4,1))),$);
#8323=IFCCARTESIANPOINTLIST2D(((0.05000000074505806,0.05000000074505806),(0.61155394278466702,0.05000000074505806),(0.61155394278466702,0.84999997541308403),(0.05000000074505806,0.84999997541308403)));
#8324=IFCINDEXEDPOLYCURVE(#8323,(IFCLINEINDEX((1,2,3,4,1))),$);
#8325=IFCARBITRARYPROFILEDEFWITHVOIDS(.AREA.,$,#8322,(#8324));
#8326=IFCCARTESIANPOINT((0.,0.05000000074505806,0.));
#8327=IFCDIRECTION((0.,-1.,0.));
#8328=IFCDIRECTION((1.,0.,0.));
#8329=IFCAXIS2PLACEMENT3D(#8326,#8327,#8328);
#8330=IFCDIRECTION((0.,0.,-1.));
#8331=IFCEXTRUDEDAREASOLID(#8325,#8329,#8330,0.040000000968575478);
#8332=IFCCARTESIANPOINTLIST2D(((0.,0.),(0.61155394278466702,0.),(0.61155394278466702,0.84999997541308403),(0.,0.84999997541308403)));
#8333=IFCINDEXEDPOLYCURVE(#8332,(IFCLINEINDEX((1,2,3,4,1))),$);
#8334=IFCCARTESIANPOINTLIST2D(((0.035000000149011612,0.035000000149011612),(0.5765539426356554,0.035000000149011612),(0.5765539426356554,0.81499997526407242),(0.035000000149011612,0.81499997526407242)));
#8335=IFCINDEXEDPOLYCURVE(#8334,(IFCLINEINDEX((1,2,3,4,1))),$);
#8336=IFCARBITRARYPROFILEDEFWITHVOIDS(.AREA.,$,#8333,(#8335));
#8337=IFCCARTESIANPOINT((0.02500000037252903,0.090000001713633537,0.02500000037252903));
#8338=IFCDIRECTION((0.,-1.,0.));
#8339=IFCDIRECTION((1.,0.,0.));
#8340=IFCAXIS2PLACEMENT3D(#8337,#8338,#8339);
#8341=IFCDIRECTION((0.,0.,-1.));
#8342=IFCEXTRUDEDAREASOLID(#8336,#8340,#8341,0.035000000149011612);
#8343=IFCINDEXEDPOLYCURVE(#8344,(IFCLINEINDEX((1,2,3,4,1))),$);
#8344=IFCCARTESIANPOINTLIST2D(((0.035000000149011612,0.035000000149011612),(0.5765539426356554,0.035000000149011612),(0.5765539426356554,0.81499997526407242),(0.035000000149011612,0.81499997526407242)));
#8345=IFCARBITRARYCLOSEDPROFILEDEF(.AREA.,$,#8343);
#8346=IFCCARTESIANPOINT((0.02500000037252903,0.10250000178813934,0.02500000037252903));
#8347=IFCDIRECTION((0.,-1.,0.));
#8348=IFCDIRECTION((1.,0.,0.));
#8349=IFCAXIS2PLACEMENT3D(#8346,#8347,#8348);
#8350=IFCDIRECTION((0.,0.,-1.));
#8351=IFCEXTRUDEDAREASOLID(#8345,#8349,#8350,0.01);
#8352=IFCCARTESIANPOINTLIST2D(((0.,0.89999997615814209),(0.57473427057266235,0.89999997615814209),(0.57473427057266235,0.),(0.,0.),(0.,0.02500000037252903),(0.54973427020013332,0.02500000037252903),(0.54973427020013332,0.87499997578561306),(0.,0.87499997578561306)));
#8353=IFCINDEXEDPOLYCURVE(#8352,(IFCLINEINDEX((1,2,3,4,5,6,7,8,1))),$);
#8354=IFCARBITRARYCLOSEDPROFILEDEF(.AREA.,$,#8353);
#8355=IFCCARTESIANPOINT((0.63655394315719604,0.090000001713633537,0.));
#8356=IFCDIRECTION((0.,-1.,0.));
#8357=IFCDIRECTION((1.,0.,0.));
#8358=IFCAXIS2PLACEMENT3D(#8355,#8356,#8357);
#8359=IFCDIRECTION((0.,0.,-1.));
#8360=IFCEXTRUDEDAREASOLID(#8354,#8358,#8359,0.0099999997764825821);
#8361=IFCCARTESIANPOINTLIST2D(((0.,0.),(0.57473427057266235,0.),(0.57473427057266235,0.89999997615814209),(0.,0.89999997615814209)));
#8362=IFCINDEXEDPOLYCURVE(#8361,(IFCLINEINDEX((1,2,3,4,1))),$);
#8363=IFCCARTESIANPOINTLIST2D(((0.02500000037252903,0.05000000074505806),(0.52473426982760429,0.05000000074505806),(0.52473426982760429,0.84999997541308403),(0.02500000037252903,0.84999997541308403)));
#8364=IFCINDEXEDPOLYCURVE(#8363,(IFCLINEINDEX((1,2,3,4,1))),$);
#8365=IFCARBITRARYPROFILEDEFWITHVOIDS(.AREA.,$,#8362,(#8364));
#8366=IFCCARTESIANPOINT((0.63655394315719604,0.05000000074505806,0.));
#8367=IFCDIRECTION((0.,-1.,0.));
#8368=IFCDIRECTION((1.,0.,0.));
#8369=IFCAXIS2PLACEMENT3D(#8366,#8367,#8368);
#8370=IFCDIRECTION((0.,0.,-1.));
#8371=IFCEXTRUDEDAREASOLID(#8365,#8369,#8370,0.040000000968575478);
#8372=IFCCARTESIANPOINTLIST2D(((0.,0.),(0.54973427020013332,0.),(0.54973427020013332,0.84999997541308403),(0.,0.84999997541308403)));
#8373=IFCINDEXEDPOLYCURVE(#8372,(IFCLINEINDEX((1,2,3,4,1))),$);
#8374=IFCCARTESIANPOINTLIST2D(((0.035000000149011612,0.035000000149011612),(0.51473427005112171,0.035000000149011612),(0.51473427005112171,0.81499997526407242),(0.035000000149011612,0.81499997526407242)));
#8375=IFCINDEXEDPOLYCURVE(#8374,(IFCLINEINDEX((1,2,3,4,1))),$);
#8376=IFCARBITRARYPROFILEDEFWITHVOIDS(.AREA.,$,#8373,(#8375));
#8377=IFCCARTESIANPOINT((0.63655394315719604,0.090000001713633537,0.02500000037252903));
#8378=IFCDIRECTION((0.,-1.,0.));
#8379=IFCDIRECTION((1.,0.,0.));
#8380=IFCAXIS2PLACEMENT3D(#8377,#8378,#8379);
#8381=IFCDIRECTION((0.,0.,-1.));
#8382=IFCEXTRUDEDAREASOLID(#8376,#8380,#8381,0.035000000149011612);
#8383=IFCINDEXEDPOLYCURVE(#8384,(IFCLINEINDEX((1,2,3,4,1))),$);
#8384=IFCCARTESIANPOINTLIST2D(((0.035000000149011612,0.035000000149011612),(0.51473427005112171,0.035000000149011612),(0.51473427005112171,0.81499997526407242),(0.035000000149011612,0.81499997526407242)));
#8385=IFCARBITRARYCLOSEDPROFILEDEF(.AREA.,$,#8383);
#8386=IFCCARTESIANPOINT((0.63655394315719604,0.10250000178813934,0.02500000037252903));
#8387=IFCDIRECTION((0.,-1.,0.));
#8388=IFCDIRECTION((1.,0.,0.));
#8389=IFCAXIS2PLACEMENT3D(#8386,#8387,#8388);
#8390=IFCDIRECTION((0.,0.,-1.));
#8391=IFCEXTRUDEDAREASOLID(#8385,#8389,#8390,0.01);
#8392=IFCSHAPEREPRESENTATION(#11,'Body','SweptSolid',(#8320,#8331,#8342,#8351,#8360,#8371,#8382,#8391));
#8393=IFCSHAPEREPRESENTATION(#11,'Body','SweptSolid',(#8320,#8331,#8360,#8371));
#8394=IFCSHAPEASPECT((#8393),'Lining',$,.T.,#8253);
#8395=IFCSHAPEREPRESENTATION(#11,'Body','SweptSolid',(#8342,#8382));
#8396=IFCSHAPEASPECT((#8395),'Framing',$,.T.,#8253);
#8397=IFCSHAPEREPRESENTATION(#11,'Body','SweptSolid',(#8351,#8391));
#8398=IFCSHAPEASPECT((#8397),'Glazing',$,.T.,#8253);
#8399=IFCCARTESIANPOINTLIST2D(((0.05000000074505806,0.05000000074505806),(0.61155394278466702,0.05000000074505806)));
#8400=IFCINDEXEDPOLYCURVE(#8399,$,$);
#8401=IFCCARTESIANPOINTLIST2D(((0.,0.10000000149011612),(0.02500000037252903,0.10000000149011612),(0.02500000037252903,0.090000001713633537),(0.05000000074505806,0.090000001713633537),(0.05000000074505806,0.05000000074505806),(0.,0.05000000074505806)));
#8402=IFCINDEXEDPOLYCURVE(#8401,(IFCLINEINDEX((1,2,3,4,5,6,1))),$);
#8403=IFCCARTESIANPOINTLIST2D(((0.63655394315719604,0.10000000149011612),(0.63655394315719604,0.10000000149011612),(0.63655394315719604,0.090000001713633537),(0.61155394278466702,0.090000001713633537),(0.61155394278466702,0.05000000074505806),(0.63655394315719604,0.05000000074505806)));
#8404=IFCINDEXEDPOLYCURVE(#8403,$,$);
#8405=IFCCARTESIANPOINTLIST2D(((0.02500000037252903,0.090000001713633537),(0.060000000521540642,0.090000001713633537),(0.060000000521540642,0.12500000186264515),(0.02500000037252903,0.12500000186264515)));
#8406=IFCINDEXEDPOLYCURVE(#8405,(IFCLINEINDEX((1,2,3,4,1))),$);
#8407=IFCINDEXEDPOLYCURVE(#8408,(IFCLINEINDEX((1,2,3,4,1))),$);
#8408=IFCCARTESIANPOINTLIST2D(((0.63655394315719604,0.090000001713633537),(0.60155394300818443,0.090000001713633537),(0.60155394300818443,0.12500000186264515),(0.63655394315719604,0.12500000186264515)));
#8409=IFCCARTESIANPOINTLIST2D(((0.060000000521540642,0.090000001713633537),(0.60155394300818443,0.090000001713633537)));
#8410=IFCINDEXEDPOLYCURVE(#8409,$,$);
#8411=IFCINDEXEDPOLYCURVE(#8412,$,$);
#8412=IFCCARTESIANPOINTLIST2D(((0.060000000521540642,0.12500000186264515),(0.60155394300818443,0.12500000186264515)));
#8413=IFCINDEXEDPOLYCURVE(#8414,$,$);
#8414=IFCCARTESIANPOINTLIST2D(((0.060000000521540642,0.10750000178813934),(0.60155394300818443,0.10750000178813934)));
#8415=IFCCARTESIANPOINTLIST2D(((0.66155394352972507,0.05000000074505806),(1.1612882129848003,0.05000000074505806)));
#8416=IFCINDEXEDPOLYCURVE(#8415,$,$);
#8417=IFCCARTESIANPOINTLIST2D(((0.63655394315719604,0.10000000149011612),(0.63655394315719604,0.10000000149011612),(0.63655394315719604,0.090000001713633537),(0.66155394352972507,0.090000001713633537),(0.66155394352972507,0.05000000074505806),(0.63655394315719604,0.05000000074505806)));
#8418=IFCINDEXEDPOLYCURVE(#8417,$,$);
#8419=IFCCARTESIANPOINTLIST2D(((1.2112882137298584,0.10000000149011612),(1.1862882133573294,0.10000000149011612),(1.1862882133573294,0.090000001713633537),(1.1612882129848003,0.090000001713633537),(1.1612882129848003,0.05000000074505806),(1.2112882137298584,0.05000000074505806)));
#8420=IFCINDEXEDPOLYCURVE(#8419,(IFCLINEINDEX((1,2,3,4,5,6,1))),$);
#8421=IFCCARTESIANPOINTLIST2D(((0.63655394315719604,0.090000001713633537),(0.67155394330620766,0.090000001713633537),(0.67155394330620766,0.12500000186264515),(0.63655394315719604,0.12500000186264515)));
#8422=IFCINDEXEDPOLYCURVE(#8421,(IFCLINEINDEX((1,2,3,4,1))),$);
#8423=IFCINDEXEDPOLYCURVE(#8424,(IFCLINEINDEX((1,2,3,4,1))),$);
#8424=IFCCARTESIANPOINTLIST2D(((1.1862882133573294,0.090000001713633537),(1.1512882132083178,0.090000001713633537),(1.1512882132083178,0.12500000186264515),(1.1862882133573294,0.12500000186264515)));
#8425=IFCCARTESIANPOINTLIST2D(((0.67155394330620766,0.090000001713633537),(1.1512882132083178,0.090000001713633537)));
#8426=IFCINDEXEDPOLYCURVE(#8425,$,$);
#8427=IFCINDEXEDPOLYCURVE(#8428,$,$);
#8428=IFCCARTESIANPOINTLIST2D(((0.67155394330620766,0.12500000186264515),(1.1512882132083178,0.12500000186264515)));
#8429=IFCINDEXEDPOLYCURVE(#8430,$,$);
#8430=IFCCARTESIANPOINTLIST2D(((0.67155394330620766,0.10750000178813934),(1.1512882132083178,0.10750000178813934)));
#8431=IFCSHAPEREPRESENTATION(#24,'Body','Curve2D',(#8400,#8402,#8404,#8406,#8407,#8410,#8411,#8413,#8416,#8418,#8420,#8422,#8423,#8426,#8427,#8429));
#8432=IFCCARTESIANPOINTLIST2D(((0.,0.),(1.2112882137298584,0.),(1.2112882137298584,0.89999997615814209),(0.,0.89999997615814209)));
#8433=IFCINDEXEDPOLYCURVE(#8432,(IFCLINEINDEX((1,2,3,4,1))),$);
#8434=IFCARBITRARYCLOSEDPROFILEDEF(.AREA.,$,#8433);
#8435=IFCCARTESIANPOINT((0.,-0.60000002384185791,0.));
#8436=IFCDIRECTION((0.,-1.,0.));
#8437=IFCDIRECTION((1.,0.,0.));
#8438=IFCAXIS2PLACEMENT3D(#8435,#8436,#8437);
#8439=IFCDIRECTION((0.,0.,-1.));
#8440=IFCEXTRUDEDAREASOLID(#8434,#8438,#8439,1.2);
#8441=IFCSHAPEREPRESENTATION(#11,'Body','SweptSolid',(#8440));
#8447=IFCCARTESIANPOINT((0.29155633307001616,4.0732470552029554E-07,1.));
#8448=IFCDIRECTION((0.,0.,1.));
#8449=IFCDIRECTION((0.99999999999998479,-1.7484555314694642E-07,0.));
#8450=IFCAXIS2PLACEMENT3D(#8447,#8448,#8449);
#8451=IFCLOCALPLACEMENT(#9172,#8450);
#8452=IFCCARTESIANPOINT((0.,0.,0.));
#8453=IFCDIRECTION((0.,0.,1.));
#8454=IFCDIRECTION((1.,0.,0.));
#8455=IFCAXIS2PLACEMENT3D(#8452,#8453,#8454);
#8456=IFCLOCALPLACEMENT(#8451,#8455);
#8462=IFCCARTESIANPOINT((0.42958085238940258,4.1197227051981145E-07,1.));
#8463=IFCDIRECTION((0.,0.,1.));
#8464=IFCDIRECTION((0.999999999999998,-6.3573025954609792E-08,0.));
#8465=IFCAXIS2PLACEMENT3D(#8462,#8463,#8464);
#8466=IFCLOCALPLACEMENT(#9177,#8465);
#8467=IFCCARTESIANPOINT((8.3266726846886741E-17,0.,0.));
#8468=IFCDIRECTION((0.,0.,1.));
#8469=IFCDIRECTION((1.,-2.6469779601696886E-23,0.));
#8470=IFCAXIS2PLACEMENT3D(#8467,#8468,#8469);
#8471=IFCLOCALPLACEMENT(#8466,#8470);
#8472=IFCDOORTYPE('1phS6e5anBVAJYTb3j72of',$,'Masters-Sliding',$,$,(#8473),(#8475,#8483,#8552,#8564),$,$,.DOOR.,.SINGLE_SWING_LEFT.,$,$);
#8473=IFCPROPERTYSET('2_1bzhf0HA5wugj1PwxTXE',$,'BBIM_Door',$,(#8474));
#8474=IFCPROPERTYSINGLEVALUE('Data',$,IFCTEXT('{"door_type": "SLIDING_TO_LEFT", "overall_height": 2.0, "overall_width": 2.0843162536621094, "lining_properties": {"lining_depth": 0.05000000074505806, "lining_thickness": 0.05000000074505806, "lining_offset": 0.0, "transom_thickness": 0.0, "casing_thickness": 0.07500000298023224, "casing_depth": 0.004999999888241291, "threshold_thickness": 0.02500000037252903, "threshold_depth": 0.10000000149011612, "threshold_offset": 0.0}, "panel_properties": {"panel_depth": 0.03500000014901161, "panel_width_ratio": 1.0}}'),$);
#8475=IFCREPRESENTATIONMAP(#8476,#8801);
#8476=IFCAXIS2PLACEMENT3D(#8477,#8478,#8479);
#8477=IFCCARTESIANPOINT((0.,0.,0.));
#8478=IFCDIRECTION((0.,0.,1.));
#8479=IFCDIRECTION((1.,0.,0.));
#8483=IFCREPRESENTATIONMAP(#8484,#8865);
#8484=IFCAXIS2PLACEMENT3D(#8485,#8486,#8487);
#8485=IFCCARTESIANPOINT((0.,0.,0.));
#8486=IFCDIRECTION((0.,0.,1.));
#8487=IFCDIRECTION((1.,0.,0.));
#8552=IFCREPRESENTATIONMAP(#8553,#8872);
#8553=IFCAXIS2PLACEMENT3D(#8554,#8555,#8556);
#8554=IFCCARTESIANPOINT((0.,0.,0.));
#8555=IFCDIRECTION((0.,0.,1.));
#8556=IFCDIRECTION((1.,0.,0.));
#8564=IFCREPRESENTATIONMAP(#8565,#8877);
#8565=IFCAXIS2PLACEMENT3D(#8566,#8567,#8568);
#8566=IFCCARTESIANPOINT((0.,0.,0.));
#8567=IFCDIRECTION((0.,0.,1.));
#8568=IFCDIRECTION((1.,0.,0.));
#8574=IFCDOOR('2w26pXU9H11eyZa$ONxoR7',$,'Door',$,$,#8902,#8583,$,2.,2.0843162536621094,$,.SLIDING_TO_LEFT.,$);
#8575=IFCRELDEFINESBYTYPE('1Zy9OqU1D9f8FowmwxQN$3',$,$,$,(#8574),#8472);
#8576=IFCCARTESIANPOINT((0.,0.,0.));
#8577=IFCDIRECTION((1.,0.,0.));
#8578=IFCDIRECTION((0.,1.,0.));
#8579=IFCDIRECTION((0.,0.,1.));
#8580=IFCCARTESIANTRANSFORMATIONOPERATOR3D(#8577,#8578,#8576,1.,#8579);
#8581=IFCMAPPEDITEM(#8475,#8580);
#8582=IFCSHAPEREPRESENTATION(#18,'Profile','MappedRepresentation',(#8581));
#8583=IFCPRODUCTDEFINITIONSHAPE($,$,(#8582,#8590,#8597,#8604));
#8584=IFCCARTESIANPOINT((0.,0.,0.));
#8585=IFCDIRECTION((1.,0.,0.));
#8586=IFCDIRECTION((0.,1.,0.));
#8587=IFCDIRECTION((0.,0.,1.));
#8588=IFCCARTESIANTRANSFORMATIONOPERATOR3D(#8585,#8586,#8584,1.,#8587);
#8589=IFCMAPPEDITEM(#8483,#8588);
#8590=IFCSHAPEREPRESENTATION(#11,'Body','MappedRepresentation',(#8589));
#8591=IFCCARTESIANPOINT((0.,0.,0.));
#8592=IFCDIRECTION((1.,0.,0.));
#8593=IFCDIRECTION((0.,1.,0.));
#8594=IFCDIRECTION((0.,0.,1.));
#8595=IFCCARTESIANTRANSFORMATIONOPERATOR3D(#8592,#8593,#8591,1.,#8594);
#8596=IFCMAPPEDITEM(#8552,#8595);
#8597=IFCSHAPEREPRESENTATION(#24,'Body','MappedRepresentation',(#8596));
#8598=IFCCARTESIANPOINT((0.,0.,0.));
#8599=IFCDIRECTION((1.,0.,0.));
#8600=IFCDIRECTION((0.,1.,0.));
#8601=IFCDIRECTION((0.,0.,1.));
#8602=IFCCARTESIANTRANSFORMATIONOPERATOR3D(#8599,#8600,#8598,1.,#8601);
#8603=IFCMAPPEDITEM(#8564,#8602);
#8604=IFCSHAPEREPRESENTATION(#25,'Annotation','MappedRepresentation',(#8603));
#8605=IFCOPENINGELEMENT('0KGw85bSPDNfFcY$jE5xhg',$,'Opening',$,$,#8897,#8633,$,.OPENING.);
#8621=IFCCARTESIANPOINT((0.,0.,0.));
#8622=IFCDIRECTION((1.,0.,0.));
#8623=IFCDIRECTION((0.,0.,1.));
#8624=IFCAXIS2PLACEMENT3D(#8621,#8623,#8622);
#8625=IFCREPRESENTATIONMAP(#8624,#8887);
#8626=IFCCARTESIANPOINT((0.,0.,0.));
#8627=IFCDIRECTION((1.,0.,0.));
#8628=IFCDIRECTION((0.,1.,0.));
#8629=IFCDIRECTION((0.,0.,1.));
#8630=IFCCARTESIANTRANSFORMATIONOPERATOR3D(#8627,#8628,#8626,1.,#8629);
#8631=IFCMAPPEDITEM(#8625,#8630);
#8632=IFCSHAPEREPRESENTATION(#11,'Body','MappedRepresentation',(#8631));
#8633=IFCPRODUCTDEFINITIONSHAPE($,$,(#8632));
#8634=IFCRELVOIDSELEMENT('2TQAuY0Jj3tw8e7jVgfi5Q',$,$,$,#3891,#8605);
#8640=IFCRELFILLSELEMENT('0s_Gj78wjDfB7kA4USg4$X',$,$,$,#8605,#8574);
#8664=IFCCARTESIANPOINTLIST2D(((0.,0.),(0.,2.),(2.0843162536621094,2.),(2.0843162536621094,0.),(2.0343162529170513,0.),(2.0343162529170513,1.9499999992549419),(0.05000000074505806,1.9499999992549419),(0.05000000074505806,0.)));
#8665=IFCINDEXEDPOLYCURVE(#8664,(IFCLINEINDEX((1,2,3,4,5,6,7,8,1))),$);
#8666=IFCARBITRARYCLOSEDPROFILEDEF(.AREA.,$,#8665);
#8667=IFCCARTESIANPOINT((0.,0.,0.));
#8668=IFCDIRECTION((0.,-1.,0.));
#8669=IFCDIRECTION((1.,0.,0.));
#8670=IFCAXIS2PLACEMENT3D(#8667,#8668,#8669);
#8671=IFCDIRECTION((0.,0.,-1.));
#8672=IFCEXTRUDEDAREASOLID(#8666,#8670,#8671,0.05000000074505806);
#8673=IFCCARTESIANPOINTLIST2D(((0.,0.),(1.9843162521719933,0.),(1.9843162521719933,0.10000000149011612),(0.,0.10000000149011612)));
#8674=IFCINDEXEDPOLYCURVE(#8673,(IFCLINEINDEX((1,2,3,4,1))),$);
#8675=IFCARBITRARYCLOSEDPROFILEDEF(.AREA.,$,#8674);
#8676=IFCCARTESIANPOINT((0.05000000074505806,0.,0.));
#8677=IFCDIRECTION((0.,0.,1.));
#8678=IFCDIRECTION((1.,0.,0.));
#8679=IFCAXIS2PLACEMENT3D(#8676,#8677,#8678);
#8680=IFCDIRECTION((0.,0.,1.));
#8681=IFCEXTRUDEDAREASOLID(#8675,#8679,#8680,0.02500000037252903);
#8682=IFCCARTESIANPOINTLIST2D(((0.,0.),(0.,2.0250000022351742),(2.1343162581324577,2.0250000022351742),(2.1343162581324577,0.),(2.0593162551522255,0.),(2.0593162551522255,1.9499999992549419),(0.075000002980232239,1.9499999992549419),(0.075000002980232239,0.)));
#8683=IFCINDEXEDPOLYCURVE(#8682,(IFCLINEINDEX((1,2,3,4,5,6,7,8,1))),$);
#8684=IFCARBITRARYCLOSEDPROFILEDEF(.AREA.,$,#8683);
#8685=IFCCARTESIANPOINT((-0.025000002235174179,-0.004999999888241291,0.));
#8686=IFCDIRECTION((0.,-1.,0.));
#8687=IFCDIRECTION((1.,0.,0.));
#8688=IFCAXIS2PLACEMENT3D(#8685,#8686,#8687);
#8689=IFCDIRECTION((0.,0.,-1.));
#8690=IFCEXTRUDEDAREASOLID(#8684,#8688,#8689,0.004999999888241291);
#8691=IFCCARTESIANPOINTLIST2D(((0.,0.),(0.,2.0250000022351742),(2.1343162581324577,2.0250000022351742),(2.1343162581324577,0.),(2.0593162551522255,0.),(2.0593162551522255,1.9499999992549419),(0.075000002980232239,1.9499999992549419),(0.075000002980232239,0.)));
#8692=IFCINDEXEDPOLYCURVE(#8691,(IFCLINEINDEX((1,2,3,4,5,6,7,8,1))),$);
#8693=IFCARBITRARYCLOSEDPROFILEDEF(.AREA.,$,#8692);
#8694=IFCCARTESIANPOINT((-0.025000002235174179,0.05000000074505806,0.));
#8695=IFCDIRECTION((0.,-1.,0.));
#8696=IFCDIRECTION((1.,0.,0.));
#8697=IFCAXIS2PLACEMENT3D(#8694,#8695,#8696);
#8698=IFCDIRECTION((0.,0.,-1.));
#8699=IFCEXTRUDEDAREASOLID(#8693,#8697,#8698,0.004999999888241291);
#8700=IFCCARTESIANPOINTLIST2D(((0.,0.),(1.9843162521719933,0.),(1.9843162521719933,0.035000000149011612),(0.,0.035000000149011612)));
#8701=IFCINDEXEDPOLYCURVE(#8700,(IFCLINEINDEX((1,2,3,4,1))),$);
#8702=IFCARBITRARYCLOSEDPROFILEDEF(.AREA.,$,#8701);
#8703=IFCCARTESIANPOINT((0.05000000074505806,-0.035000000149011612,0.02500000037252903));
#8704=IFCDIRECTION((0.,0.,1.));
#8705=IFCDIRECTION((1.,0.,0.));
#8706=IFCAXIS2PLACEMENT3D(#8703,#8704,#8705);
#8707=IFCDIRECTION((0.,0.,1.));
#8708=IFCEXTRUDEDAREASOLID(#8702,#8706,#8707,1.9249999988824129);
#8709=IFCCARTESIANPOINTLIST2D(((0.,0.),(0.,-0.040000000000000001),(0.12,-0.040000000000000001),(0.12,-0.02),(0.02,-0.02),(0.02,0.)));
#8710=IFCINDEXEDPOLYCURVE(#8709,(IFCLINEINDEX((1,2,3,4,5,6,1))),$);
#8711=IFCARBITRARYCLOSEDPROFILEDEF(.AREA.,$,#8710);
#8712=IFCCARTESIANPOINT((0.10000000074505806,-0.035000000149011612,1.015000000372529));
#8713=IFCDIRECTION((0.,0.,1.));
#8714=IFCDIRECTION((1.,0.,0.));
#8715=IFCAXIS2PLACEMENT3D(#8712,#8713,#8714);
#8716=IFCDIRECTION((0.,0.,1.));
#8717=IFCEXTRUDEDAREASOLID(#8711,#8715,#8716,0.02);
#8718=IFCEXTRUDEDAREASOLID(#8719,#8722,#8726,0.02);
#8719=IFCARBITRARYCLOSEDPROFILEDEF(.AREA.,$,#8720);
#8720=IFCINDEXEDPOLYCURVE(#8721,(IFCLINEINDEX((1,2,3,4,5,6,1))),$);
#8721=IFCCARTESIANPOINTLIST2D(((0.,0.),(0.,0.040000000000000008),(0.11999999999999998,0.040000000000000008),(0.11999999999999998,0.020000000000000004),(0.020000000000000004,0.020000000000000004),(0.020000000000000004,0.)));
#8722=IFCAXIS2PLACEMENT3D(#8723,#8724,#8725);
#8723=IFCCARTESIANPOINT((0.10000000074505806,0.,1.015000000372529));
#8724=IFCDIRECTION((0.,0.,1.));
#8725=IFCDIRECTION((1.,0.,0.));
#8726=IFCDIRECTION((0.,0.,1.));
#8728=IFCSHAPEREPRESENTATION(#11,'Body','SweptSolid',(#8837,#8699,#8810,#8828,#8690,#8819,#8681,#8672));
#8729=IFCSHAPEASPECT((#8728),'Lining',$,.T.,#8583);
#8730=IFCSHAPEREPRESENTATION(#11,'Body','SweptSolid',(#8717,#8855,#8856,#8718,#8846,#8708));
#8731=IFCSHAPEASPECT((#8730),'Framing',$,.T.,#8583);
#8799=IFCCARTESIANPOINTLIST3D(((0.,0.,0.),(2.0843162536621094,0.,0.),(2.0843162536621094,0.,2.),(0.,0.,2.)));
#8800=IFCINDEXEDPOLYCURVE(#8799,(IFCLINEINDEX((1,2,3,4,1))),$);
#8801=IFCSHAPEREPRESENTATION(#18,'Profile','Curve3D',(#8800));
#8802=IFCCARTESIANPOINTLIST2D(((0.,0.),(0.,2.),(2.0843162536621094,2.),(2.0843162536621094,0.),(2.0343162529170513,0.),(2.0343162529170513,1.9499999992549419),(0.05000000074505806,1.9499999992549419),(0.05000000074505806,0.)));
#8803=IFCINDEXEDPOLYCURVE(#8802,(IFCLINEINDEX((1,2,3,4,5,6,7,8,1))),$);
#8804=IFCARBITRARYCLOSEDPROFILEDEF(.AREA.,$,#8803);
#8805=IFCCARTESIANPOINT((0.,0.,0.));
#8806=IFCDIRECTION((0.,-1.,0.));
#8807=IFCDIRECTION((1.,0.,0.));
#8808=IFCAXIS2PLACEMENT3D(#8805,#8806,#8807);
#8809=IFCDIRECTION((0.,0.,-1.));
#8810=IFCEXTRUDEDAREASOLID(#8804,#8808,#8809,0.05000000074505806);
#8811=IFCCARTESIANPOINTLIST2D(((0.,0.),(1.9843162521719933,0.),(1.9843162521719933,0.10000000149011612),(0.,0.10000000149011612)));
#8812=IFCINDEXEDPOLYCURVE(#8811,(IFCLINEINDEX((1,2,3,4,1))),$);
#8813=IFCARBITRARYCLOSEDPROFILEDEF(.AREA.,$,#8812);
#8814=IFCCARTESIANPOINT((0.05000000074505806,0.,0.));
#8815=IFCDIRECTION((0.,0.,1.));
#8816=IFCDIRECTION((1.,0.,0.));
#8817=IFCAXIS2PLACEMENT3D(#8814,#8815,#8816);
#8818=IFCDIRECTION((0.,0.,1.));
#8819=IFCEXTRUDEDAREASOLID(#8813,#8817,#8818,0.02500000037252903);
#8820=IFCCARTESIANPOINTLIST2D(((0.,0.),(0.,2.0250000022351742),(2.1343162581324577,2.0250000022351742),(2.1343162581324577,0.),(2.0593162551522255,0.),(2.0593162551522255,1.9499999992549419),(0.075000002980232239,1.9499999992549419),(0.075000002980232239,0.)));
#8821=IFCINDEXEDPOLYCURVE(#8820,(IFCLINEINDEX((1,2,3,4,5,6,7,8,1))),$);
#8822=IFCARBITRARYCLOSEDPROFILEDEF(.AREA.,$,#8821);
#8823=IFCCARTESIANPOINT((-0.025000002235174179,-0.004999999888241291,0.));
#8824=IFCDIRECTION((0.,-1.,0.));
#8825=IFCDIRECTION((1.,0.,0.));
#8826=IFCAXIS2PLACEMENT3D(#8823,#8824,#8825);
#8827=IFCDIRECTION((0.,0.,-1.));
#8828=IFCEXTRUDEDAREASOLID(#8822,#8826,#8827,0.004999999888241291);
#8829=IFCCARTESIANPOINTLIST2D(((0.,0.),(0.,2.0250000022351742),(2.1343162581324577,2.0250000022351742),(2.1343162581324577,0.),(2.0593162551522255,0.),(2.0593162551522255,1.9499999992549419),(0.075000002980232239,1.9499999992549419),(0.075000002980232239,0.)));
#8830=IFCINDEXEDPOLYCURVE(#8829,(IFCLINEINDEX((1,2,3,4,5,6,7,8,1))),$);
#8831=IFCARBITRARYCLOSEDPROFILEDEF(.AREA.,$,#8830);
#8832=IFCCARTESIANPOINT((-0.025000002235174179,0.05000000074505806,0.));
#8833=IFCDIRECTION((0.,-1.,0.));
#8834=IFCDIRECTION((1.,0.,0.));
#8835=IFCAXIS2PLACEMENT3D(#8832,#8833,#8834);
#8836=IFCDIRECTION((0.,0.,-1.));
#8837=IFCEXTRUDEDAREASOLID(#8831,#8835,#8836,0.004999999888241291);
#8838=IFCCARTESIANPOINTLIST2D(((0.,0.),(1.9843162521719933,0.),(1.9843162521719933,0.035000000149011612),(0.,0.035000000149011612)));
#8839=IFCINDEXEDPOLYCURVE(#8838,(IFCLINEINDEX((1,2,3,4,1))),$);
#8840=IFCARBITRARYCLOSEDPROFILEDEF(.AREA.,$,#8839);
#8841=IFCCARTESIANPOINT((0.05000000074505806,-0.035000000149011612,0.02500000037252903));
#8842=IFCDIRECTION((0.,0.,1.));
#8843=IFCDIRECTION((1.,0.,0.));
#8844=IFCAXIS2PLACEMENT3D(#8841,#8842,#8843);
#8845=IFCDIRECTION((0.,0.,1.));
#8846=IFCEXTRUDEDAREASOLID(#8840,#8844,#8845,1.9249999988824129);
#8847=IFCCARTESIANPOINTLIST2D(((0.,0.),(0.,-0.040000000000000008),(-0.11999999999999988,-0.040000000000000008),(-0.11999999999999988,-0.020000000000000004),(-0.020000000000000018,-0.020000000000000004),(-0.020000000000000018,0.)));
#8848=IFCINDEXEDPOLYCURVE(#8847,(IFCLINEINDEX((1,2,3,4,5,6,1))),$);
#8849=IFCARBITRARYCLOSEDPROFILEDEF(.AREA.,$,#8848);
#8850=IFCCARTESIANPOINT((1.9843162529170513,-0.035000000149011612,1.015000000372529));
#8851=IFCDIRECTION((0.,0.,1.));
#8852=IFCDIRECTION((1.,0.,0.));
#8853=IFCAXIS2PLACEMENT3D(#8850,#8851,#8852);
#8854=IFCDIRECTION((0.,0.,1.));
#8855=IFCEXTRUDEDAREASOLID(#8849,#8853,#8854,0.02);
#8856=IFCEXTRUDEDAREASOLID(#8857,#8860,#8864,0.02);
#8857=IFCARBITRARYCLOSEDPROFILEDEF(.AREA.,$,#8858);
#8858=IFCINDEXEDPOLYCURVE(#8859,(IFCLINEINDEX((1,2,3,4,5,6,1))),$);
#8859=IFCCARTESIANPOINTLIST2D(((0.,0.),(0.,0.040000000000000008),(-0.11999999999999988,0.040000000000000008),(-0.11999999999999988,0.020000000000000004),(-0.020000000000000018,0.020000000000000004),(-0.020000000000000018,0.)));
#8860=IFCAXIS2PLACEMENT3D(#8861,#8862,#8863);
#8861=IFCCARTESIANPOINT((1.9843162529170513,0.,1.015000000372529));
#8862=IFCDIRECTION((0.,0.,1.));
#8863=IFCDIRECTION((1.,0.,0.));
#8864=IFCDIRECTION((0.,0.,1.));
#8865=IFCSHAPEREPRESENTATION(#11,'Body','SweptSolid',(#8810,#8846,#8855,#8856,#8819,#8828,#8837));
#8866=IFCCARTESIANPOINTLIST2D(((0.,0.),(0.05000000074505806,0.),(0.05000000074505806,0.05000000074505806),(0.,0.05000000074505806)));
#8867=IFCINDEXEDPOLYCURVE(#8866,(IFCLINEINDEX((1,2,3,4,1))),$);
#8868=IFCINDEXEDPOLYCURVE(#8869,(IFCLINEINDEX((1,2,3,4,1))),$);
#8869=IFCCARTESIANPOINTLIST2D(((2.0843162536621094,0.),(2.0343162529170513,0.),(2.0343162529170513,0.05000000074505806),(2.0843162536621094,0.05000000074505806)));
#8870=IFCCARTESIANPOINTLIST2D(((-0.94215812534093857,-0.035000000149011612),(1.0421581268310547,-0.035000000149011612),(1.0421581268310547,0.),(-0.94215812534093857,0.)));
#8871=IFCINDEXEDPOLYCURVE(#8870,(IFCLINEINDEX((1,2,3,4,1))),$);
#8872=IFCSHAPEREPRESENTATION(#24,'Body','Curve2D',(#8867,#8868,#8871));
#8873=IFCCARTESIANPOINTLIST2D(((0.74451068900525563,-0.081587428267465345),(1.3398055646568536,-0.081587428267465345)));
#8874=IFCINDEXEDPOLYCURVE(#8873,$,$);
#8875=IFCCARTESIANPOINTLIST2D(((0.77451068900525566,-0.050529142855162856),(0.74451068900525563,-0.081587428267465345),(0.77451068900525566,-0.11264571367976783)));
#8876=IFCINDEXEDPOLYCURVE(#8875,$,$);
#8877=IFCSHAPEREPRESENTATION(#25,'Annotation','Curve2D',(#8874,#8876));
#8878=IFCCARTESIANPOINTLIST2D(((0.,0.),(2.0843162536621094,0.),(2.0843162536621094,2.),(0.,2.)));
#8879=IFCINDEXEDPOLYCURVE(#8878,(IFCLINEINDEX((1,2,3,4,1))),$);
#8880=IFCARBITRARYCLOSEDPROFILEDEF(.AREA.,$,#8879);
#8881=IFCCARTESIANPOINT((0.,-0.60000002384185791,0.));
#8882=IFCDIRECTION((0.,-1.,0.));
#8883=IFCDIRECTION((1.,0.,0.));
#8884=IFCAXIS2PLACEMENT3D(#8881,#8882,#8883);
#8885=IFCDIRECTION((0.,0.,-1.));
#8886=IFCEXTRUDEDAREASOLID(#8880,#8884,#8885,1.2);
#8887=IFCSHAPEREPRESENTATION(#11,'Body','SweptSolid',(#8886));
#8893=IFCCARTESIANPOINT((1.3302293564366812,2.1457672119140625E-06,0.));
#8894=IFCDIRECTION((0.,0.,1.));
#8895=IFCDIRECTION((0.99999999999988631,-4.7683715820307079E-07,0.));
#8896=IFCAXIS2PLACEMENT3D(#8893,#8894,#8895);
#8897=IFCLOCALPLACEMENT(#9157,#8896);
#8898=IFCCARTESIANPOINT((0.,0.,0.));
#8899=IFCDIRECTION((0.,0.,1.));
#8900=IFCDIRECTION((1.,0.,0.));
#8901=IFCAXIS2PLACEMENT3D(#8898,#8899,#8900);
#8902=IFCLOCALPLACEMENT(#8897,#8901);
#8903=IFCBUILDINGSTOREY('0v0PacWWH3TOH3gN6XfnTj',$,'3F',$,$,#9434,$,$,$,$);
#8922=IFCSLABTYPE('0XV0BK9R1Bi8TspyGOtBGN',$,'Slab-3F',$,$,(#8923),$,$,$,.FLOOR.);
#8923=IFCPROPERTYSET('3bPEwE67j0JAITTT1HuN2f',$,'EPset_Parametric',$,(#8924));
#8924=IFCPROPERTYSINGLEVALUE('LayerSetDirection',$,IFCLABEL('AXIS3'),$);
#8925=IFCRELASSOCIATESMATERIAL('2IjCBtcLLFG9LaNZ5rCMwB',$,$,$,(#8922),#8926);
#8926=IFCMATERIALLAYERSET((#8927),$,$);
#8927=IFCMATERIALLAYER(#81,0.10000000000000001,$,$,$,$,$);
#8928=IFCSLAB('1xU$tXI4L76OKAQ7I8XygJ',$,'Slab',$,$,#9439,#8944,$,$);
#8929=IFCRELCONTAINEDINSPATIALSTRUCTURE('2yvsKUtvP99vRsTx0S4LmM',$,$,$,(#8928,#9440),#8903);
#8930=IFCRELDEFINESBYTYPE('1Gn5b4arX7NQ23Ujpm5Ipt',$,$,$,(#8928),#8922);
#8931=IFCMATERIALLAYERSETUSAGE(#8926,.AXIS3.,.POSITIVE.,-0.10000000149011612,$);
#8932=IFCRELASSOCIATESMATERIAL('3n5W7gA5H5KOUYFds1cGi4',$,$,$,(#8928),#8931);
#8938=IFCCARTESIANPOINTLIST2D(((0.,0.),(-0.0099978446960449219,9.6099967956542969),(-4.0000009536743164,9.6099987030029297),(-4.,8.6530399322509766),(-7.5099825859069824,8.6530189514160156),(-7.5099821090698242,1.504399299621582),(-3.9595673084259033,1.5043988227844238),(-3.9595670700073242,0.91833972930908203),(-2.3849215507507324,0.91834020614624023),(-2.3849210739135742,0.0092821121215820312),(0.,0.)));
#8939=IFCINDEXEDPOLYCURVE(#8938,$,$);
#8940=IFCDIRECTION((0.,0.,1.));
#8941=IFCARBITRARYCLOSEDPROFILEDEF(.AREA.,$,#8939);
#8942=IFCEXTRUDEDAREASOLID(#8941,#8951,#8940,0.10000000000000001);
#8943=IFCSHAPEREPRESENTATION(#11,'Body','SweptSolid',(#8942));
#8944=IFCPRODUCTDEFINITIONSHAPE($,$,(#8943));
#8945=IFCPROPERTYSET('2jB6o9Bf1CXwmYkJ15zz9m',$,'EPset_Parametric',$,(#8947));
#8946=IFCRELDEFINESBYPROPERTIES('0CKkkuiv56yvTLEY5VKRY2',$,$,$,(#8928),#8945);
#8947=IFCPROPERTYSINGLEVALUE('Engine',$,IFCLABEL('Bonsai.DumbLayer3'),$);
#8948=IFCCARTESIANPOINT((-0.,-0.,-0.10000000149011612));
#8949=IFCDIRECTION((0.,0.,1.));
#8950=IFCDIRECTION((1.,0.,0.));
#8951=IFCAXIS2PLACEMENT3D(#8948,#8949,#8950);
#8952=IFCROOFTYPE('3t9FOrJff9gBfPijmf1J3a',$,'Unnamed',$,$,(#8953),(#8982,#9010),$,$,.HIP_ROOF.);
#8953=IFCPROPERTYSET('18969xOsrEhQhiv54_ujq4',$,'BBIM_Roof',$,(#8954));
#8954=IFCPROPERTYSINGLEVALUE('Data',$,IFCTEXT('{"roof_type": "HIP/GABLE ROOF", "generation_method": "ANGLE", "roof_thickness": 0.10000000149011612, "rafter_edge_angle": 1.5707963705062866, "angle": 0.1745329201221466, "percentage": 17.63269805908203, "path_data": {"edges": [[0, 1], [1, 2], [2, 3], [3, 0]], "verts": [[-5.0, -5.0, 0.0], [-5.0, 5.0, 0.0], [5.0, 5.0, 0.0], [5.0, -5.0, 0.0]]}}'),$);
#8978=IFCCARTESIANPOINT((0.,0.,0.));
#8979=IFCDIRECTION((1.,0.,0.));
#8980=IFCDIRECTION((0.,0.,1.));
#8981=IFCAXIS2PLACEMENT3D(#8978,#8980,#8979);
#8982=IFCREPRESENTATIONMAP(#8981,#9001);
#8983=IFCINDEXEDPOLYGONALFACE((3,1,2));
#8984=IFCINDEXEDPOLYGONALFACE((2,4,3));
#8985=IFCINDEXEDPOLYGONALFACE((1,3,5));
#8986=IFCINDEXEDPOLYGONALFACE((4,5,3));
#8987=IFCINDEXEDPOLYGONALFACE((6,7,8));
#8988=IFCINDEXEDPOLYGONALFACE((8,2,1));
#8989=IFCINDEXEDPOLYGONALFACE((8,1,6));
#8990=IFCINDEXEDPOLYGONALFACE((8,7,9));
#8991=IFCINDEXEDPOLYGONALFACE((2,8,9));
#8992=IFCINDEXEDPOLYGONALFACE((2,9,4));
#8993=IFCINDEXEDPOLYGONALFACE((10,7,6));
#8994=IFCINDEXEDPOLYGONALFACE((6,1,5));
#8995=IFCINDEXEDPOLYGONALFACE((6,5,10));
#8996=IFCINDEXEDPOLYGONALFACE((9,7,10));
#8997=IFCINDEXEDPOLYGONALFACE((4,9,10));
#8998=IFCINDEXEDPOLYGONALFACE((4,10,5));
#8999=IFCCARTESIANPOINTLIST3D(((-5.,-5.,0.),(5.,-5.,0.),(0.,0.,0.88163489103317261),(5.,5.,0.),(-5.,5.,0.),(-5.,-5.,-0.10154265910387039),(0.,0.,0.78009223937988281),(5.,-5.,-0.10154265910387039),(5.,5.,-0.10154265910387039),(-5.,5.,-0.10154265910387039)));
#9000=IFCPOLYGONALFACESET(#8999,.T.,(#8983,#8984,#8985,#8986,#8987,#8988,#8989,#8990,#8991,#8992,#8993,#8994,#8995,#8996,#8997,#8998),$);
#9001=IFCSHAPEREPRESENTATION(#11,'Body','Tessellation',(#9000));
#9003=IFCCARTESIANPOINT((-5.,-5.,-0.10154265910387039));
#9004=IFCBOUNDINGBOX(#9003,10.,10.,0.9831775426864624);
#9005=IFCSHAPEREPRESENTATION(#13,'Box','BoundingBox',(#9004));
#9006=IFCCARTESIANPOINT((0.,0.,0.));
#9007=IFCDIRECTION((1.,0.,0.));
#9008=IFCDIRECTION((0.,0.,1.));
#9009=IFCAXIS2PLACEMENT3D(#9006,#9008,#9007);
#9010=IFCREPRESENTATIONMAP(#9009,#9005);
#9108=IFCCARTESIANPOINT((0.,0.,3.));
#9109=IFCDIRECTION((0.,0.,1.));
#9110=IFCDIRECTION((1.,0.,0.));
#9111=IFCAXIS2PLACEMENT3D(#9108,#9109,#9110);
#9112=IFCLOCALPLACEMENT(#56,#9111);
#9113=IFCCARTESIANPOINT((4.2266049385070801,-2.5901062488555908,0.));
#9114=IFCDIRECTION((0.,0.,1.));
#9115=IFCDIRECTION((1.,0.,0.));
#9116=IFCAXIS2PLACEMENT3D(#9113,#9114,#9115);
#9117=IFCLOCALPLACEMENT(#9112,#9116);
#9118=IFCCARTESIANPOINT((0.80650186538696289,1.9207808971405029,0.10154271125793457));
#9119=IFCDIRECTION((0.,0.,1.));
#9120=IFCDIRECTION((1.,0.,0.));
#9121=IFCAXIS2PLACEMENT3D(#9118,#9119,#9120);
#9122=IFCLOCALPLACEMENT(#9112,#9121);
#9123=IFCCARTESIANPOINT((4.2266054153442383,6.5098943710327148,0.));
#9124=IFCDIRECTION((0.,0.,1.));
#9125=IFCDIRECTION((1.,0.,0.));
#9126=IFCAXIS2PLACEMENT3D(#9123,#9124,#9125);
#9127=IFCLOCALPLACEMENT(#9112,#9126);
#9128=IFCCARTESIANPOINT((4.2366061210632324,-3.100102424621582,0.));
#9129=IFCDIRECTION((0.,0.,1.));
#9130=IFCDIRECTION((-0.0010403830042911961,0.9999994588014558,0.));
#9131=IFCAXIS2PLACEMENT3D(#9128,#9129,#9130);
#9132=IFCLOCALPLACEMENT(#9112,#9131);
#9133=IFCCARTESIANPOINT((0.27703890204429626,-2.1817626953125,0.));
#9134=IFCDIRECTION((0.,0.,1.));
#9135=IFCDIRECTION((0.99999999999997158,2.3841857910155572E-07,0.));
#9136=IFCAXIS2PLACEMENT3D(#9133,#9134,#9135);
#9137=IFCLOCALPLACEMENT(#9112,#9136);
#9138=IFCCARTESIANPOINT((4.2266080383147937,6.5098943710316934,0.));
#9139=IFCDIRECTION((0.,0.,1.));
#9140=IFCDIRECTION((-0.99999999999992428,3.8941436741876494E-07,0.));
#9141=IFCAXIS2PLACEMENT3D(#9138,#9139,#9140);
#9142=IFCLOCALPLACEMENT(#9112,#9141);
#9143=IFCCARTESIANPOINT((0.23660540580742703,6.5098959247960435,0.));
#9144=IFCDIRECTION((0.,0.,1.));
#9145=IFCDIRECTION((5.5233505236165668E-07,-0.99999999999984746,0.));
#9146=IFCAXIS2PLACEMENT3D(#9143,#9144,#9145);
#9147=IFCLOCALPLACEMENT(#9112,#9146);
#9148=IFCCARTESIANPOINT((-3.2733764648437522,5.5529169504761411,0.));
#9149=IFCDIRECTION((0.,0.,1.));
#9150=IFCDIRECTION((-4.3711388286737889E-08,-0.99999999999999911,0.));
#9151=IFCAXIS2PLACEMENT3D(#9148,#9149,#9150);
#9152=IFCLOCALPLACEMENT(#9112,#9151);
#9153=IFCCARTESIANPOINT((-3.2733767773198599,-1.595703125,0.));
#9154=IFCDIRECTION((0.,0.,1.));
#9155=IFCDIRECTION((1.,0.,0.));
#9156=IFCAXIS2PLACEMENT3D(#9153,#9154,#9155);
#9157=IFCLOCALPLACEMENT(#9112,#9156);
#9158=IFCCARTESIANPOINT((0.27703857421894751,-1.595703125,0.));
#9159=IFCDIRECTION((0.,0.,1.));
#9160=IFCDIRECTION((5.5233505236165668E-07,-0.99999999999984746,0.));
#9161=IFCAXIS2PLACEMENT3D(#9158,#9159,#9160);
#9162=IFCLOCALPLACEMENT(#9112,#9161);
#9163=IFCCARTESIANPOINT((1.851684570312556,-2.1817623198877172,0.));
#9164=IFCDIRECTION((0.,0.,1.));
#9165=IFCDIRECTION((5.5233505236165668E-07,-0.99999999999984746,0.));
#9166=IFCAXIS2PLACEMENT3D(#9163,#9164,#9165);
#9167=IFCLOCALPLACEMENT(#9112,#9166);
#9168=IFCCARTESIANPOINT((1.8516850724171499,-3.0908203124999938,0.));
#9169=IFCDIRECTION((0.,0.,1.));
#9170=IFCDIRECTION((0.99999999999997158,2.3841857910155572E-07,0.));
#9171=IFCAXIS2PLACEMENT3D(#9168,#9169,#9170);
#9172=IFCLOCALPLACEMENT(#9112,#9171);
#9173=IFCCARTESIANPOINT((0.23660604655742637,5.5529174804687678,0.));
#9174=IFCDIRECTION((0.,0.,1.));
#9175=IFCDIRECTION((-0.99999999999998868,-1.5099580252808492E-07,0.));
#9176=IFCAXIS2PLACEMENT3D(#9173,#9174,#9175);
#9177=IFCLOCALPLACEMENT(#9112,#9176);
#9178=IFCCARTESIANPOINT((0.23660604655742634,5.5529174804687687,0.));
#9179=IFCDIRECTION((0.,0.,1.));
#9180=IFCDIRECTION((0.0056559297939308383,-0.9999840051011647,0.));
#9181=IFCAXIS2PLACEMENT3D(#9178,#9179,#9180);
#9182=IFCLOCALPLACEMENT(#9112,#9181);
#9183=IFCCARTESIANPOINT((-3.2733765964232924,2.5427279472351074,0.));
#9184=IFCDIRECTION((0.,0.,1.));
#9185=IFCDIRECTION((1.,0.,0.));
#9186=IFCAXIS2PLACEMENT3D(#9183,#9184,#9185);
#9187=IFCLOCALPLACEMENT(#9112,#9186);
#9188=IFCCARTESIANPOINT((0.36575394868850708,0.39977395534515381,0.));
#9189=IFCDIRECTION((0.,0.,1.));
#9190=IFCDIRECTION((1.,0.,0.));
#9191=IFCAXIS2PLACEMENT3D(#9188,#9189,#9190);
#9192=IFCLOCALPLACEMENT(#9112,#9191);
#9193=IFCCARTESIANPOINT((0.34027743339538574,4.904090404510498,0.));
#9194=IFCDIRECTION((0.,0.,1.));
#9195=IFCDIRECTION((1.,0.,0.));
#9196=IFCAXIS2PLACEMENT3D(#9193,#9194,#9195);
#9197=IFCLOCALPLACEMENT(#9112,#9196);
#9198=IFCDOOR('0x6tW1OJHBiuH3oEqnotfn',$,'Door',$,$,#9466,#9206,$,2.,0.91538709402084351,$,.SINGLE_SWING_LEFT.,$);
#9199=IFCCARTESIANPOINT((0.,0.,0.));
#9200=IFCDIRECTION((1.,0.,0.));
#9201=IFCDIRECTION((0.,1.,0.));
#9202=IFCDIRECTION((0.,0.,1.));
#9203=IFCCARTESIANTRANSFORMATIONOPERATOR3D(#9200,#9201,#9199,1.,#9202);
#9204=IFCMAPPEDITEM(#5442,#9203);
#9205=IFCSHAPEREPRESENTATION(#18,'Profile','MappedRepresentation',(#9204));
#9206=IFCPRODUCTDEFINITIONSHAPE($,$,(#9205,#9213,#9220));
#9207=IFCCARTESIANPOINT((0.,0.,0.));
#9208=IFCDIRECTION((1.,0.,0.));
#9209=IFCDIRECTION((0.,1.,0.));
#9210=IFCDIRECTION((0.,0.,1.));
#9211=IFCCARTESIANTRANSFORMATIONOPERATOR3D(#9208,#9209,#9207,1.,#9210);
#9212=IFCMAPPEDITEM(#5450,#9211);
#9213=IFCSHAPEREPRESENTATION(#11,'Body','MappedRepresentation',(#9212));
#9214=IFCCARTESIANPOINT((0.,0.,0.));
#9215=IFCDIRECTION((1.,0.,0.));
#9216=IFCDIRECTION((0.,1.,0.));
#9217=IFCDIRECTION((0.,0.,1.));
#9218=IFCCARTESIANTRANSFORMATIONOPERATOR3D(#9215,#9216,#9214,1.,#9217);
#9219=IFCMAPPEDITEM(#5528,#9218);
#9220=IFCSHAPEREPRESENTATION(#24,'Body','MappedRepresentation',(#9219));
#9226=IFCCARTESIANPOINTLIST3D(((0.,0.,0.),(0.91538709402084351,0.,0.),(0.91538709402084351,0.,2.),(0.,0.,2.)));
#9227=IFCINDEXEDPOLYCURVE(#9226,(IFCLINEINDEX((1,2,3,4,1))),$);
#9228=IFCSHAPEREPRESENTATION(#18,'Profile','Curve3D',(#9227));
#9229=IFCCARTESIANPOINTLIST2D(((0.,0.),(0.,2.),(0.91538709402084351,2.),(0.91538709402084351,0.),(0.89038709364831448,0.),(0.89038709364831448,1.974999999627471),(0.02500000037252903,1.974999999627471),(0.02500000037252903,0.)));
#9230=IFCINDEXEDPOLYCURVE(#9229,(IFCLINEINDEX((1,2,3,4,5,6,7,8,1))),$);
#9231=IFCARBITRARYCLOSEDPROFILEDEF(.AREA.,$,#9230);
#9232=IFCCARTESIANPOINT((0.,0.02500000037252903,0.));
#9233=IFCDIRECTION((0.,-1.,0.));
#9234=IFCDIRECTION((1.,0.,0.));
#9235=IFCAXIS2PLACEMENT3D(#9232,#9233,#9234);
#9236=IFCDIRECTION((0.,0.,-1.));
#9237=IFCEXTRUDEDAREASOLID(#9231,#9235,#9236,0.02500000037252903);
#9238=IFCCARTESIANPOINTLIST2D(((0.,0.),(0.,2.),(0.91538709402084351,2.),(0.91538709402084351,0.),(0.86538709327578545,0.),(0.86538709327578545,1.9499999992549419),(0.05000000074505806,1.9499999992549419),(0.05000000074505806,0.)));
#9239=IFCINDEXEDPOLYCURVE(#9238,(IFCLINEINDEX((1,2,3,4,5,6,7,8,1))),$);
#9240=IFCARBITRARYCLOSEDPROFILEDEF(.AREA.,$,#9239);
#9241=IFCCARTESIANPOINT((0.,0.,0.));
#9242=IFCDIRECTION((0.,-1.,0.));
#9243=IFCDIRECTION((1.,0.,0.));
#9244=IFCAXIS2PLACEMENT3D(#9241,#9242,#9243);
#9245=IFCDIRECTION((0.,0.,-1.));
#9246=IFCEXTRUDEDAREASOLID(#9240,#9244,#9245,0.02500000037252903);
#9247=IFCCARTESIANPOINTLIST2D(((0.,0.),(0.81538709253072739,0.),(0.81538709253072739,0.10000000149011612),(0.,0.10000000149011612)));
#9248=IFCINDEXEDPOLYCURVE(#9247,(IFCLINEINDEX((1,2,3,4,1))),$);
#9249=IFCARBITRARYCLOSEDPROFILEDEF(.AREA.,$,#9248);
#9250=IFCCARTESIANPOINT((0.05000000074505806,0.,0.));
#9251=IFCDIRECTION((0.,0.,1.));
#9252=IFCDIRECTION((1.,0.,0.));
#9253=IFCAXIS2PLACEMENT3D(#9250,#9251,#9252);
#9254=IFCDIRECTION((0.,0.,1.));
#9255=IFCEXTRUDEDAREASOLID(#9249,#9253,#9254,0.02500000037252903);
#9256=IFCCARTESIANPOINTLIST2D(((0.,0.),(0.,2.0250000022351742),(0.96538709849119186,2.0250000022351742),(0.96538709849119186,0.),(0.89038709551095963,0.),(0.89038709551095963,1.9499999992549419),(0.075000002980232239,1.9499999992549419),(0.075000002980232239,0.)));
#9257=IFCINDEXEDPOLYCURVE(#9256,(IFCLINEINDEX((1,2,3,4,5,6,7,8,1))),$);
#9258=IFCARBITRARYCLOSEDPROFILEDEF(.AREA.,$,#9257);
#9259=IFCCARTESIANPOINT((-0.025000002235174179,-0.004999999888241291,0.));
#9260=IFCDIRECTION((0.,-1.,0.));
#9261=IFCDIRECTION((1.,0.,0.));
#9262=IFCAXIS2PLACEMENT3D(#9259,#9260,#9261);
#9263=IFCDIRECTION((0.,0.,-1.));
#9264=IFCEXTRUDEDAREASOLID(#9258,#9262,#9263,0.004999999888241291);
#9265=IFCCARTESIANPOINTLIST2D(((0.,0.),(0.,2.0250000022351742),(0.96538709849119186,2.0250000022351742),(0.96538709849119186,0.),(0.91538709588348866,0.),(0.91538709588348866,1.974999999627471),(0.050000002607703209,1.974999999627471),(0.050000002607703209,0.)));
#9266=IFCINDEXEDPOLYCURVE(#9265,(IFCLINEINDEX((1,2,3,4,5,6,7,8,1))),$);
#9267=IFCARBITRARYCLOSEDPROFILEDEF(.AREA.,$,#9266);
#9268=IFCCARTESIANPOINT((-0.025000002235174179,0.05000000074505806,0.));
#9269=IFCDIRECTION((0.,-1.,0.));
#9270=IFCDIRECTION((1.,0.,0.));
#9271=IFCAXIS2PLACEMENT3D(#9268,#9269,#9270);
#9272=IFCDIRECTION((0.,0.,-1.));
#9273=IFCEXTRUDEDAREASOLID(#9267,#9271,#9272,0.004999999888241291);
#9274=IFCCARTESIANPOINTLIST2D(((0.,0.),(0.86538709327578545,0.),(0.86538709327578545,0.035000000149011612),(0.,0.035000000149011612)));
#9275=IFCINDEXEDPOLYCURVE(#9274,(IFCLINEINDEX((1,2,3,4,1))),$);
#9276=IFCARBITRARYCLOSEDPROFILEDEF(.AREA.,$,#9275);
#9277=IFCCARTESIANPOINT((0.02500000037252903,0.02500000037252903,0.02500000037252903));
#9278=IFCDIRECTION((0.,0.,1.));
#9279=IFCDIRECTION((1.,0.,0.));
#9280=IFCAXIS2PLACEMENT3D(#9277,#9278,#9279);
#9281=IFCDIRECTION((0.,0.,1.));
#9282=IFCEXTRUDEDAREASOLID(#9276,#9280,#9281,1.9499999992549419);
#9283=IFCCARTESIANPOINTLIST2D(((0.,0.),(0.,-0.040000000000000001),(-0.11999999999999988,-0.040000000000000001),(-0.11999999999999988,-0.02),(-0.020000000000000018,-0.02),(-0.020000000000000018,0.)));
#9284=IFCINDEXEDPOLYCURVE(#9283,(IFCLINEINDEX((1,2,3,4,5,6,1))),$);
#9285=IFCARBITRARYCLOSEDPROFILEDEF(.AREA.,$,#9284);
#9286=IFCCARTESIANPOINT((0.84038709364831443,0.02500000037252903,1.015000000372529));
#9287=IFCDIRECTION((0.,0.,1.));
#9288=IFCDIRECTION((1.,0.,0.));
#9289=IFCAXIS2PLACEMENT3D(#9286,#9287,#9288);
#9290=IFCDIRECTION((0.,0.,1.));
#9291=IFCEXTRUDEDAREASOLID(#9285,#9289,#9290,0.02);
#9292=IFCEXTRUDEDAREASOLID(#9293,#9296,#9300,0.02);
#9293=IFCARBITRARYCLOSEDPROFILEDEF(.AREA.,$,#9294);
#9294=IFCINDEXEDPOLYCURVE(#9295,(IFCLINEINDEX((1,2,3,4,5,6,1))),$);
#9295=IFCCARTESIANPOINTLIST2D(((0.,0.),(0.,0.040000000000000008),(-0.11999999999999988,0.040000000000000008),(-0.11999999999999988,0.020000000000000004),(-0.020000000000000018,0.020000000000000004),(-0.020000000000000018,0.)));
#9296=IFCAXIS2PLACEMENT3D(#9297,#9298,#9299);
#9297=IFCCARTESIANPOINT((0.84038709364831443,0.060000000521540642,1.015000000372529));
#9298=IFCDIRECTION((0.,0.,1.));
#9299=IFCDIRECTION((1.,0.,0.));
#9300=IFCDIRECTION((0.,0.,1.));
#9301=IFCSHAPEREPRESENTATION(#11,'Body','SweptSolid',(#9237,#9246,#9282,#9291,#9292,#9255,#9264,#9273));
#9302=IFCSHAPEREPRESENTATION(#11,'Body','SweptSolid',(#9237,#9246,#9255,#9264,#9273));
#9303=IFCSHAPEASPECT((#9302),'Lining',$,.T.,#9206);
#9304=IFCSHAPEREPRESENTATION(#11,'Body','SweptSolid',(#9282,#9291,#9292));
#9305=IFCSHAPEASPECT((#9304),'Framing',$,.T.,#9206);
#9306=IFCCARTESIANPOINTLIST2D(((0.,0.),(0.,0.05000000074505806),(0.02500000037252903,0.05000000074505806),(0.02500000037252903,0.02500000037252903),(0.05000000074505806,0.02500000037252903),(0.05000000074505806,0.)));
#9307=IFCINDEXEDPOLYCURVE(#9306,(IFCLINEINDEX((1,2,3,4,5,6,1))),$);
#9308=IFCINDEXEDPOLYCURVE(#9309,(IFCLINEINDEX((1,2,3,4,5,6,1))),$);
#9309=IFCCARTESIANPOINTLIST2D(((0.91538709402084351,0.),(0.91538709402084351,0.05000000074505806),(0.89038709364831448,0.05000000074505806),(0.89038709364831448,0.02500000037252903),(0.86538709327578545,0.02500000037252903),(0.86538709327578545,0.)));
#9310=IFCDIRECTION((1.,0.));
#9311=IFCCARTESIANPOINT((0.060000000521540642,0.05000000074505806));
#9312=IFCAXIS2PLACEMENT2D(#9311,#9310);
#9313=IFCELLIPSE(#9312,0.83038709312677383,0.86538709327578545);
#9314=IFCCARTESIANPOINT((0.89038709364831448,0.05000000074505806));
#9315=IFCCARTESIANPOINT((0.060000000521540642,0.91538709402084351));
#9316=IFCTRIMMEDCURVE(#9313,(#9314),(#9315),.T.,.CARTESIAN.);
#9317=IFCCARTESIANPOINTLIST2D(((0.02500000037252903,0.05000000074505806),(0.060000000521540642,0.05000000074505806),(0.060000000521540642,0.91538709402084351),(0.02500000037252903,0.91538709402084351)));
#9318=IFCINDEXEDPOLYCURVE(#9317,(IFCLINEINDEX((1,2,3,4,1))),$);
#9319=IFCSHAPEREPRESENTATION(#24,'Body','Curve2D',(#9307,#9308,#9316,#9318));
#9320=IFCCARTESIANPOINTLIST2D(((0.,0.),(0.91538709402084351,0.),(0.91538709402084351,2.),(0.,2.)));
#9321=IFCINDEXEDPOLYCURVE(#9320,(IFCLINEINDEX((1,2,3,4,1))),$);
#9322=IFCARBITRARYCLOSEDPROFILEDEF(.AREA.,$,#9321);
#9323=IFCCARTESIANPOINT((0.,-0.60000002384185791,0.));
#9324=IFCDIRECTION((0.,-1.,0.));
#9325=IFCDIRECTION((1.,0.,0.));
#9326=IFCAXIS2PLACEMENT3D(#9323,#9324,#9325);
#9327=IFCDIRECTION((0.,0.,-1.));
#9328=IFCEXTRUDEDAREASOLID(#9322,#9326,#9327,1.2);
#9329=IFCSHAPEREPRESENTATION(#11,'Body','SweptSolid',(#9328));
#9335=IFCCARTESIANPOINT((0.25400936603546143,9.5367431640625E-07,0.));
#9336=IFCDIRECTION((0.,0.,1.));
#9337=IFCDIRECTION((0.99999999999860734,-1.6689300537086132E-06,0.));
#9338=IFCAXIS2PLACEMENT3D(#9335,#9336,#9337);
#9339=IFCLOCALPLACEMENT(#9197,#9338);
#9340=IFCCARTESIANPOINT((-2.2204460492503131E-16,0.,0.));
#9341=IFCDIRECTION((0.,0.,1.));
#9342=IFCDIRECTION((1.,0.,0.));
#9343=IFCAXIS2PLACEMENT3D(#9340,#9341,#9342);
#9344=IFCLOCALPLACEMENT(#9339,#9343);
#9345=IFCCARTESIANPOINT((0.,0.,0.));
#9346=IFCDIRECTION((0.,0.,1.));
#9347=IFCDIRECTION((1.,0.,0.));
#9348=IFCAXIS2PLACEMENT3D(#9345,#9346,#9347);
#9349=IFCLOCALPLACEMENT(#56,#9348);
#9350=IFCCARTESIANPOINT((4.2266049385070801,-2.5901062488555908,0.));
#9351=IFCDIRECTION((0.,0.,1.));
#9352=IFCDIRECTION((7.5497901264043123E-08,0.99999999999999722,0.));
#9353=IFCAXIS2PLACEMENT3D(#9350,#9351,#9352);
#9354=IFCLOCALPLACEMENT(#9349,#9353);
#9355=IFCCARTESIANPOINT((0.77660548686981201,5.0598936080932617,0.));
#9356=IFCDIRECTION((0.,0.,1.));
#9357=IFCDIRECTION((-0.99999999999992428,3.8941436741876494E-07,0.));
#9358=IFCAXIS2PLACEMENT3D(#9355,#9356,#9357);
#9359=IFCLOCALPLACEMENT(#9349,#9358);
#9360=IFCCARTESIANPOINT((4.2266056255380287,6.5098943710327468,0.));
#9361=IFCDIRECTION((0.,0.,1.));
#9362=IFCDIRECTION((-0.99999999999998868,-1.5099580252808492E-07,0.));
#9363=IFCAXIS2PLACEMENT3D(#9360,#9361,#9362);
#9364=IFCLOCALPLACEMENT(#9349,#9363);
#9365=IFCCARTESIANPOINT((0.77660536766052579,6.5098938500971899,0.));
#9366=IFCDIRECTION((0.,0.,1.));
#9367=IFCDIRECTION((7.5497901264043123E-08,-0.99999999999999722,0.));
#9368=IFCAXIS2PLACEMENT3D(#9365,#9366,#9367);
#9369=IFCLOCALPLACEMENT(#9349,#9368);
#9370=IFCCARTESIANPOINT((-2.7733941078186719,5.0598949905141088,0.));
#9371=IFCDIRECTION((0.,0.,1.));
#9372=IFCDIRECTION((7.5497901264043123E-08,-0.99999999999999722,0.));
#9373=IFCAXIS2PLACEMENT3D(#9370,#9371,#9372);
#9374=IFCLOCALPLACEMENT(#9349,#9373);
#9375=IFCCARTESIANPOINT((-2.7733937190044049,-0.090106010437011719,0.));
#9376=IFCDIRECTION((0.,0.,1.));
#9377=IFCDIRECTION((1.,0.,0.));
#9378=IFCAXIS2PLACEMENT3D(#9375,#9376,#9377);
#9379=IFCLOCALPLACEMENT(#9349,#9378);
#9380=IFCCARTESIANPOINT((0.22660636901843834,-0.090106010437011719,0.));
#9381=IFCDIRECTION((0.,0.,1.));
#9382=IFCDIRECTION((-5.2054855359521977E-07,-0.99999999999986455,0.));
#9383=IFCAXIS2PLACEMENT3D(#9380,#9381,#9382);
#9384=IFCLOCALPLACEMENT(#9349,#9383);
#9385=IFCCARTESIANPOINT((0.32660642266273499,0.0098939910531044006,0.));
#9386=IFCDIRECTION((0.,0.,1.));
#9387=IFCDIRECTION((7.5497901264043123E-08,0.99999999999999722,0.));
#9388=IFCAXIS2PLACEMENT3D(#9385,#9386,#9387);
#9389=IFCLOCALPLACEMENT(#9349,#9388);
#9390=IFCCARTESIANPOINT((0.32660661895726378,2.6098937988281232,0.));
#9391=IFCDIRECTION((0.,0.,1.));
#9392=IFCDIRECTION((-0.99999999999998868,-1.5099580252808492E-07,0.));
#9393=IFCAXIS2PLACEMENT3D(#9390,#9391,#9392);
#9394=IFCLOCALPLACEMENT(#9349,#9393);
#9395=IFCCARTESIANPOINT((-1.1756743192672729,2.609893798828125,0.));
#9396=IFCDIRECTION((0.,0.,1.));
#9397=IFCDIRECTION((1.9470718370939353E-07,0.99999999999998113,0.));
#9398=IFCAXIS2PLACEMENT3D(#9395,#9396,#9397);
#9399=IFCLOCALPLACEMENT(#9349,#9398);
#9400=IFCCARTESIANPOINT((0.77660566566740585,5.0598936080931916,0.));
#9401=IFCDIRECTION((0.,0.,1.));
#9402=IFCDIRECTION((1.9470718370939353E-07,-0.99999999999998113,0.));
#9403=IFCAXIS2PLACEMENT3D(#9400,#9401,#9402);
#9404=IFCLOCALPLACEMENT(#9349,#9403);
#9405=IFCCARTESIANPOINT((0.77660595579745184,3.5698096752166086,0.));
#9406=IFCDIRECTION((0.,0.,1.));
#9407=IFCDIRECTION((-0.99999999999992428,3.8941436741876494E-07,0.));
#9408=IFCAXIS2PLACEMENT3D(#9405,#9406,#9407);
#9409=IFCLOCALPLACEMENT(#9349,#9408);
#9410=IFCCARTESIANPOINT((0.22660506764693025,-2.5901062488555908,0.));
#9411=IFCDIRECTION((0.,0.,1.));
#9412=IFCDIRECTION((1.,0.,0.));
#9413=IFCAXIS2PLACEMENT3D(#9410,#9411,#9412);
#9414=IFCLOCALPLACEMENT(#9349,#9413);
#9415=IFCCARTESIANPOINT((4.2266049385070801,-2.5901062488555908,0.));
#9416=IFCDIRECTION((0.,0.,1.));
#9417=IFCDIRECTION((1.,0.,0.));
#9418=IFCAXIS2PLACEMENT3D(#9415,#9416,#9417);
#9419=IFCLOCALPLACEMENT(#9349,#9418);
#9430=IFCCARTESIANPOINT((0.,0.,6.));
#9431=IFCDIRECTION((0.,0.,1.));
#9432=IFCDIRECTION((1.,0.,0.));
#9433=IFCAXIS2PLACEMENT3D(#9430,#9431,#9432);
#9434=IFCLOCALPLACEMENT(#56,#9433);
#9435=IFCCARTESIANPOINT((4.2366061210632324,-3.100102424621582,0.));
#9436=IFCDIRECTION((0.,0.,1.));
#9437=IFCDIRECTION((1.,0.,0.));
#9438=IFCAXIS2PLACEMENT3D(#9435,#9436,#9437);
#9439=IFCLOCALPLACEMENT(#9434,#9438);
#9440=IFCROOF('1twmqgxeX1Ze2uBqvmrNlQ',$,'Roof',$,$,#9471,#9449,$,$);
#9441=IFCRELDEFINESBYTYPE('2SN1QiQ213SeJtmC8QlBVY',$,$,$,(#9440),#8952);
#9442=IFCCARTESIANPOINT((0.,0.,0.));
#9443=IFCDIRECTION((1.,0.,0.));
#9444=IFCDIRECTION((0.,1.,0.));
#9445=IFCDIRECTION((0.,0.,1.));
#9446=IFCCARTESIANTRANSFORMATIONOPERATOR3D(#9443,#9444,#9442,1.,#9445);
#9447=IFCMAPPEDITEM(#8982,#9446);
#9448=IFCSHAPEREPRESENTATION(#11,'Body','MappedRepresentation',(#9447));
#9449=IFCPRODUCTDEFINITIONSHAPE($,$,(#9448,#9456));
#9450=IFCCARTESIANPOINT((0.,0.,0.));
#9451=IFCDIRECTION((1.,0.,0.));
#9452=IFCDIRECTION((0.,1.,0.));
#9453=IFCDIRECTION((0.,0.,1.));
#9454=IFCCARTESIANTRANSFORMATIONOPERATOR3D(#9451,#9452,#9450,1.,#9453);
#9455=IFCMAPPEDITEM(#9010,#9454);
#9456=IFCSHAPEREPRESENTATION(#13,'Box','MappedRepresentation',(#9455));
#9462=IFCCARTESIANPOINT((0.48111307621002197,0.39461326599121094,0.));
#9463=IFCDIRECTION((0.,0.,1.));
#9464=IFCDIRECTION((0.99999999999997158,-2.3841857910155572E-07,0.));
#9465=IFCAXIS2PLACEMENT3D(#9462,#9463,#9464);
#9466=IFCLOCALPLACEMENT(#9112,#9465);
#9467=IFCCARTESIANPOINT((0.55682247877120972,1.678617000579834,0.10154247283935547));
#9468=IFCDIRECTION((0.,0.,1.));
#9469=IFCDIRECTION((1.,0.,0.));
#9470=IFCAXIS2PLACEMENT3D(#9467,#9468,#9469);
#9471=IFCLOCALPLACEMENT(#9434,#9470);
#9472=IFCCOVERINGTYPE('0jdhna1nrBpAPSzZ0nMosI',$,'FL-1-GF',$,$,(#9476),$,$,$,.FLOORING.);
#9473=IFCMATERIALLAYERSET((#9495,#9496),$,$);
#9474=IFCRELASSOCIATESMATERIAL('0TyGkEh8f5ABH9xB57WLA5',$,$,$,(#9472),#9473);
#9476=IFCPROPERTYSET('3WOmiVqtr5$AJpg5E5TgEx',$,'EPset_Parametric',$,(#9477));
#9477=IFCPROPERTYSINGLEVALUE('LayerSetDirection',$,IFCLABEL('AXIS3'),$);
#9478=IFCCOVERING('3fqRQ8nJbFffkFGZAKQNpT',$,'Covering',$,$,#9502,#9492,$,$);
#9479=IFCRELDEFINESBYTYPE('3zkmtdtsv9_RXJip204PNv',$,$,$,(#9478),#9472);
#9480=IFCMATERIALLAYERSETUSAGE(#9473,.AXIS3.,.POSITIVE.,0.,$);
#9481=IFCRELASSOCIATESMATERIAL('0UjRng3rnDEvIotQAfmzVA',$,$,$,(#9478),#9480);
#9482=IFCCARTESIANPOINTLIST2D(((-1.8414767980575562,1.5484685897827148),(1.4085230827331543,1.5484685897827148),(1.4085230827331543,-7.3515310287475586),(-2.3914768695831299,-7.3515310287475586),(-2.3914768695831299,-4.9015312194824219),(-2.3914768695831299,-4.8515310287475586),(-2.3914768695831299,-4.8515310287475586),(-2.3914768695831299,-4.8015313148498535),(-2.3914768695831299,-2.2515313625335693),(-3.8444766998291016,-2.2515313625335693),(-3.8944768905639648,-2.2515313625335693),(-3.8944768905639648,-1.4415311813354492),(-3.8944768905639648,-1.391531229019165),(-1.8414767980575562,-1.391531229019165),(-1.8414767980575562,0.048468589782714844),(-1.8414767980575562,0.098468780517578125),(-1.8414767980575562,0.14846897125244141)));
#9483=IFCINDEXEDPOLYCURVE(#9482,(IFCLINEINDEX((1,2,3,4,5,6,7,8,9,10,11,12,13,14,15,16,17,1))),$);
#9484=IFCARBITRARYCLOSEDPROFILEDEF(.AREA.,$,#9483);
#9485=IFCCARTESIANPOINT((0.,0.,0.));
#9486=IFCDIRECTION((0.,0.,1.));
#9487=IFCDIRECTION((1.,0.,0.));
#9488=IFCAXIS2PLACEMENT3D(#9485,#9486,#9487);
#9489=IFCDIRECTION((0.,0.,1.));
#9490=IFCEXTRUDEDAREASOLID(#9484,#9488,#9489,0.09999999962747097);
#9491=IFCSHAPEREPRESENTATION(#11,'Body','SweptSolid',(#9490));
#9492=IFCPRODUCTDEFINITIONSHAPE($,$,(#9491));
#9493=IFCMATERIAL('screed',$,'cement');
#9494=IFCMATERIAL('parquet',$,'wood');
#9495=IFCMATERIALLAYER(#9493,0.070000000298023224,$,$,$,$,$);
#9496=IFCMATERIALLAYER(#9494,0.029999999329447746,$,$,$,$,$);
#9498=IFCCARTESIANPOINT((2.7184767723083496,4.8615312576293945,0.));
#9499=IFCDIRECTION((0.,0.,1.));
#9500=IFCDIRECTION((1.,0.,0.));
#9501=IFCAXIS2PLACEMENT3D(#9498,#9499,#9500);
#9502=IFCLOCALPLACEMENT(#9349,#9501);
#9503=IFCSTAIRFLIGHTTYPE('3P2yLvyJH9CecCFPK3mGQy',$,'Stair-1',$,$,(#9504,#9506),(#9548,#9685),$,$,.STRAIGHT.);
#9504=IFCPROPERTYSET('3edzztMVzEkeNIOx0pU3Lm',$,'BBIM_Stair',$,(#9505));
#9505=IFCPROPERTYSINGLEVALUE('Data',$,IFCTEXT('{"stair_type": "GENERIC", "width": 0.8096222877502441, "height": 1.7999999523162842, "number_of_treads": 7, "tread_run": 0.1864202618598938, "nosing_length": 0.0, "nosing_depth": 0.0, "custom_first_last_tread_run": [null, null], "custom_tread_lock": true}'),$);
#9506=IFCPROPERTYSET('14ZFj5XAD1ogsd1oCIQlS$',$,'Pset_StairFlightCommon',$,(#9507,#9508,#9509,#9510,#9511));
#9507=IFCPROPERTYSINGLEVALUE('NumberOfRiser',$,IFCCOUNTMEASURE(8.),$);
#9508=IFCPROPERTYSINGLEVALUE('NumberOfTreads',$,IFCCOUNTMEASURE(7.),$);
#9509=IFCPROPERTYSINGLEVALUE('RiserHeight',$,IFCPOSITIVELENGTHMEASURE(0.22499999403953552),$);
#9510=IFCPROPERTYSINGLEVALUE('TreadLength',$,IFCPOSITIVELENGTHMEASURE(0.25),$);
#9511=IFCPROPERTYSINGLEVALUE('NosingLength',$,IFCLENGTHMEASURE(0.),$);
#9544=IFCCARTESIANPOINT((0.,0.,0.));
#9545=IFCDIRECTION((1.,0.,0.));
#9546=IFCDIRECTION((0.,0.,1.));
#9547=IFCAXIS2PLACEMENT3D(#9544,#9546,#9545);
#9548=IFCREPRESENTATIONMAP(#9547,#9676);
#9549=IFCSTAIRFLIGHT('3crfl1uDL2Cvx_kXycvOSg',$,'StairFlight',$,$,#9697,#9558,$,8,7,0.22499999403953552,0.25,.STRAIGHT.);
#9550=IFCRELDEFINESBYTYPE('3ACi1DqVz8ku$2DnQmNkdX',$,$,$,(#9549),#9503);
#9558=IFCPRODUCTDEFINITIONSHAPE($,$,(#9565,#9692));
#9559=IFCCARTESIANPOINT((0.,0.,0.));
#9560=IFCDIRECTION((1.,0.,0.));
#9561=IFCDIRECTION((0.,1.,0.));
#9562=IFCDIRECTION((0.,0.,1.));
#9563=IFCCARTESIANTRANSFORMATIONOPERATOR3D(#9560,#9561,#9559,1.,#9562);
#9564=IFCMAPPEDITEM(#9548,#9563);
#9565=IFCSHAPEREPRESENTATION(#11,'Body','MappedRepresentation',(#9564));
#9654=IFCINDEXEDPOLYGONALFACE((2,1,18,17,16,15,14,13,12,11,10,9,8,7,6,5,4,3));
#9655=IFCINDEXEDPOLYGONALFACE((19,20,21,22,23,24,25,26,27,28,29,30,31,32,33,34,35,36));
#9656=IFCINDEXEDPOLYGONALFACE((15,16,33,32));
#9657=IFCINDEXEDPOLYGONALFACE((8,9,26,25));
#9658=IFCINDEXEDPOLYGONALFACE((1,2,19,36));
#9659=IFCINDEXEDPOLYGONALFACE((16,17,34,33));
#9660=IFCINDEXEDPOLYGONALFACE((9,10,27,26));
#9661=IFCINDEXEDPOLYGONALFACE((2,3,20,19));
#9662=IFCINDEXEDPOLYGONALFACE((17,18,35,34));
#9663=IFCINDEXEDPOLYGONALFACE((10,11,28,27));
#9664=IFCINDEXEDPOLYGONALFACE((3,4,21,20));
#9665=IFCINDEXEDPOLYGONALFACE((18,1,36,35));
#9666=IFCINDEXEDPOLYGONALFACE((11,12,29,28));
#9667=IFCINDEXEDPOLYGONALFACE((4,5,22,21));
#9668=IFCINDEXEDPOLYGONALFACE((12,13,30,29));
#9669=IFCINDEXEDPOLYGONALFACE((5,6,23,22));
#9670=IFCINDEXEDPOLYGONALFACE((13,14,31,30));
#9671=IFCINDEXEDPOLYGONALFACE((6,7,24,23));
#9672=IFCINDEXEDPOLYGONALFACE((14,15,32,31));
#9673=IFCINDEXEDPOLYGONALFACE((7,8,25,24));
#9674=IFCCARTESIANPOINTLIST3D(((0.,0.,0.),(0.,0.,0.22499999403953552),(0.1864202618598938,0.,0.22499999403953552),(0.1864202618598938,0.,0.44999998807907104),(0.3728405237197876,0.,0.44999998807907104),(0.3728405237197876,0.,0.67499995231628418),(0.5592607855796814,0.,0.67499995231628418),(0.5592607855796814,0.,0.89999997615814209),(0.7456810474395752,0.,0.89999997615814209),(0.7456810474395752,0.,1.125),(0.93210130929946899,0.,1.125),(0.93210130929946899,0.,1.3500000238418579),(1.1185215711593628,0.,1.3500000238418579),(1.1185215711593628,0.,1.5750000476837158),(1.3049418926239014,0.,1.5750000476837158),(1.3049418926239014,0.,1.8000000715255737),(1.4913620948791504,0.,1.8000000715255737),(1.4913620948791504,0.,0.),(0.,0.80962228775024414,0.22499999403953552),(0.1864202618598938,0.80962228775024414,0.22499999403953552),(0.1864202618598938,0.80962228775024414,0.44999998807907104),(0.3728405237197876,0.80962228775024414,0.44999998807907104),(0.3728405237197876,0.80962228775024414,0.67499995231628418),(0.5592607855796814,0.80962228775024414,0.67499995231628418),(0.5592607855796814,0.80962228775024414,0.89999997615814209),(0.7456810474395752,0.80962228775024414,0.89999997615814209),(0.7456810474395752,0.80962228775024414,1.125),(0.93210130929946899,0.80962228775024414,1.125),(0.93210130929946899,0.80962228775024414,1.3500000238418579),(1.1185215711593628,0.80962228775024414,1.3500000238418579),(1.1185215711593628,0.80962228775024414,1.5750000476837158),(1.3049418926239014,0.80962228775024414,1.5750000476837158),(1.3049418926239014,0.80962228775024414,1.8000000715255737),(1.4913620948791504,0.80962228775024414,1.8000000715255737),(1.4913620948791504,0.80962228775024414,0.),(0.,0.80962228775024414,0.)));
#9675=IFCPOLYGONALFACESET(#9674,.T.,(#9654,#9655,#9656,#9657,#9658,#9659,#9660,#9661,#9662,#9663,#9664,#9665,#9666,#9667,#9668,#9669,#9670,#9671,#9672,#9673),$);
#9676=IFCSHAPEREPRESENTATION(#11,'Body','Tessellation',(#9675));
#9678=IFCCARTESIANPOINT((0.,0.,0.));
#9679=IFCBOUNDINGBOX(#9678,1.4913620948791504,0.80962228775024414,1.8000000715255737);
#9680=IFCSHAPEREPRESENTATION(#13,'Box','BoundingBox',(#9679));
#9681=IFCCARTESIANPOINT((0.,0.,0.));
#9682=IFCDIRECTION((1.,0.,0.));
#9683=IFCDIRECTION((0.,0.,1.));
#9684=IFCAXIS2PLACEMENT3D(#9681,#9683,#9682);
#9685=IFCREPRESENTATIONMAP(#9684,#9680);
#9686=IFCCARTESIANPOINT((0.,0.,0.));
#9687=IFCDIRECTION((1.,0.,0.));
#9688=IFCDIRECTION((0.,1.,0.));
#9689=IFCDIRECTION((0.,0.,1.));
#9690=IFCCARTESIANTRANSFORMATIONOPERATOR3D(#9687,#9688,#9686,1.,#9689);
#9691=IFCMAPPEDITEM(#9685,#9690);
#9692=IFCSHAPEREPRESENTATION(#13,'Box','MappedRepresentation',(#9691));
#9693=IFCCARTESIANPOINT((1.820526123046875,0.5356447696685791,0.10000000149011612));
#9694=IFCDIRECTION((0.,0.,1.));
#9695=IFCDIRECTION((1.,0.,0.));
#9696=IFCAXIS2PLACEMENT3D(#9693,#9694,#9695);
#9697=IFCLOCALPLACEMENT(#9349,#9696);
#9698=IFCSLABTYPE('3M2NitQhXAuhs2XL_2mciL',$,'Slab Landing',$,$,(#9702),$,$,$,.LANDING.);
#9699=IFCMATERIALLAYERSET((#9701),$,$);
#9700=IFCRELASSOCIATESMATERIAL('1NPq2lQEP5GvtTdPzVnobB',$,$,$,(#9698),#9699);
#9701=IFCMATERIALLAYER(#81,1.7999999523162842,$,$,$,$,$);
#9702=IFCPROPERTYSET('0MTsr08d154wP3FAKWGZki',$,'EPset_Parametric',$,(#9703));
#9703=IFCPROPERTYSINGLEVALUE('LayerSetDirection',$,IFCLABEL('AXIS3'),$);
#9704=IFCSLAB('01bhkUPcn0QA$rGY2rvT1h',$,'Slab',$,$,#9731,#9719,$,$);
#9705=IFCRELDEFINESBYTYPE('2ca0EnG9zF_90i1R9uCR29',$,$,$,(#9704),#9698);
#9706=IFCMATERIALLAYERSETUSAGE(#9699,.AXIS3.,.POSITIVE.,-0.10000000149011612,$);
#9707=IFCRELASSOCIATESMATERIAL('357KIR2k99whz1$Pyp5WK_',$,$,$,(#9704),#9706);
#9715=IFCDIRECTION((0.,0.,1.));
#9717=IFCEXTRUDEDAREASOLID(#10354,#9726,#9715,1.7999999523162842);
#9718=IFCSHAPEREPRESENTATION(#11,'Body','SweptSolid',(#9717));
#9719=IFCPRODUCTDEFINITIONSHAPE($,$,(#9718));
#9720=IFCPROPERTYSET('1pKi6G2tv3m8bclTwpwyGH',$,'EPset_Parametric',$,(#9722));
#9721=IFCRELDEFINESBYPROPERTIES('1mfiNb9BDBWu1ksvkQqvcd',$,$,$,(#9704),#9720);
#9722=IFCPROPERTYSINGLEVALUE('Engine',$,IFCLABEL('Bonsai.DumbLayer3'),$);
#9723=IFCCARTESIANPOINT((-0.,-0.,-0.10000000149011612));
#9724=IFCDIRECTION((0.,0.,1.));
#9725=IFCDIRECTION((1.,0.,0.));
#9726=IFCAXIS2PLACEMENT3D(#9723,#9724,#9725);
#9727=IFCCARTESIANPOINT((3.3118882179260254,1.3452670574188232,0.19999998807907104));
#9728=IFCDIRECTION((0.,0.,1.));
#9729=IFCDIRECTION((1.,0.,0.));
#9730=IFCAXIS2PLACEMENT3D(#9727,#9728,#9729);
#9731=IFCLOCALPLACEMENT(#9349,#9730);
#9732=IFCRAILINGTYPE('1$lbLkqT5A09H57U8MaGP7',$,'Balcony-1',$,$,(#9733,#9735),(#9764,#9808),$,$,.USERDEFINED.);
#9733=IFCPROPERTYSET('14kWYw3UH53vJSbi5abp0V',$,'BBIM_Railing',$,(#9734));
#9734=IFCPROPERTYSINGLEVALUE('Data',$,IFCTEXT('{"railing_type": "FRAMELESS_PANEL", "height": 1.0, "thickness": 0.05000000074505806, "spacing": 0.05000000074505806, "path_data": {"edges": [[0, 1], [1, 2]], "verts": [[-1.0, 0.0, 0.0], [0.0, 0.0, 0.0], [1.0, 0.0, 0.0]]}}'),$);
#9735=IFCPROPERTYSET('316Da3Zpz0mgMVS7IxRkEl',$,'Pset_RailingCommon',$,(#9736));
#9736=IFCPROPERTYSINGLEVALUE('Height',$,IFCPOSITIVELENGTHMEASURE(1.),$);
#9760=IFCCARTESIANPOINT((0.,0.,0.));
#9761=IFCDIRECTION((1.,0.,0.));
#9762=IFCDIRECTION((0.,0.,1.));
#9763=IFCAXIS2PLACEMENT3D(#9760,#9762,#9761);
#9764=IFCREPRESENTATIONMAP(#9763,#9799);
#9765=IFCINDEXEDPOLYGONALFACE((2,3,4));
#9766=IFCINDEXEDPOLYGONALFACE((2,4,1));
#9767=IFCINDEXEDPOLYGONALFACE((6,7,8));
#9768=IFCINDEXEDPOLYGONALFACE((6,8,5));
#9769=IFCINDEXEDPOLYGONALFACE((12,9,10));
#9770=IFCINDEXEDPOLYGONALFACE((12,10,11));
#9771=IFCINDEXEDPOLYGONALFACE((13,14,9));
#9772=IFCINDEXEDPOLYGONALFACE((13,9,12));
#9773=IFCINDEXEDPOLYGONALFACE((18,15,16));
#9774=IFCINDEXEDPOLYGONALFACE((18,16,17));
#9775=IFCINDEXEDPOLYGONALFACE((19,20,15));
#9776=IFCINDEXEDPOLYGONALFACE((19,15,18));
#9777=IFCINDEXEDPOLYGONALFACE((10,1,4));
#9778=IFCINDEXEDPOLYGONALFACE((10,4,11));
#9779=IFCINDEXEDPOLYGONALFACE((2,13,3));
#9780=IFCINDEXEDPOLYGONALFACE((2,14,13));
#9781=IFCINDEXEDPOLYGONALFACE((6,15,20));
#9782=IFCINDEXEDPOLYGONALFACE((5,16,15));
#9783=IFCINDEXEDPOLYGONALFACE((5,15,6));
#9784=IFCINDEXEDPOLYGONALFACE((2,9,14));
#9785=IFCINDEXEDPOLYGONALFACE((1,10,9));
#9786=IFCINDEXEDPOLYGONALFACE((1,9,2));
#9787=IFCINDEXEDPOLYGONALFACE((6,19,7));
#9788=IFCINDEXEDPOLYGONALFACE((6,20,19));
#9789=IFCINDEXEDPOLYGONALFACE((18,8,7));
#9790=IFCINDEXEDPOLYGONALFACE((18,7,19));
#9791=IFCINDEXEDPOLYGONALFACE((17,8,18));
#9792=IFCINDEXEDPOLYGONALFACE((16,5,8));
#9793=IFCINDEXEDPOLYGONALFACE((16,8,17));
#9794=IFCINDEXEDPOLYGONALFACE((12,4,3));
#9795=IFCINDEXEDPOLYGONALFACE((12,3,13));
#9796=IFCINDEXEDPOLYGONALFACE((11,4,12));
#9797=IFCCARTESIANPOINTLIST3D(((-0.02500000037252903,-0.02500000037252903,1.),(-0.02500000037252903,0.02500000037252903,1.),(-0.97500002384185791,0.02500000037252903,1.),(-0.97500002384185791,-0.02500000037252903,1.),(0.97500002384185791,-0.02500000037252903,1.),(0.97500002384185791,0.02500000037252903,1.),(0.02500000037252903,0.02500000037252903,1.),(0.02500000037252903,-0.02500000037252903,1.),(-0.02500000037252903,0.,0.),(-0.02500000037252903,-0.02500000037252903,0.),(-0.97500002384185791,-0.02500000037252903,0.),(-0.97500002384185791,0.,0.),(-0.97500002384185791,0.02500000037252903,0.),(-0.02500000037252903,0.02500000037252903,0.),(0.97500002384185791,0.,0.),(0.97500002384185791,-0.02500000037252903,0.),(0.02500000037252903,-0.02500000037252903,0.),(0.02500000037252903,0.,0.),(0.02500000037252903,0.02500000037252903,0.),(0.97500002384185791,0.02500000037252903,0.)));
#9798=IFCPOLYGONALFACESET(#9797,.T.,(#9765,#9766,#9767,#9768,#9769,#9770,#9771,#9772,#9773,#9774,#9775,#9776,#9777,#9778,#9779,#9780,#9781,#9782,#9783,#9784,#9785,#9786,#9787,#9788,#9789,#9790,#9791,#9792,#9793,#9794,#9795,#9796),$);
#9799=IFCSHAPEREPRESENTATION(#11,'Body','Tessellation',(#9798));
#9801=IFCCARTESIANPOINT((-0.97500002384185791,-0.02500000037252903,0.));
#9802=IFCBOUNDINGBOX(#9801,1.9500000476837158,0.05000000074505806,1.);
#9803=IFCSHAPEREPRESENTATION(#13,'Box','BoundingBox',(#9802));
#9804=IFCCARTESIANPOINT((0.,0.,0.));
#9805=IFCDIRECTION((1.,0.,0.));
#9806=IFCDIRECTION((0.,0.,1.));
#9807=IFCAXIS2PLACEMENT3D(#9804,#9806,#9805);
#9808=IFCREPRESENTATIONMAP(#9807,#9803);
#9809=IFCRAILING('1JRwvc5jL39hXu9Y5nFndA',$,'Railing',$,$,#9835,#9818,$,$);
#9810=IFCRELDEFINESBYTYPE('0jyex$r3jBHAP$D98kVAK2',$,$,$,(#9809,#9836,#9857,#9878),#9732);
#9811=IFCCARTESIANPOINT((0.,0.,0.));
#9812=IFCDIRECTION((1.,0.,0.));
#9813=IFCDIRECTION((0.,1.,0.));
#9814=IFCDIRECTION((0.,0.,1.));
#9815=IFCCARTESIANTRANSFORMATIONOPERATOR3D(#9812,#9813,#9811,1.,#9814);
#9816=IFCMAPPEDITEM(#9764,#9815);
#9817=IFCSHAPEREPRESENTATION(#11,'Body','MappedRepresentation',(#9816));
#9818=IFCPRODUCTDEFINITIONSHAPE($,$,(#9817,#9825));
#9819=IFCCARTESIANPOINT((0.,0.,0.));
#9820=IFCDIRECTION((1.,0.,0.));
#9821=IFCDIRECTION((0.,1.,0.));
#9822=IFCDIRECTION((0.,0.,1.));
#9823=IFCCARTESIANTRANSFORMATIONOPERATOR3D(#9820,#9821,#9819,1.,#9822);
#9824=IFCMAPPEDITEM(#9808,#9823);
#9825=IFCSHAPEREPRESENTATION(#13,'Box','MappedRepresentation',(#9824));
#9831=IFCCARTESIANPOINT((0.87668502330780029,-3.0751032829284668,0.));
#9832=IFCDIRECTION((0.,0.,1.));
#9833=IFCDIRECTION((1.,0.,0.));
#9834=IFCAXIS2PLACEMENT3D(#9831,#9832,#9833);
#9835=IFCLOCALPLACEMENT(#9112,#9834);
#9836=IFCRAILING('2F9dzC8gXBWBNZqLetOF2I',$,'Railing',$,$,#9837,#9849,$,$);
#9837=IFCLOCALPLACEMENT(#9112,#9838);
#9838=IFCAXIS2PLACEMENT3D(#9839,#9840,#9841);
#9839=IFCCARTESIANPOINT((0.87668502330780029,-3.0751032829284668,0.));
#9840=IFCDIRECTION((0.,0.,1.));
#9841=IFCDIRECTION((1.,0.,0.));
#9842=IFCCARTESIANPOINT((0.,0.,0.));
#9843=IFCDIRECTION((1.,0.,0.));
#9844=IFCDIRECTION((0.,1.,0.));
#9845=IFCDIRECTION((0.,0.,1.));
#9846=IFCCARTESIANTRANSFORMATIONOPERATOR3D(#9843,#9844,#9842,1.,#9845);
#9847=IFCMAPPEDITEM(#9764,#9846);
#9848=IFCSHAPEREPRESENTATION(#11,'Body','MappedRepresentation',(#9847));
#9849=IFCPRODUCTDEFINITIONSHAPE($,$,(#9848,#9856));
#9850=IFCCARTESIANPOINT((0.,0.,0.));
#9851=IFCDIRECTION((1.,0.,0.));
#9852=IFCDIRECTION((0.,1.,0.));
#9853=IFCDIRECTION((0.,0.,1.));
#9854=IFCCARTESIANTRANSFORMATIONOPERATOR3D(#9851,#9852,#9850,1.,#9853);
#9855=IFCMAPPEDITEM(#9808,#9854);
#9856=IFCSHAPEREPRESENTATION(#13,'Box','MappedRepresentation',(#9855));
#9857=IFCRAILING('2ULZp9Lq59WxfOnRA3tQT4',$,'Railing',$,$,#9858,#9870,$,$);
#9858=IFCLOCALPLACEMENT(#9112,#9859);
#9859=IFCAXIS2PLACEMENT3D(#9860,#9861,#9862);
#9860=IFCCARTESIANPOINT((0.87668502330780029,-3.0751032829284668,0.));
#9861=IFCDIRECTION((0.,0.,1.));
#9862=IFCDIRECTION((1.,0.,0.));
#9863=IFCCARTESIANPOINT((0.,0.,0.));
#9864=IFCDIRECTION((1.,0.,0.));
#9865=IFCDIRECTION((0.,1.,0.));
#9866=IFCDIRECTION((0.,0.,1.));
#9867=IFCCARTESIANTRANSFORMATIONOPERATOR3D(#9864,#9865,#9863,1.,#9866);
#9868=IFCMAPPEDITEM(#9764,#9867);
#9869=IFCSHAPEREPRESENTATION(#11,'Body','MappedRepresentation',(#9868));
#9870=IFCPRODUCTDEFINITIONSHAPE($,$,(#9869,#9877));
#9871=IFCCARTESIANPOINT((0.,0.,0.));
#9872=IFCDIRECTION((1.,0.,0.));
#9873=IFCDIRECTION((0.,1.,0.));
#9874=IFCDIRECTION((0.,0.,1.));
#9875=IFCCARTESIANTRANSFORMATIONOPERATOR3D(#9872,#9873,#9871,1.,#9874);
#9876=IFCMAPPEDITEM(#9808,#9875);
#9877=IFCSHAPEREPRESENTATION(#13,'Box','MappedRepresentation',(#9876));
#9878=IFCRAILING('15fBONky95iuA_PlOADeQf',$,'Railing',$,$,#9956,#9891,$,$);
#9884=IFCCARTESIANPOINT((0.,0.,0.));
#9885=IFCDIRECTION((1.,0.,0.));
#9886=IFCDIRECTION((0.,1.,0.));
#9887=IFCDIRECTION((0.,0.,1.));
#9888=IFCCARTESIANTRANSFORMATIONOPERATOR3D(#9885,#9886,#9884,1.,#9887);
#9889=IFCMAPPEDITEM(#9764,#9888);
#9890=IFCSHAPEREPRESENTATION(#11,'Body','MappedRepresentation',(#9889));
#9891=IFCPRODUCTDEFINITIONSHAPE($,$,(#9890,#9898));
#9892=IFCCARTESIANPOINT((0.,0.,0.));
#9893=IFCDIRECTION((1.,0.,0.));
#9894=IFCDIRECTION((0.,1.,0.));
#9895=IFCDIRECTION((0.,0.,1.));
#9896=IFCCARTESIANTRANSFORMATIONOPERATOR3D(#9893,#9894,#9892,1.,#9895);
#9897=IFCMAPPEDITEM(#9808,#9896);
#9898=IFCSHAPEREPRESENTATION(#13,'Box','MappedRepresentation',(#9897));
#9899=IFCRAILINGTYPE('3cxYM28_b79e_0Jv5_vPMZ',$,'Balcony 2',$,$,(#9900,#9902),(#9904,#10002),$,$,.USERDEFINED.);
#9900=IFCPROPERTYSET('00VRe5iun1JxbhxdOKBnaw',$,'BBIM_Railing',$,(#9901));
#9901=IFCPROPERTYSINGLEVALUE('Data',$,IFCTEXT('{"railing_type": "FRAMELESS_PANEL", "height": 1.0, "thickness": 0.05000000074505806, "spacing": 0.05000000074505806, "path_data": {"edges": [[0, 1], [1, 2]], "verts": [[-0.1407642364501953, 0.0, 0.0], [0.0, 0.0, 0.0], [1.0, 0.0, 0.0]]}}'),$);
#9902=IFCPROPERTYSET('1lgAr_w257YPAD2hkuyYjk',$,'Pset_RailingCommon',$,(#9903));
#9903=IFCPROPERTYSINGLEVALUE('Height',$,IFCPOSITIVELENGTHMEASURE(1.),$);
#9904=IFCREPRESENTATIONMAP(#9905,#9993);
#9905=IFCAXIS2PLACEMENT3D(#9906,#9907,#9908);
#9906=IFCCARTESIANPOINT((0.,0.,0.));
#9907=IFCDIRECTION((0.,0.,1.));
#9908=IFCDIRECTION((1.,0.,0.));
#9952=IFCCARTESIANPOINT((-1.1329790353775024,-3.0751023292541504,0.));
#9953=IFCDIRECTION((0.,0.,1.));
#9954=IFCDIRECTION((1.,0.,0.));
#9955=IFCAXIS2PLACEMENT3D(#9952,#9953,#9954);
#9956=IFCLOCALPLACEMENT(#9112,#9955);
#9957=IFCRAILING('1Qa$jY$3L79hWWTcsXyqgO',$,'Railing',$,'FRAMELESS_PANEL',#10014,#9966,$,.USERDEFINED.);
#9958=IFCRELDEFINESBYTYPE('07nAbAtNnAKvp91C5XMQOS',$,$,$,(#9957),#9899);
#9959=IFCCARTESIANPOINT((0.,0.,0.));
#9960=IFCDIRECTION((1.,0.,0.));
#9961=IFCDIRECTION((0.,1.,0.));
#9962=IFCDIRECTION((0.,0.,1.));
#9963=IFCCARTESIANTRANSFORMATIONOPERATOR3D(#9960,#9961,#9959,1.,#9962);
#9964=IFCMAPPEDITEM(#9904,#9963);
#9965=IFCSHAPEREPRESENTATION(#11,'Body','MappedRepresentation',(#9964));
#9966=IFCPRODUCTDEFINITIONSHAPE($,$,(#9965,#10009));
#9979=IFCINDEXEDPOLYGONALFACE((16,19,18,17));
#9980=IFCINDEXEDPOLYGONALFACE((20,23,22,21));
#9981=IFCINDEXEDPOLYGONALFACE((5,11,10,4,8,9));
#9982=IFCINDEXEDPOLYGONALFACE((7,15,14,6,12,13));
#9983=IFCINDEXEDPOLYGONALFACE((11,16,17,10));
#9984=IFCINDEXEDPOLYGONALFACE((8,18,19,9));
#9985=IFCINDEXEDPOLYGONALFACE((7,13,23,20,15));
#9986=IFCINDEXEDPOLYGONALFACE((5,9,19,16,11));
#9987=IFCINDEXEDPOLYGONALFACE((12,22,23,13));
#9988=IFCINDEXEDPOLYGONALFACE((14,21,22,12,6));
#9989=IFCINDEXEDPOLYGONALFACE((15,20,21,14));
#9990=IFCINDEXEDPOLYGONALFACE((4,10,17,18,8));
#9991=IFCCARTESIANPOINTLIST3D(((-0.14076423645019531,0.,0.),(0.,0.,0.),(1.,0.,0.),(-0.11576423794031143,0.,0.),(-0.02500000037252903,0.,0.),(0.02500000037252903,0.,0.),(0.97500002384185791,0.,0.),(-0.11576423794031143,0.02500000037252903,0.),(-0.02500000037252903,0.02500000037252903,0.),(-0.11576423794031143,-0.02500000037252903,0.),(-0.02500000037252903,-0.02500000037252903,0.),(0.02500000037252903,0.02500000037252903,0.),(0.97500002384185791,0.02500000037252903,0.),(0.02500000037252903,-0.02500000037252903,0.),(0.97500002384185791,-0.02500000037252903,0.),(-0.02500000037252903,-0.02500000037252903,1.),(-0.11576423794031143,-0.02500000037252903,1.),(-0.11576423794031143,0.02500000037252903,1.),(-0.02500000037252903,0.02500000037252903,1.),(0.97500002384185791,-0.02500000037252903,1.),(0.02500000037252903,-0.02500000037252903,1.),(0.02500000037252903,0.02500000037252903,1.),(0.97500002384185791,0.02500000037252903,1.)));
#9992=IFCPOLYGONALFACESET(#9991,.F.,(#9979,#9980,#9981,#9982,#9983,#9984,#9985,#9986,#9987,#9988,#9989,#9990),$);
#9993=IFCSHAPEREPRESENTATION(#11,'Body','Tessellation',(#9992));
#9995=IFCCARTESIANPOINT((-0.14076423645019531,-0.02500000037252903,0.));
#9996=IFCBOUNDINGBOX(#9995,1.1407642364501953,0.05000000074505806,1.);
#9997=IFCSHAPEREPRESENTATION(#13,'Box','BoundingBox',(#9996));
#9998=IFCCARTESIANPOINT((0.,0.,0.));
#9999=IFCDIRECTION((1.,0.,0.));
#10000=IFCDIRECTION((0.,0.,1.));
#10001=IFCAXIS2PLACEMENT3D(#9998,#10000,#9999);
#10002=IFCREPRESENTATIONMAP(#10001,#9997);
#10003=IFCCARTESIANPOINT((0.,0.,0.));
#10004=IFCDIRECTION((1.,0.,0.));
#10005=IFCDIRECTION((0.,1.,0.));
#10006=IFCDIRECTION((0.,0.,1.));
#10007=IFCCARTESIANTRANSFORMATIONOPERATOR3D(#10004,#10005,#10003,1.,#10006);
#10008=IFCMAPPEDITEM(#10002,#10007);
#10009=IFCSHAPEREPRESENTATION(#13,'Box','MappedRepresentation',(#10008));
#10010=IFCCARTESIANPOINT((-3.1326298713684082,-3.0751032829284668,0.));
#10011=IFCDIRECTION((0.,0.,1.));
#10012=IFCDIRECTION((1.,0.,0.));
#10013=IFCAXIS2PLACEMENT3D(#10010,#10011,#10012);
#10014=IFCLOCALPLACEMENT(#9112,#10013);
#10050=IFCRAILINGTYPE('0KVlHS7Kf19vfejI6BpEBD',$,'Balcony-3',$,$,(#10051,#10053),(#10055,#10339),$,$,.USERDEFINED.);
#10051=IFCPROPERTYSET('12KqO5dPXDKghU$uXFKBLA',$,'BBIM_Railing',$,(#10052));
#10052=IFCPROPERTYSINGLEVALUE('Data',$,IFCTEXT('{"railing_type": "FRAMELESS_PANEL", "height": 1.0, "thickness": 0.05000000074505806, "spacing": 0.05000000074505806, "path_data": {"edges": [[0, 1], [1, 2]], "verts": [[-0.5461421012878418, -0.04940197616815567, 0.0007042884826660156], [-0.002047536661848426, -0.04941987991333008, 0.0], [0.9832582473754883, -0.049419403076171875, 0.0]]}}'),$);
#10053=IFCPROPERTYSET('0fTb$GSU1DVh3TWa2Z5lgt',$,'Pset_RailingCommon',$,(#10054));
#10054=IFCPROPERTYSINGLEVALUE('Height',$,IFCPOSITIVELENGTHMEASURE(1.),$);
#10055=IFCREPRESENTATIONMAP(#10056,#10330);
#10056=IFCAXIS2PLACEMENT3D(#10057,#10058,#10059);
#10057=IFCCARTESIANPOINT((0.,0.,0.));
#10058=IFCDIRECTION((0.,0.,1.));
#10059=IFCDIRECTION((1.,0.,0.));
#10103=IFCRAILING('2v3yBq1gjDagqWksWaqvU3',$,'Railing',$,'FRAMELESS_PANEL',#10351,#10112,$,.USERDEFINED.);
#10104=IFCRELDEFINESBYTYPE('19GKjQa8v8NxoWjUCbagiS',$,$,$,(#10103),#10050);
#10105=IFCCARTESIANPOINT((0.,0.,0.));
#10106=IFCDIRECTION((1.,0.,0.));
#10107=IFCDIRECTION((0.,1.,0.));
#10108=IFCDIRECTION((0.,0.,1.));
#10109=IFCCARTESIANTRANSFORMATIONOPERATOR3D(#10106,#10107,#10105,1.,#10108);
#10110=IFCMAPPEDITEM(#10055,#10109);
#10111=IFCSHAPEREPRESENTATION(#11,'Body','MappedRepresentation',(#10110));
#10112=IFCPRODUCTDEFINITIONSHAPE($,$,(#10111,#10346));
#10316=IFCINDEXEDPOLYGONALFACE((16,19,18,17));
#10317=IFCINDEXEDPOLYGONALFACE((20,23,22,21));
#10318=IFCINDEXEDPOLYGONALFACE((5,11,10,4,8,9));
#10319=IFCINDEXEDPOLYGONALFACE((7,15,14,6,12,13));
#10320=IFCINDEXEDPOLYGONALFACE((8,18,19,9));
#10321=IFCINDEXEDPOLYGONALFACE((13,23,20,15,7));
#10322=IFCINDEXEDPOLYGONALFACE((5,9,19,16,11));
#10323=IFCINDEXEDPOLYGONALFACE((12,22,23,13));
#10324=IFCINDEXEDPOLYGONALFACE((14,21,22,12,6));
#10325=IFCINDEXEDPOLYGONALFACE((15,20,21,14));
#10326=IFCINDEXEDPOLYGONALFACE((11,16,17,10));
#10327=IFCINDEXEDPOLYGONALFACE((4,10,17,18,8));
#10328=IFCCARTESIANPOINTLIST3D(((-0.5461421012878418,-0.04940197616815567,0.00070428848266601562),(-0.0020475366618484259,-0.049419879913330078,0.),(0.98325824737548828,-0.049419403076171875,0.),(-0.52114212512969971,-0.04940279945731163,0.00067192793358117342),(-0.027047539129853249,-0.049419056624174118,3.2360574550693855E-05),(0.022952461615204811,-0.049419868737459183,0.),(0.95825827121734619,-0.04941941425204277,0.),(-0.52114129066467285,-0.0244027990847826,0.00067192793358117342),(-0.027046715840697289,-0.024419056251645088,3.2360574550693855E-05),(-0.52114295959472656,-0.074402801692485809,0.00067192793358117342),(-0.027048362419009209,-0.074419058859348297,3.2360574550693855E-05),(0.022952448576688766,-0.024419868364930153,0.),(0.95825827121734619,-0.024419413879513741,0.),(0.022952474653720856,-0.074419870972633362,0.),(0.95825827121734619,-0.074419416487216949,0.),(-0.027048362419009209,-0.074419058859348297,1.0000323057174683),(-0.52114295959472656,-0.074402801692485809,1.0006719827651978),(-0.52114129066467285,-0.0244027990847826,1.0006719827651978),(-0.027046715840697289,-0.024419056251645088,1.0000323057174683),(0.95825827121734619,-0.074419416487216949,1.),(0.022952474653720856,-0.074419870972633362,1.),(0.022952448576688766,-0.024419868364930153,1.),(0.95825827121734619,-0.024419413879513741,1.)));
#10329=IFCPOLYGONALFACESET(#10328,.F.,(#10316,#10317,#10318,#10319,#10320,#10321,#10322,#10323,#10324,#10325,#10326,#10327),$);
#10330=IFCSHAPEREPRESENTATION(#11,'Body','Tessellation',(#10329));
#10332=IFCCARTESIANPOINT((-0.5461421012878418,-0.074419870972633362,0.));
#10333=IFCBOUNDINGBOX(#10332,1.5294003486633301,0.050017073750495911,1.0006719827651978);
#10334=IFCSHAPEREPRESENTATION(#13,'Box','BoundingBox',(#10333));
#10335=IFCCARTESIANPOINT((0.,0.,0.));
#10336=IFCDIRECTION((1.,0.,0.));
#10337=IFCDIRECTION((0.,0.,1.));
#10338=IFCAXIS2PLACEMENT3D(#10335,#10337,#10336);
#10339=IFCREPRESENTATIONMAP(#10338,#10334);
#10340=IFCCARTESIANPOINT((0.,0.,0.));
#10341=IFCDIRECTION((1.,0.,0.));
#10342=IFCDIRECTION((0.,1.,0.));
#10343=IFCDIRECTION((0.,0.,1.));
#10344=IFCCARTESIANTRANSFORMATIONOPERATOR3D(#10341,#10342,#10340,1.,#10343);
#10345=IFCMAPPEDITEM(#10339,#10344);
#10346=IFCSHAPEREPRESENTATION(#13,'Box','MappedRepresentation',(#10345));
#10347=IFCCARTESIANPOINT((-3.1961071491241455,-2.1418452262878418,-0.00070428848266601562));
#10348=IFCDIRECTION((0.,0.,1.));
#10349=IFCDIRECTION((-4.3711388286737889E-08,-0.99999999999999911,0.));
#10350=IFCAXIS2PLACEMENT3D(#10347,#10348,#10349);
#10351=IFCLOCALPLACEMENT(#9112,#10350);
#10352=IFCCARTESIANPOINTLIST2D(((-0.000301361083984375,0.92552947998046875),(0.81469869613647461,0.92728090286254883),(0.81469869613647461,-0.80962222814559937),(0.,-0.80962228775024414),(0.,0.),(-0.000301361083984375,0.92552947998046875)));
#10353=IFCINDEXEDPOLYCURVE(#10352,$,$);
#10354=IFCARBITRARYCLOSEDPROFILEDEF(.AREA.,$,#10353);
#10546=IFCSLABTYPE('2$RRPqT4D2YRvFDRVYUP1v',$,'slab landing 2',$,$,(#10547),$,$,$,.LANDING.);
#10547=IFCPROPERTYSET('2zLvrUtUfEdeszlUkf$ST6',$,'EPset_Parametric',$,(#10548));
#10548=IFCPROPERTYSINGLEVALUE('LayerSetDirection',$,IFCLABEL('AXIS3'),$);
#10549=IFCRELASSOCIATESMATERIAL('1Xcd7DBlv48utWmiErCrdZ',$,$,$,(#10546),#10550);
#10550=IFCMATERIALLAYERSET((#10551),$,$);
#10551=IFCMATERIALLAYER(#81,1.7999999523162842,$,$,$,$,$);
#10552=IFCSLAB('0wPjTwjNPCThs9XUoNqGts',$,'Slab',$,$,#10624,#10567,$,$);
#10553=IFCRELDEFINESBYTYPE('33S5gn94PC5PDnbKPlXpFU',$,$,$,(#10552),#10546);
#10554=IFCMATERIALLAYERSETUSAGE(#10550,.AXIS3.,.POSITIVE.,-1.7999999523162842,$);
#10555=IFCRELASSOCIATESMATERIAL('1R3uG4r4D2cx07bdevKMox',$,$,$,(#10552),#10554);
#10561=IFCCARTESIANPOINTLIST2D(((0.,0.),(0.00027990341186523438,-0.85975122451782227),(-1.307314395904541,-0.85975134372711182),(-1.307314395904541,0.00024867057800292969),(0.,0.)));
#10562=IFCINDEXEDPOLYCURVE(#10561,$,$);
#10563=IFCDIRECTION((0.,0.,1.));
#10564=IFCARBITRARYCLOSEDPROFILEDEF(.AREA.,$,#10562);
#10565=IFCEXTRUDEDAREASOLID(#10564,#10574,#10563,1.7999999523162842);
#10566=IFCSHAPEREPRESENTATION(#11,'Body','SweptSolid',(#10565));
#10567=IFCPRODUCTDEFINITIONSHAPE($,$,(#10566));
#10568=IFCPROPERTYSET('1byIjIiC5CmRo9Dwfdy6CX',$,'EPset_Parametric',$,(#10570));
#10569=IFCRELDEFINESBYPROPERTIES('1DHf2ZmsjCPfYwLsX3OACd',$,$,$,(#10552),#10568);
#10570=IFCPROPERTYSINGLEVALUE('Engine',$,IFCLABEL('Bonsai.DumbLayer3'),$);
#10571=IFCCARTESIANPOINT((-0.,-0.,-1.7999999523162842));
#10572=IFCDIRECTION((0.,0.,1.));
#10573=IFCDIRECTION((1.,0.,0.));
#10574=IFCAXIS2PLACEMENT3D(#10571,#10572,#10573);
#10575=IFCSTAIRFLIGHTTYPE('2d8SBbdg98qRt2xm5olBRt',$,'Stair-2',$,$,(#10576,#10578),(#10584,#10612),$,$,.STRAIGHT.);
#10576=IFCPROPERTYSET('3KB2lrymrF1eq4iS0OgL74',$,'BBIM_Stair',$,(#10577));
#10577=IFCPROPERTYSINGLEVALUE('Data',$,IFCTEXT('{"stair_type": "GENERIC", "width": 0.8096222877502441, "height": 1.7999999523162842, "number_of_treads": 7, "tread_run": 0.1864202618598938, "nosing_length": 0.0, "nosing_depth": 0.0, "custom_first_last_tread_run": [null, null], "custom_tread_lock": true}'),$);
#10578=IFCPROPERTYSET('2jg5Ja4dPFRuD6kZ_gGStD',$,'Pset_StairFlightCommon',$,(#10579,#10580,#10581,#10582,#10583));
#10579=IFCPROPERTYSINGLEVALUE('NumberOfRiser',$,IFCCOUNTMEASURE(8.),$);
#10580=IFCPROPERTYSINGLEVALUE('NumberOfTreads',$,IFCCOUNTMEASURE(7.),$);
#10581=IFCPROPERTYSINGLEVALUE('RiserHeight',$,IFCPOSITIVELENGTHMEASURE(0.22499999403953552),$);
#10582=IFCPROPERTYSINGLEVALUE('TreadLength',$,IFCPOSITIVELENGTHMEASURE(0.25),$);
#10583=IFCPROPERTYSINGLEVALUE('NosingLength',$,IFCLENGTHMEASURE(0.),$);
#10584=IFCREPRESENTATIONMAP(#10585,#10589);
#10585=IFCAXIS2PLACEMENT3D(#10586,#10587,#10588);
#10586=IFCCARTESIANPOINT((0.,0.,0.));
#10587=IFCDIRECTION((0.,0.,1.));
#10588=IFCDIRECTION((1.,0.,0.));
#10589=IFCSHAPEREPRESENTATION(#11,'Body','Tessellation',(#10590));
#10590=IFCPOLYGONALFACESET(#10591,.T.,(#10592,#10593,#10594,#10595,#10596,#10597,#10598,#10599,#10600,#10601,#10602,#10603,#10604,#10605,#10606,#10607,#10608,#10609,#10610,#10611),$);
#10591=IFCCARTESIANPOINTLIST3D(((0.,0.,0.),(0.,0.,0.22499999403953552),(0.1864202618598938,0.,0.22499999403953552),(0.1864202618598938,0.,0.44999998807907104),(0.3728405237197876,0.,0.44999998807907104),(0.3728405237197876,0.,0.67499995231628418),(0.5592607855796814,0.,0.67499995231628418),(0.5592607855796814,0.,0.89999997615814209),(0.7456810474395752,0.,0.89999997615814209),(0.7456810474395752,0.,1.125),(0.93210130929946899,0.,1.125),(0.93210130929946899,0.,1.3500000238418579),(1.1185215711593628,0.,1.3500000238418579),(1.1185215711593628,0.,1.5750000476837158),(1.3049418926239014,0.,1.5750000476837158),(1.3049418926239014,0.,1.8000000715255737),(1.4913620948791504,0.,1.8000000715255737),(1.4913620948791504,0.,0.),(0.,0.80962228775024414,0.22499999403953552),(0.1864202618598938,0.80962228775024414,0.22499999403953552),(0.1864202618598938,0.80962228775024414,0.44999998807907104),(0.3728405237197876,0.80962228775024414,0.44999998807907104),(0.3728405237197876,0.80962228775024414,0.67499995231628418),(0.5592607855796814,0.80962228775024414,0.67499995231628418),(0.5592607855796814,0.80962228775024414,0.89999997615814209),(0.7456810474395752,0.80962228775024414,0.89999997615814209),(0.7456810474395752,0.80962228775024414,1.125),(0.93210130929946899,0.80962228775024414,1.125),(0.93210130929946899,0.80962228775024414,1.3500000238418579),(1.1185215711593628,0.80962228775024414,1.3500000238418579),(1.1185215711593628,0.80962228775024414,1.5750000476837158),(1.3049418926239014,0.80962228775024414,1.5750000476837158),(1.3049418926239014,0.80962228775024414,1.8000000715255737),(1.4913620948791504,0.80962228775024414,1.8000000715255737),(1.4913620948791504,0.80962228775024414,0.),(0.,0.80962228775024414,0.)));
#10592=IFCINDEXEDPOLYGONALFACE((2,1,18,17,16,15,14,13,12,11,10,9,8,7,6,5,4,3));
#10593=IFCINDEXEDPOLYGONALFACE((19,20,21,22,23,24,25,26,27,28,29,30,31,32,33,34,35,36));
#10594=IFCINDEXEDPOLYGONALFACE((15,16,33,32));
#10595=IFCINDEXEDPOLYGONALFACE((8,9,26,25));
#10596=IFCINDEXEDPOLYGONALFACE((1,2,19,36));
#10597=IFCINDEXEDPOLYGONALFACE((16,17,34,33));
#10598=IFCINDEXEDPOLYGONALFACE((9,10,27,26));
#10599=IFCINDEXEDPOLYGONALFACE((2,3,20,19));
#10600=IFCINDEXEDPOLYGONALFACE((17,18,35,34));
#10601=IFCINDEXEDPOLYGONALFACE((10,11,28,27));
#10602=IFCINDEXEDPOLYGONALFACE((3,4,21,20));
#10603=IFCINDEXEDPOLYGONALFACE((18,1,36,35));
#10604=IFCINDEXEDPOLYGONALFACE((11,12,29,28));
#10605=IFCINDEXEDPOLYGONALFACE((4,5,22,21));
#10606=IFCINDEXEDPOLYGONALFACE((12,13,30,29));
#10607=IFCINDEXEDPOLYGONALFACE((5,6,23,22));
#10608=IFCINDEXEDPOLYGONALFACE((13,14,31,30));
#10609=IFCINDEXEDPOLYGONALFACE((6,7,24,23));
#10610=IFCINDEXEDPOLYGONALFACE((14,15,32,31));
#10611=IFCINDEXEDPOLYGONALFACE((7,8,25,24));
#10612=IFCREPRESENTATIONMAP(#10613,#10617);
#10613=IFCAXIS2PLACEMENT3D(#10614,#10615,#10616);
#10614=IFCCARTESIANPOINT((0.,0.,0.));
#10615=IFCDIRECTION((0.,0.,1.));
#10616=IFCDIRECTION((1.,0.,0.));
#10617=IFCSHAPEREPRESENTATION(#13,'Box','BoundingBox',(#10618));
#10618=IFCBOUNDINGBOX(#10619,1.4913620948791504,0.80962228775024414,1.8000000715255737);
#10619=IFCCARTESIANPOINT((0.,0.,0.));
#10620=IFCCARTESIANPOINT((3.311586856842041,2.270796537399292,1.9000000953674316));
#10621=IFCDIRECTION((0.,0.,1.));
#10622=IFCDIRECTION((1.,0.,0.));
#10623=IFCAXIS2PLACEMENT3D(#10620,#10621,#10622);
#10624=IFCLOCALPLACEMENT(#9349,#10623);
#10625=IFCSTAIRFLIGHT('3S5akXLDHDBOlK4P79wdjG',$,'StairFlight',$,$,#10651,#10634,$,$,$,$,$,$);
#10626=IFCRELDEFINESBYTYPE('1w0f9npOr2PhEO9uwM8DVI',$,$,$,(#10625),#10575);
#10627=IFCCARTESIANPOINT((0.,0.,0.));
#10628=IFCDIRECTION((1.,0.,0.));
#10629=IFCDIRECTION((0.,1.,0.));
#10630=IFCDIRECTION((0.,0.,1.));
#10631=IFCCARTESIANTRANSFORMATIONOPERATOR3D(#10628,#10629,#10627,1.,#10630);
#10632=IFCMAPPEDITEM(#10584,#10631);
#10633=IFCSHAPEREPRESENTATION(#11,'Body','MappedRepresentation',(#10632));
#10634=IFCPRODUCTDEFINITIONSHAPE($,$,(#10633,#10641));
#10635=IFCCARTESIANPOINT((0.,0.,0.));
#10636=IFCDIRECTION((1.,0.,0.));
#10637=IFCDIRECTION((0.,1.,0.));
#10638=IFCDIRECTION((0.,0.,1.));
#10639=IFCCARTESIANTRANSFORMATIONOPERATOR3D(#10636,#10637,#10635,1.,#10638);
#10640=IFCMAPPEDITEM(#10612,#10639);
#10641=IFCSHAPEREPRESENTATION(#13,'Box','MappedRepresentation',(#10640));
#10647=IFCCARTESIANPOINT((3.3118667602539062,2.2725479602813721,1.8999999761581421));
#10648=IFCDIRECTION((0.,0.,1.));
#10649=IFCDIRECTION((-0.99999999999994693,-3.2584136988587576E-07,0.));
#10650=IFCAXIS2PLACEMENT3D(#10647,#10648,#10649);
#10651=IFCLOCALPLACEMENT(#9349,#10650);
#11007=IFCRAILINGTYPE('3ZvoY6JmDEJe5LLwSHbmvP',$,'Stairs-1',$,$,(#11008,#11010),(#11012,#11167),$,$,.USERDEFINED.);
#11008=IFCPROPERTYSET('2BkOSrnpr8ifVheWsFsmj9',$,'BBIM_Railing',$,(#11009));
#11009=IFCPROPERTYSINGLEVALUE('Data',$,IFCTEXT('{"railing_type": "FRAMELESS_PANEL", "height": 1.0, "thickness": 0.05000000074505806, "spacing": 0.05000000074505806, "path_data": {"edges": [[0, 1], [1, 2]], "verts": [[-0.9749999046325684, -0.02499997615814209, 0.0], [-0.04289865493774414, -0.02499997615814209, 1.125], [0.516362190246582, -0.02499997615814209, 1.7999998331069946]]}}'),$);
#11010=IFCPROPERTYSET('2MdkY7bkz2SRmXH51J1PVD',$,'Pset_RailingCommon',$,(#11011));
#11011=IFCPROPERTYSINGLEVALUE('Height',$,IFCPOSITIVELENGTHMEASURE(1.),$);
#11012=IFCREPRESENTATIONMAP(#11013,#11158);
#11013=IFCAXIS2PLACEMENT3D(#11014,#11015,#11016);
#11014=IFCCARTESIANPOINT((0.,0.,0.));
#11015=IFCDIRECTION((0.,0.,1.));
#11016=IFCDIRECTION((1.,0.,0.));
#11060=IFCRAILING('1zmmIGPxz31eh6giDIXerk',$,'Railing',$,'FRAMELESS_PANEL',#11765,#11069,$,.USERDEFINED.);
#11061=IFCRELDEFINESBYTYPE('1nX_2iGkb9bRexGcAyFfpz',$,$,$,(#11060,#11180),#11007);
#11062=IFCCARTESIANPOINT((0.,0.,0.));
#11063=IFCDIRECTION((1.,0.,0.));
#11064=IFCDIRECTION((0.,1.,0.));
#11065=IFCDIRECTION((0.,0.,1.));
#11066=IFCCARTESIANTRANSFORMATIONOPERATOR3D(#11063,#11064,#11062,1.,#11065);
#11067=IFCMAPPEDITEM(#11012,#11066);
#11068=IFCSHAPEREPRESENTATION(#11,'Body','MappedRepresentation',(#11067));
#11069=IFCPRODUCTDEFINITIONSHAPE($,$,(#11068,#11174));
#11144=IFCINDEXEDPOLYGONALFACE((16,19,18,17));
#11145=IFCINDEXEDPOLYGONALFACE((20,23,22,21));
#11146=IFCINDEXEDPOLYGONALFACE((5,11,10,4,8,9));
#11147=IFCINDEXEDPOLYGONALFACE((7,15,14,6,12,13));
#11148=IFCINDEXEDPOLYGONALFACE((11,16,17,10));
#11149=IFCINDEXEDPOLYGONALFACE((8,18,19,9));
#11150=IFCINDEXEDPOLYGONALFACE((13,23,20,15,7));
#11151=IFCINDEXEDPOLYGONALFACE((5,9,19,16,11));
#11152=IFCINDEXEDPOLYGONALFACE((12,22,23,13));
#11153=IFCINDEXEDPOLYGONALFACE((14,21,22,12,6));
#11154=IFCINDEXEDPOLYGONALFACE((15,20,21,14));
#11155=IFCINDEXEDPOLYGONALFACE((4,10,17,18,8));
#11156=IFCCARTESIANPOINTLIST3D(((-0.97499990463256836,-0.02499997615814209,0.),(-0.042898654937744141,-0.02499997615814209,1.125),(0.51636219024658203,-0.02499997615814209,1.7999998331069946),(-0.94999992847442627,-0.02499997615814209,0.030173761770129204),(-0.067898653447628021,-0.02499997615814209,1.0948262214660645),(-0.017898654565215111,-0.02499997615814209,1.1551737785339355),(0.49136218428611755,-0.02499997615814209,1.7698260545730591),(-0.94999992847442627,2.4214386940002441E-08,0.030173761770129204),(-0.067898653447628021,2.4214386940002441E-08,1.0948262214660645),(-0.94999992847442627,-0.04999997466802597,0.030173761770129204),(-0.067898653447628021,-0.04999997466802597,1.0948262214660645),(-0.017898654565215111,2.4214386940002441E-08,1.1551737785339355),(0.49136218428611755,2.4214386940002441E-08,1.7698260545730591),(-0.017898654565215111,-0.04999997466802597,1.1551737785339355),(0.49136218428611755,-0.04999997466802597,1.7698260545730591),(-0.067898653447628021,-0.04999997466802597,2.0948262214660645),(-0.94999992847442627,-0.04999997466802597,1.0301737785339355),(-0.94999992847442627,2.4214386940002441E-08,1.0301737785339355),(-0.067898653447628021,2.4214386940002441E-08,2.0948262214660645),(0.49136218428611755,-0.04999997466802597,2.7698259353637695),(-0.017898654565215111,-0.04999997466802597,2.1551737785339355),(-0.017898654565215111,2.4214386940002441E-08,2.1551737785339355),(0.49136218428611755,2.4214386940002441E-08,2.7698259353637695)));
#11157=IFCPOLYGONALFACESET(#11156,.F.,(#11144,#11145,#11146,#11147,#11148,#11149,#11150,#11151,#11152,#11153,#11154,#11155),$);
#11158=IFCSHAPEREPRESENTATION(#11,'Body','Tessellation',(#11157));
#11160=IFCCARTESIANPOINT((-0.97499990463256836,-0.04999997466802597,0.));
#11161=IFCBOUNDINGBOX(#11160,1.4913620948791504,0.049999997019767761,2.7698259353637695);
#11162=IFCSHAPEREPRESENTATION(#13,'Box','BoundingBox',(#11161));
#11163=IFCCARTESIANPOINT((0.,0.,0.));
#11164=IFCDIRECTION((1.,0.,0.));
#11165=IFCDIRECTION((0.,0.,1.));
#11166=IFCAXIS2PLACEMENT3D(#11163,#11165,#11164);
#11167=IFCREPRESENTATIONMAP(#11166,#11162);
#11168=IFCCARTESIANPOINT((0.,0.,0.));
#11169=IFCDIRECTION((1.,0.,0.));
#11170=IFCDIRECTION((0.,1.,0.));
#11171=IFCDIRECTION((0.,0.,1.));
#11172=IFCCARTESIANTRANSFORMATIONOPERATOR3D(#11169,#11170,#11168,1.,#11171);
#11173=IFCMAPPEDITEM(#11167,#11172);
#11174=IFCSHAPEREPRESENTATION(#13,'Box','MappedRepresentation',(#11173));
#11180=IFCRAILING('3cg0OAVpHCHeEuO7wc42cv',$,'Railing',$,'FRAMELESS_PANEL',#11770,#11193,$,.USERDEFINED.);
#11186=IFCCARTESIANPOINT((0.,0.,0.));
#11187=IFCDIRECTION((1.,0.,0.));
#11188=IFCDIRECTION((0.,1.,0.));
#11189=IFCDIRECTION((0.,0.,1.));
#11190=IFCCARTESIANTRANSFORMATIONOPERATOR3D(#11187,#11188,#11186,1.,#11189);
#11191=IFCMAPPEDITEM(#11012,#11190);
#11192=IFCSHAPEREPRESENTATION(#11,'Body','MappedRepresentation',(#11191));
#11193=IFCPRODUCTDEFINITIONSHAPE($,$,(#11192,#11200));
#11194=IFCCARTESIANPOINT((0.,0.,0.));
#11195=IFCDIRECTION((1.,0.,0.));
#11196=IFCDIRECTION((0.,1.,0.));
#11197=IFCDIRECTION((0.,0.,1.));
#11198=IFCCARTESIANTRANSFORMATIONOPERATOR3D(#11195,#11196,#11194,1.,#11197);
#11199=IFCMAPPEDITEM(#11167,#11198);
#11200=IFCSHAPEREPRESENTATION(#13,'Box','MappedRepresentation',(#11199));
#11211=IFCRAILINGTYPE('0MRsYSbZfEbgnznm2Yi8SP',$,'stairs landing',$,$,(#11212,#11214),(#11216,#11409),$,$,.USERDEFINED.);
#11212=IFCPROPERTYSET('0zRCTIQzX0$9QOJXqoZJRY',$,'BBIM_Railing',$,(#11213));
#11213=IFCPROPERTYSINGLEVALUE('Data',$,IFCTEXT('{"railing_type": "FRAMELESS_PANEL", "height": 1.0, "thickness": 0.05000000074505806, "spacing": 0.05000000074505806, "path_data": {"edges": [[0, 1], [1, 2]], "verts": [[-1.0, 0.0, 0.0], [-0.13699449598789215, 0.0027049074415117502, -2.384185791015625e-07], [-0.16156253218650818, 0.0008565550670027733, 0.0]]}}'),$);
#11214=IFCPROPERTYSET('3tVs8rraTBXx1obCSkmnxn',$,'Pset_RailingCommon',$,(#11215));
#11215=IFCPROPERTYSINGLEVALUE('Height',$,IFCPOSITIVELENGTHMEASURE(1.),$);
#11216=IFCREPRESENTATIONMAP(#11217,#11400);
#11217=IFCAXIS2PLACEMENT3D(#11218,#11219,#11220);
#11218=IFCCARTESIANPOINT((0.,0.,0.));
#11219=IFCDIRECTION((0.,0.,1.));
#11220=IFCDIRECTION((1.,0.,0.));
#11264=IFCRAILING('2jDjqE_AX35O0kIwFD$BNF',$,'Railing',$,'FRAMELESS_PANEL',#11775,#11273,$,.USERDEFINED.);
#11265=IFCRELDEFINESBYTYPE('3lq6CwnaX83vtpRZ6vzcOF',$,$,$,(#11264,#11422),#11211);
#11266=IFCCARTESIANPOINT((0.,0.,0.));
#11267=IFCDIRECTION((1.,0.,0.));
#11268=IFCDIRECTION((0.,1.,0.));
#11269=IFCDIRECTION((0.,0.,1.));
#11270=IFCCARTESIANTRANSFORMATIONOPERATOR3D(#11267,#11268,#11266,1.,#11269);
#11271=IFCMAPPEDITEM(#11216,#11270);
#11272=IFCSHAPEREPRESENTATION(#11,'Body','MappedRepresentation',(#11271));
#11273=IFCPRODUCTDEFINITIONSHAPE($,$,(#11272,#11416));
#11392=IFCINDEXEDPOLYGONALFACE((10,13,12,11));
#11393=IFCINDEXEDPOLYGONALFACE((4,9,8,3,6,7));
#11394=IFCINDEXEDPOLYGONALFACE((9,10,11,8));
#11395=IFCINDEXEDPOLYGONALFACE((6,12,13,7));
#11396=IFCINDEXEDPOLYGONALFACE((4,7,13,10,9));
#11397=IFCINDEXEDPOLYGONALFACE((3,8,11,12,6));
#11398=IFCCARTESIANPOINTLIST3D(((-1.,0.,0.),(-0.13699449598789215,0.0027049074415117502,-2.384185791015625E-07),(-0.97500014305114746,7.8356802987400442E-05,-6.9066015129237712E-09),(-0.16199436783790588,0.0026265506166964769,-2.3151197581228189E-07),(-0.16156253218650818,0.00085655506700277328,0.),(-0.9750785231590271,0.025078233331441879,-6.9066015129237712E-09),(-0.16207271814346313,0.027626428753137589,-2.3151197581228189E-07),(-0.97492176294326782,-0.024921521544456482,-6.9066015129237712E-09),(-0.16191601753234863,-0.022373326122760773,-2.3151197581228189E-07),(-0.16191601753234863,-0.022373326122760773,0.9999997615814209),(-0.97492176294326782,-0.024921521544456482,1.),(-0.9750785231590271,0.025078233331441879,1.),(-0.16207271814346313,0.027626428753137589,0.9999997615814209),(-0.16156253218650818,0.00085655506700277328,1.)));
#11399=IFCPOLYGONALFACESET(#11398,.F.,(#11392,#11393,#11394,#11395,#11396,#11397),$);
#11400=IFCSHAPEREPRESENTATION(#11,'Body','Tessellation',(#11399));
#11402=IFCCARTESIANPOINT((-1.,-0.024921521544456482,-2.384185791015625E-07));
#11403=IFCBOUNDINGBOX(#11402,0.86300551891326904,0.05254795029759407,1.0000002384185791);
#11404=IFCSHAPEREPRESENTATION(#13,'Box','BoundingBox',(#11403));
#11405=IFCCARTESIANPOINT((0.,0.,0.));
#11406=IFCDIRECTION((1.,0.,0.));
#11407=IFCDIRECTION((0.,0.,1.));
#11408=IFCAXIS2PLACEMENT3D(#11405,#11407,#11406);
#11409=IFCREPRESENTATIONMAP(#11408,#11404);
#11410=IFCCARTESIANPOINT((0.,0.,0.));
#11411=IFCDIRECTION((1.,0.,0.));
#11412=IFCDIRECTION((0.,1.,0.));
#11413=IFCDIRECTION((0.,0.,1.));
#11414=IFCCARTESIANTRANSFORMATIONOPERATOR3D(#11411,#11412,#11410,1.,#11413);
#11415=IFCMAPPEDITEM(#11409,#11414);
#11416=IFCSHAPEREPRESENTATION(#13,'Box','MappedRepresentation',(#11415));
#11422=IFCRAILING('0azO9Tufn7dAZYct1qFrSo',$,'Railing',$,'FRAMELESS_PANEL',#11780,#11435,$,.USERDEFINED.);
#11428=IFCCARTESIANPOINT((0.,0.,0.));
#11429=IFCDIRECTION((1.,0.,0.));
#11430=IFCDIRECTION((0.,1.,0.));
#11431=IFCDIRECTION((0.,0.,1.));
#11432=IFCCARTESIANTRANSFORMATIONOPERATOR3D(#11429,#11430,#11428,1.,#11431);
#11433=IFCMAPPEDITEM(#11216,#11432);
#11434=IFCSHAPEREPRESENTATION(#11,'Body','MappedRepresentation',(#11433));
#11435=IFCPRODUCTDEFINITIONSHAPE($,$,(#11434,#11442));
#11436=IFCCARTESIANPOINT((0.,0.,0.));
#11437=IFCDIRECTION((1.,0.,0.));
#11438=IFCDIRECTION((0.,1.,0.));
#11439=IFCDIRECTION((0.,0.,1.));
#11440=IFCCARTESIANTRANSFORMATIONOPERATOR3D(#11437,#11438,#11436,1.,#11439);
#11441=IFCMAPPEDITEM(#11409,#11440);
#11442=IFCSHAPEREPRESENTATION(#13,'Box','MappedRepresentation',(#11441));
#11448=IFCRAILINGTYPE('0yhMjHrlz60ALTh0hLvs$P',$,'Stairs-2',$,$,(#11449,#11451),(#11453,#11727),$,$,.USERDEFINED.);
#11449=IFCPROPERTYSET('1dhtbTjfD82eLddciiWAFc',$,'BBIM_Railing',$,(#11450));
#11450=IFCPROPERTYSINGLEVALUE('Data',$,IFCTEXT('{"railing_type": "FRAMELESS_PANEL", "height": 1.0, "thickness": 0.05000000074505806, "spacing": 0.05000000074505806, "path_data": {"edges": [[0, 1], [1, 2]], "verts": [[-0.35731497406959534, 0.0067510418593883514, 1.0999999046325684], [0.32148241996765137, 0.006751280277967453, 0.5499999523162842], [1.0, 0.0, 0.0]]}}'),$);
#11451=IFCPROPERTYSET('1tIJCN4lvEKhQSwkOOCoZT',$,'Pset_RailingCommon',$,(#11452));
#11452=IFCPROPERTYSINGLEVALUE('Height',$,IFCPOSITIVELENGTHMEASURE(1.),$);
#11453=IFCREPRESENTATIONMAP(#11454,#11718);
#11454=IFCAXIS2PLACEMENT3D(#11455,#11456,#11457);
#11455=IFCCARTESIANPOINT((0.,0.,0.));
#11456=IFCDIRECTION((0.,0.,1.));
#11457=IFCDIRECTION((1.,0.,0.));
#11501=IFCRAILING('1On4eljxX7g9$50fDbW1C5',$,'Railing',$,'FRAMELESS_PANEL',#11785,#11510,$,.USERDEFINED.);
#11502=IFCRELDEFINESBYTYPE('1GTfR6UT5DYvEZeUpAQynj',$,$,$,(#11501,#11735),#11448);
#11503=IFCCARTESIANPOINT((0.,0.,0.));
#11504=IFCDIRECTION((1.,0.,0.));
#11505=IFCDIRECTION((0.,1.,0.));
#11506=IFCDIRECTION((0.,0.,1.));
#11507=IFCCARTESIANTRANSFORMATIONOPERATOR3D(#11504,#11505,#11503,1.,#11506);
#11508=IFCMAPPEDITEM(#11453,#11507);
#11509=IFCSHAPEREPRESENTATION(#11,'Body','MappedRepresentation',(#11508));
#11510=IFCPRODUCTDEFINITIONSHAPE($,$,(#11509,#11734));
#11704=IFCINDEXEDPOLYGONALFACE((16,19,18,17));
#11705=IFCINDEXEDPOLYGONALFACE((20,23,22,21));
#11706=IFCINDEXEDPOLYGONALFACE((5,11,10,4,8,9));
#11707=IFCINDEXEDPOLYGONALFACE((7,15,14,6,12,13));
#11708=IFCINDEXEDPOLYGONALFACE((7,13,23,20,15));
#11709=IFCINDEXEDPOLYGONALFACE((5,9,19,16,11));
#11710=IFCINDEXEDPOLYGONALFACE((12,22,23,13));
#11711=IFCINDEXEDPOLYGONALFACE((14,21,22,12,6));
#11712=IFCINDEXEDPOLYGONALFACE((15,20,21,14));
#11713=IFCINDEXEDPOLYGONALFACE((11,16,17,10));
#11714=IFCINDEXEDPOLYGONALFACE((8,18,19,9));
#11715=IFCINDEXEDPOLYGONALFACE((4,10,17,18,8));
#11716=IFCCARTESIANPOINTLIST3D(((-0.35731497406959534,0.0067510418593883514,1.0999999046325684),(0.32148241996765137,0.006751280277967453,0.54999995231628418),(1.,0.,0.),(-0.33231496810913086,0.0067510507069528103,1.079743504524231),(0.29648241400718689,0.0067512714304029942,0.57025635242462158),(0.34648117423057556,0.0065025412477552891,0.52973616123199463),(0.97500121593475342,0.00024873882648535073,0.020263761281967163),(-0.33231496810913086,0.031751047819852829,1.079743504524231),(0.29648241400718689,0.031751271337270737,0.57025635242462158),(-0.33231496810913086,-0.018248947337269783,1.079743504524231),(0.29648241400718689,-0.018248727545142174,0.57025635242462158),(0.34672990441322327,0.031501304358243942,0.52973616123199463),(0.97524994611740112,0.025247503072023392,0.020263761281967163),(0.34623244404792786,-0.018496222794055939,0.52973616123199463),(0.97475248575210571,-0.024750024080276489,0.020263761281967163),(0.29648241400718689,-0.018248727545142174,1.5702563524246216),(-0.33231496810913086,-0.018248947337269783,2.0797433853149414),(-0.33231496810913086,0.031751047819852829,2.0797433853149414),(0.29648241400718689,0.031751271337270737,1.5702563524246216),(0.97475248575210571,-0.024750024080276489,1.0202637910842896),(0.34623244404792786,-0.018496222794055939,1.5297361612319946),(0.34672990441322327,0.031501304358243942,1.5297361612319946),(0.97524994611740112,0.025247503072023392,1.0202637910842896)));
#11717=IFCPOLYGONALFACESET(#11716,.F.,(#11704,#11705,#11706,#11707,#11708,#11709,#11710,#11711,#11712,#11713,#11714,#11715),$);
#11718=IFCSHAPEREPRESENTATION(#11,'Body','Tessellation',(#11717));
#11720=IFCCARTESIANPOINT((-0.35731497406959534,-0.024750024080276489,0.));
#11721=IFCBOUNDINGBOX(#11720,1.3573149442672729,0.056501295417547226,2.0797433853149414);
#11722=IFCSHAPEREPRESENTATION(#13,'Box','BoundingBox',(#11721));
#11723=IFCCARTESIANPOINT((0.,0.,0.));
#11724=IFCDIRECTION((1.,0.,0.));
#11725=IFCDIRECTION((0.,0.,1.));
#11726=IFCAXIS2PLACEMENT3D(#11723,#11725,#11724);
#11727=IFCREPRESENTATIONMAP(#11726,#11722);
#11728=IFCCARTESIANPOINT((0.,0.,0.));
#11729=IFCDIRECTION((1.,0.,0.));
#11730=IFCDIRECTION((0.,1.,0.));
#11731=IFCDIRECTION((0.,0.,1.));
#11732=IFCCARTESIANTRANSFORMATIONOPERATOR3D(#11729,#11730,#11728,1.,#11731);
#11733=IFCMAPPEDITEM(#11727,#11732);
#11734=IFCSHAPEREPRESENTATION(#13,'Box','MappedRepresentation',(#11733));
#11735=IFCRAILING('2Zk04WvJz3DAPTnZWjki1C',$,'Railing',$,'FRAMELESS_PANEL',#11790,#11748,$,.USERDEFINED.);
#11741=IFCCARTESIANPOINT((0.,0.,0.));
#11742=IFCDIRECTION((1.,0.,0.));
#11743=IFCDIRECTION((0.,1.,0.));
#11744=IFCDIRECTION((0.,0.,1.));
#11745=IFCCARTESIANTRANSFORMATIONOPERATOR3D(#11742,#11743,#11741,1.,#11744);
#11746=IFCMAPPEDITEM(#11453,#11745);
#11747=IFCSHAPEREPRESENTATION(#11,'Body','MappedRepresentation',(#11746));
#11748=IFCPRODUCTDEFINITIONSHAPE($,$,(#11747,#11755));
#11749=IFCCARTESIANPOINT((0.,0.,0.));
#11750=IFCDIRECTION((1.,0.,0.));
#11751=IFCDIRECTION((0.,1.,0.));
#11752=IFCDIRECTION((0.,0.,1.));
#11753=IFCCARTESIANTRANSFORMATIONOPERATOR3D(#11750,#11751,#11749,1.,#11752);
#11754=IFCMAPPEDITEM(#11727,#11753);
#11755=IFCSHAPEREPRESENTATION(#13,'Box','MappedRepresentation',(#11754));
#11761=IFCCARTESIANPOINT((2.7705259323120117,0.60564470291137695,0.069999963045120239));
#11762=IFCDIRECTION((0.,0.,1.));
#11763=IFCDIRECTION((1.,0.,0.));
#11764=IFCAXIS2PLACEMENT3D(#11761,#11762,#11763);
#11765=IFCLOCALPLACEMENT(#9349,#11764);
#11766=IFCCARTESIANPOINT((2.7755260467529297,1.3252670764923096,0.070000000298023224));
#11767=IFCDIRECTION((0.,0.,1.));
#11768=IFCDIRECTION((1.,0.,0.));
#11769=IFCAXIS2PLACEMENT3D(#11766,#11767,#11768);
#11770=IFCLOCALPLACEMENT(#9349,#11769);
#11771=IFCCARTESIANPOINT((4.2868881225585938,0.58064472675323486,1.9000000953674316));
#11772=IFCDIRECTION((0.,0.,1.));
#11773=IFCDIRECTION((1.,0.,0.));
#11774=IFCAXIS2PLACEMENT3D(#11771,#11772,#11773);
#11775=IFCLOCALPLACEMENT(#9349,#11774);
#11776=IFCCARTESIANPOINT((4.2885026931762695,2.224921703338623,1.9000000953674316));
#11777=IFCDIRECTION((0.,0.,1.));
#11778=IFCDIRECTION((1.,0.,0.));
#11779=IFCAXIS2PLACEMENT3D(#11776,#11777,#11778);
#11780=IFCLOCALPLACEMENT(#9349,#11779);
#11781=IFCCARTESIANPOINT((2.3365869522094727,2.2257964611053467,1.9000000953674316));
#11782=IFCDIRECTION((0.,0.,1.));
#11783=IFCDIRECTION((1.,0.,0.));
#11784=IFCAXIS2PLACEMENT3D(#11781,#11782,#11783);
#11785=IFCLOCALPLACEMENT(#9349,#11784);
#11786=IFCCARTESIANPOINT((2.3365869522094727,1.4507948160171509,1.9000000953674316));
#11787=IFCDIRECTION((0.,0.,1.));
#11788=IFCDIRECTION((1.,0.,0.));
#11789=IFCAXIS2PLACEMENT3D(#11786,#11787,#11788);
#11790=IFCLOCALPLACEMENT(#9349,#11789);
#11791=IFCCOLUMNTYPE('0cGKER3Tz6MRx_bZlWIFc_',$,'Unnamed',$,$,$,$,$,$,.COLUMN.);
#11792=IFCRECTANGLEPROFILEDEF(.AREA.,'New Profile',$,0.5,0.5);
#11793=IFCMATERIALPROFILESET($,$,(#11795),$);
#11794=IFCRELASSOCIATESMATERIAL('3wQldvDuj97OQr97IUwQKA',$,$,$,(#11791),#11793);
#11795=IFCMATERIALPROFILE($,$,#81,#11792,$,$);
#11796=IFCCOLUMN('3efJIO5L51LvOM60lTpNbc',$,'Column',$,$,#11804,#11808,$,$);
#11797=IFCRELDEFINESBYTYPE('1r8ftGh1D0YgdqUW4$I4ok',$,$,$,(#12081,#12652,#12598,#11863,#11885,#12108,#12000,#12625,#12571,#12417,#12505,#12527,#12549,#12679,#12395,#12733,#12022,#12044,#12135,#11796,#11907,#12706,#11819,#11841,#13005),#11791);
#11798=IFCMATERIALPROFILESETUSAGE(#11793,5,$);
#11799=IFCRELASSOCIATESMATERIAL('3fLhC1oPT2YeLydyDkS5y9',$,$,$,(#11796),#11798);
#11800=IFCCARTESIANPOINT((0.22660507261753082,-2.5901062488555908,0.));
#11801=IFCDIRECTION((0.,0.,1.));
#11802=IFCDIRECTION((1.,0.,0.));
#11803=IFCAXIS2PLACEMENT3D(#11800,#11801,#11802);
#11804=IFCLOCALPLACEMENT(#9349,#11803);
#11805=IFCCARTESIANPOINTLIST3D(((0.,0.,0.),(0.,0.,3.)));
#11806=IFCINDEXEDPOLYCURVE(#11805,$,.F.);
#11807=IFCSHAPEREPRESENTATION(#12,'Axis','Curve3D',(#11806));
#11808=IFCPRODUCTDEFINITIONSHAPE($,$,(#11807,#11815));
#11809=IFCCARTESIANPOINT((0.,0.,0.));
#11810=IFCDIRECTION((0.,0.,1.));
#11811=IFCDIRECTION((1.,0.,0.));
#11812=IFCAXIS2PLACEMENT3D(#11809,#11810,#11811);
#11813=IFCDIRECTION((0.,0.,1.));
#11814=IFCEXTRUDEDAREASOLID(#11792,#11812,#11813,3.);
#11815=IFCSHAPEREPRESENTATION(#11,'Body','SweptSolid',(#11814));
#11816=IFCPROPERTYSET('0Sb$FYVEv7XBRgOaDyZe7E',$,'EPset_Parametric',$,(#11818));
#11817=IFCRELDEFINESBYPROPERTIES('2v2n1QmTb4qBws$8hK6qzC',$,$,$,(#11796),#11816);
#11818=IFCPROPERTYSINGLEVALUE('Engine',$,IFCLABEL('Bonsai.DumbProfile'),$);
#11819=IFCCOLUMN('1j9D05kqf2yf3kB0ScQGLq',$,'Column',$,$,#11826,#11830,$,$);
#11820=IFCMATERIALPROFILESETUSAGE(#11793,5,$);
#11821=IFCRELASSOCIATESMATERIAL('2$KwrQdvT4bRvcJSSrpJyu',$,$,$,(#11819),#11820);
#11822=IFCCARTESIANPOINT((4.2266049385070801,-2.5901062488555908,0.));
#11823=IFCDIRECTION((0.,0.,1.));
#11824=IFCDIRECTION((1.,0.,0.));
#11825=IFCAXIS2PLACEMENT3D(#11822,#11823,#11824);
#11826=IFCLOCALPLACEMENT(#9349,#11825);
#11827=IFCCARTESIANPOINTLIST3D(((0.,0.,0.),(0.,0.,3.)));
#11828=IFCINDEXEDPOLYCURVE(#11827,$,.F.);
#11829=IFCSHAPEREPRESENTATION(#12,'Axis','Curve3D',(#11828));
#11830=IFCPRODUCTDEFINITIONSHAPE($,$,(#11829,#11837));
#11831=IFCCARTESIANPOINT((0.,0.,0.));
#11832=IFCDIRECTION((0.,0.,1.));
#11833=IFCDIRECTION((1.,0.,0.));
#11834=IFCAXIS2PLACEMENT3D(#11831,#11832,#11833);
#11835=IFCDIRECTION((0.,0.,1.));
#11836=IFCEXTRUDEDAREASOLID(#11792,#11834,#11835,3.);
#11837=IFCSHAPEREPRESENTATION(#11,'Body','SweptSolid',(#11836));
#11838=IFCPROPERTYSET('2ra$52SYn0QhjVki4ke$Gx',$,'EPset_Parametric',$,(#11840));
#11839=IFCRELDEFINESBYPROPERTIES('2iixuc2mz1aPwZsn6Ia2dL',$,$,$,(#11819),#11838);
#11840=IFCPROPERTYSINGLEVALUE('Engine',$,IFCLABEL('Bonsai.DumbProfile'),$);
#11841=IFCCOLUMN('1f3W82eor6M8_TWtC_iTvU',$,'Column',$,$,#11848,#11852,$,$);
#11842=IFCMATERIALPROFILESETUSAGE(#11793,5,$);
#11843=IFCRELASSOCIATESMATERIAL('0qqaTjFO93EBk$8IjPWBwP',$,$,$,(#11841),#11842);
#11844=IFCCARTESIANPOINT((4.2266054153442383,6.5098943710327148,0.));
#11845=IFCDIRECTION((0.,0.,1.));
#11846=IFCDIRECTION((1.,0.,0.));
#11847=IFCAXIS2PLACEMENT3D(#11844,#11845,#11846);
#11848=IFCLOCALPLACEMENT(#9349,#11847);
#11849=IFCCARTESIANPOINTLIST3D(((0.,0.,0.),(0.,0.,3.)));
#11850=IFCINDEXEDPOLYCURVE(#11849,$,.F.);
#11851=IFCSHAPEREPRESENTATION(#12,'Axis','Curve3D',(#11850));
#11852=IFCPRODUCTDEFINITIONSHAPE($,$,(#11851,#11859));
#11853=IFCCARTESIANPOINT((0.,0.,0.));
#11854=IFCDIRECTION((0.,0.,1.));
#11855=IFCDIRECTION((1.,0.,0.));
#11856=IFCAXIS2PLACEMENT3D(#11853,#11854,#11855);
#11857=IFCDIRECTION((0.,0.,1.));
#11858=IFCEXTRUDEDAREASOLID(#11792,#11856,#11857,3.);
#11859=IFCSHAPEREPRESENTATION(#11,'Body','SweptSolid',(#11858));
#11860=IFCPROPERTYSET('2OEV_y0_50Q8aX2KqIRFbI',$,'EPset_Parametric',$,(#11862));
#11861=IFCRELDEFINESBYPROPERTIES('09n$IsJLX05eACyEj$LljQ',$,$,$,(#11841),#11860);
#11862=IFCPROPERTYSINGLEVALUE('Engine',$,IFCLABEL('Bonsai.DumbProfile'),$);
#11863=IFCCOLUMN('2T6gPJtX9DuP1aj5bkcgyM',$,'Column',$,$,#11870,#11874,$,$);
#11864=IFCMATERIALPROFILESETUSAGE(#11793,5,$);
#11865=IFCRELASSOCIATESMATERIAL('05C7qcFsHDpgvQqt3I0MjY',$,$,$,(#11863),#11864);
#11866=IFCCARTESIANPOINT((-2.7733941078186035,5.0598950386047363,0.));
#11867=IFCDIRECTION((0.,0.,1.));
#11868=IFCDIRECTION((1.,0.,0.));
#11869=IFCAXIS2PLACEMENT3D(#11866,#11867,#11868);
#11870=IFCLOCALPLACEMENT(#9349,#11869);
#11871=IFCCARTESIANPOINTLIST3D(((0.,0.,0.),(0.,0.,3.)));
#11872=IFCINDEXEDPOLYCURVE(#11871,$,.F.);
#11873=IFCSHAPEREPRESENTATION(#12,'Axis','Curve3D',(#11872));
#11874=IFCPRODUCTDEFINITIONSHAPE($,$,(#11873,#11881));
#11875=IFCCARTESIANPOINT((0.,0.,0.));
#11876=IFCDIRECTION((0.,0.,1.));
#11877=IFCDIRECTION((1.,0.,0.));
#11878=IFCAXIS2PLACEMENT3D(#11875,#11876,#11877);
#11879=IFCDIRECTION((0.,0.,1.));
#11880=IFCEXTRUDEDAREASOLID(#11792,#11878,#11879,3.);
#11881=IFCSHAPEREPRESENTATION(#11,'Body','SweptSolid',(#11880));
#11882=IFCPROPERTYSET('3UCjNAY_LBiulaaMGy9Jzp',$,'EPset_Parametric',$,(#11884));
#11883=IFCRELDEFINESBYPROPERTIES('2oACbgsJ16VumAM0$St0T3',$,$,$,(#11863),#11882);
#11884=IFCPROPERTYSINGLEVALUE('Engine',$,IFCLABEL('Bonsai.DumbProfile'),$);
#11885=IFCCOLUMN('0XPwyO5NbDzh6mUcNB$_n1',$,'Column',$,$,#11892,#11896,$,$);
#11886=IFCMATERIALPROFILESETUSAGE(#11793,5,$);
#11887=IFCRELASSOCIATESMATERIAL('1l1BZ2Gbf8ABHYiq7ocTyG',$,$,$,(#11885),#11886);
#11888=IFCCARTESIANPOINT((-2.7733936309814453,-0.090106010437011719,0.));
#11889=IFCDIRECTION((0.,0.,1.));
#11890=IFCDIRECTION((1.,0.,0.));
#11891=IFCAXIS2PLACEMENT3D(#11888,#11889,#11890);
#11892=IFCLOCALPLACEMENT(#9349,#11891);
#11893=IFCCARTESIANPOINTLIST3D(((0.,0.,0.),(0.,0.,3.)));
#11894=IFCINDEXEDPOLYCURVE(#11893,$,.F.);
#11895=IFCSHAPEREPRESENTATION(#12,'Axis','Curve3D',(#11894));
#11896=IFCPRODUCTDEFINITIONSHAPE($,$,(#11895,#11903));
#11897=IFCCARTESIANPOINT((0.,0.,0.));
#11898=IFCDIRECTION((0.,0.,1.));
#11899=IFCDIRECTION((1.,0.,0.));
#11900=IFCAXIS2PLACEMENT3D(#11897,#11898,#11899);
#11901=IFCDIRECTION((0.,0.,1.));
#11902=IFCEXTRUDEDAREASOLID(#11792,#11900,#11901,3.);
#11903=IFCSHAPEREPRESENTATION(#11,'Body','SweptSolid',(#11902));
#11904=IFCPROPERTYSET('1wCRcMcPzAzQK5FLXBN5vD',$,'EPset_Parametric',$,(#11906));
#11905=IFCRELDEFINESBYPROPERTIES('0gUj9EXBDADhrLSFuGLGmf',$,$,$,(#11885),#11904);
#11906=IFCPROPERTYSINGLEVALUE('Engine',$,IFCLABEL('Bonsai.DumbProfile'),$);
#11907=IFCCOLUMN('3p27lHSaPF3O8XhfhxtpZ7',$,'Column',$,$,#11955,#11918,$,$);
#11908=IFCMATERIALPROFILESETUSAGE(#11793,5,$);
#11909=IFCRELASSOCIATESMATERIAL('0mNKLCz1z1wRTOtgixcM1z',$,$,$,(#11907),#11908);
#11915=IFCCARTESIANPOINTLIST3D(((0.,0.,0.),(0.,0.,3.)));
#11916=IFCINDEXEDPOLYCURVE(#11915,$,.F.);
#11917=IFCSHAPEREPRESENTATION(#12,'Axis','Curve3D',(#11916));
#11918=IFCPRODUCTDEFINITIONSHAPE($,$,(#11917,#11925));
#11919=IFCCARTESIANPOINT((0.,0.,0.));
#11920=IFCDIRECTION((0.,0.,1.));
#11921=IFCDIRECTION((1.,0.,0.));
#11922=IFCAXIS2PLACEMENT3D(#11919,#11920,#11921);
#11923=IFCDIRECTION((0.,0.,1.));
#11924=IFCEXTRUDEDAREASOLID(#11792,#11922,#11923,3.);
#11925=IFCSHAPEREPRESENTATION(#11,'Body','SweptSolid',(#11924));
#11926=IFCPROPERTYSET('0pdkzusEv2FOiHGIGuhVbU',$,'EPset_Parametric',$,(#11928));
#11927=IFCRELDEFINESBYPROPERTIES('1r6VsDefn6LRrmjSPGFo1A',$,$,$,(#11907),#11926);
#11928=IFCPROPERTYSINGLEVALUE('Engine',$,IFCLABEL('Bonsai.DumbProfile'),$);
#11951=IFCCARTESIANPOINT((-2.7733941078186035,2.6098933219909668,0.));
#11952=IFCDIRECTION((0.,0.,1.));
#11953=IFCDIRECTION((1.,0.,0.));
#11954=IFCAXIS2PLACEMENT3D(#11951,#11952,#11953);
#11955=IFCLOCALPLACEMENT(#9349,#11954);
#12000=IFCCOLUMN('22WPuJNXrEfvmDUiIBt9T3',$,'Column',$,$,#12070,#12011,$,$);
#12006=IFCRELDEFINESBYPROPERTIES('2OUy0RKG9BlugpnmlNvXYW',$,$,$,(#12000),#12007);
#12007=IFCPROPERTYSET('0Lm7QNDXX65xgKdzVgZMEX',$,'EPset_Parametric',$,(#12008));
#12008=IFCPROPERTYSINGLEVALUE('Engine',$,IFCLABEL('Bonsai.DumbProfile'),$);
#12009=IFCRELASSOCIATESMATERIAL('33JLIXNbv8r82at0ea7xxM',$,$,$,(#12000),#12010);
#12010=IFCMATERIALPROFILESETUSAGE(#11793,5,$);
#12011=IFCPRODUCTDEFINITIONSHAPE($,$,(#12012,#12015));
#12012=IFCSHAPEREPRESENTATION(#12,'Axis','Curve3D',(#12013));
#12013=IFCINDEXEDPOLYCURVE(#12014,$,.F.);
#12014=IFCCARTESIANPOINTLIST3D(((0.,0.,0.),(0.,0.,3.)));
#12015=IFCSHAPEREPRESENTATION(#11,'Body','SweptSolid',(#12016));
#12016=IFCEXTRUDEDAREASOLID(#11792,#12017,#12021,3.);
#12017=IFCAXIS2PLACEMENT3D(#12018,#12019,#12020);
#12018=IFCCARTESIANPOINT((0.,0.,0.));
#12019=IFCDIRECTION((0.,0.,1.));
#12020=IFCDIRECTION((1.,0.,0.));
#12021=IFCDIRECTION((0.,0.,1.));
#12022=IFCCOLUMN('29v1QeuTn9nh6a8o_kaTDl',$,'Column',$,$,#12075,#12033,$,$);
#12028=IFCRELDEFINESBYPROPERTIES('1m_CgfPRT8GR5DFSSvQSL8',$,$,$,(#12022),#12029);
#12029=IFCPROPERTYSET('2lkfn$Baz4vPNyAGhGHS9p',$,'EPset_Parametric',$,(#12030));
#12030=IFCPROPERTYSINGLEVALUE('Engine',$,IFCLABEL('Bonsai.DumbProfile'),$);
#12031=IFCRELASSOCIATESMATERIAL('37Ahy2b$X4JQkw4jy9D3Jq',$,$,$,(#12022),#12032);
#12032=IFCMATERIALPROFILESETUSAGE(#11793,5,$);
#12033=IFCPRODUCTDEFINITIONSHAPE($,$,(#12034,#12037));
#12034=IFCSHAPEREPRESENTATION(#12,'Axis','Curve3D',(#12035));
#12035=IFCINDEXEDPOLYCURVE(#12036,$,.F.);
#12036=IFCCARTESIANPOINTLIST3D(((0.,0.,0.),(0.,0.,3.)));
#12037=IFCSHAPEREPRESENTATION(#11,'Body','SweptSolid',(#12038));
#12038=IFCEXTRUDEDAREASOLID(#11792,#12039,#12043,3.);
#12039=IFCAXIS2PLACEMENT3D(#12040,#12041,#12042);
#12040=IFCCARTESIANPOINT((0.,0.,0.));
#12041=IFCDIRECTION((0.,0.,1.));
#12042=IFCDIRECTION((1.,0.,0.));
#12043=IFCDIRECTION((0.,0.,1.));
#12044=IFCCOLUMN('2_lU$o$fL9u9uIum_PnF1F',$,'Column',$,$,#12080,#12055,$,$);
#12050=IFCRELDEFINESBYPROPERTIES('3eYoDDh3z8599Ww$bwZ$eA',$,$,$,(#12044),#12051);
#12051=IFCPROPERTYSET('0cNb5TLiX4dP26wKhEww8S',$,'EPset_Parametric',$,(#12052));
#12052=IFCPROPERTYSINGLEVALUE('Engine',$,IFCLABEL('Bonsai.DumbProfile'),$);
#12053=IFCRELASSOCIATESMATERIAL('1aa3tluLr99B07JJ_sPncr',$,$,$,(#12044),#12054);
#12054=IFCMATERIALPROFILESETUSAGE(#11793,5,$);
#12055=IFCPRODUCTDEFINITIONSHAPE($,$,(#12056,#12059));
#12056=IFCSHAPEREPRESENTATION(#12,'Axis','Curve3D',(#12057));
#12057=IFCINDEXEDPOLYCURVE(#12058,$,.F.);
#12058=IFCCARTESIANPOINTLIST3D(((0.,0.,0.),(0.,0.,3.)));
#12059=IFCSHAPEREPRESENTATION(#11,'Body','SweptSolid',(#12060));
#12060=IFCEXTRUDEDAREASOLID(#11792,#12061,#12065,3.);
#12061=IFCAXIS2PLACEMENT3D(#12062,#12063,#12064);
#12062=IFCCARTESIANPOINT((0.,0.,0.));
#12063=IFCDIRECTION((0.,0.,1.));
#12064=IFCDIRECTION((1.,0.,0.));
#12065=IFCDIRECTION((0.,0.,1.));
#12066=IFCCARTESIANPOINT((4.2266054153442383,5.0598950386047363,0.));
#12067=IFCDIRECTION((0.,0.,1.));
#12068=IFCDIRECTION((1.,0.,0.));
#12069=IFCAXIS2PLACEMENT3D(#12066,#12067,#12068);
#12070=IFCLOCALPLACEMENT(#9349,#12069);
#12071=IFCCARTESIANPOINT((4.2266054153442383,2.6098933219909668,0.));
#12072=IFCDIRECTION((0.,0.,1.));
#12073=IFCDIRECTION((1.,0.,0.));
#12074=IFCAXIS2PLACEMENT3D(#12071,#12072,#12073);
#12075=IFCLOCALPLACEMENT(#9349,#12074);
#12076=IFCCARTESIANPOINT((4.2266058921813965,-0.090106010437011719,0.));
#12077=IFCDIRECTION((0.,0.,1.));
#12078=IFCDIRECTION((1.,0.,0.));
#12079=IFCAXIS2PLACEMENT3D(#12076,#12077,#12078);
#12080=IFCLOCALPLACEMENT(#9349,#12079);
#12081=IFCCOLUMN('3X$AbVo5LAwgp6BIWyv9cP',$,'Column',$,$,#12107,#12092,$,$);
#12087=IFCRELASSOCIATESMATERIAL('0VEGCDBH95vOBZXyWVwbRN',$,$,$,(#12081),#12088);
#12088=IFCMATERIALPROFILESETUSAGE(#11793,5,$);
#12089=IFCRELDEFINESBYPROPERTIES('39xGHb99f46Rf1sRtmoGyd',$,$,$,(#12081),#12090);
#12090=IFCPROPERTYSET('1btUC1Orn3ShUbBtp$_Uaa',$,'EPset_Parametric',$,(#12091));
#12091=IFCPROPERTYSINGLEVALUE('Engine',$,IFCLABEL('Bonsai.DumbProfile'),$);
#12092=IFCPRODUCTDEFINITIONSHAPE($,$,(#12093,#12096));
#12093=IFCSHAPEREPRESENTATION(#12,'Axis','Curve3D',(#12094));
#12094=IFCINDEXEDPOLYCURVE(#12095,$,.F.);
#12095=IFCCARTESIANPOINTLIST3D(((0.,0.,0.),(0.,0.,3.)));
#12096=IFCSHAPEREPRESENTATION(#11,'Body','SweptSolid',(#12097));
#12097=IFCEXTRUDEDAREASOLID(#11792,#12098,#12102,3.);
#12098=IFCAXIS2PLACEMENT3D(#12099,#12100,#12101);
#12099=IFCCARTESIANPOINT((0.,0.,0.));
#12100=IFCDIRECTION((0.,0.,1.));
#12101=IFCDIRECTION((1.,0.,0.));
#12102=IFCDIRECTION((0.,0.,1.));
#12103=IFCCARTESIANPOINT((0.22660507261753082,5.0598955154418945,0.));
#12104=IFCDIRECTION((0.,0.,1.));
#12105=IFCDIRECTION((1.,0.,0.));
#12106=IFCAXIS2PLACEMENT3D(#12103,#12104,#12105);
#12107=IFCLOCALPLACEMENT(#9349,#12106);
#12108=IFCCOLUMN('2xFmzZPDP2Pv85yrxUBpOf',$,'Column',$,$,#12134,#12119,$,$);
#12114=IFCRELDEFINESBYPROPERTIES('1inVJBYXXAAQtuxL838KAO',$,$,$,(#12108),#12115);
#12115=IFCPROPERTYSET('1bfPNTefHEfP$HtbeU9q_M',$,'EPset_Parametric',$,(#12116));
#12116=IFCPROPERTYSINGLEVALUE('Engine',$,IFCLABEL('Bonsai.DumbProfile'),$);
#12117=IFCRELASSOCIATESMATERIAL('3hbYVGZOTDeumgO9GsQz8U',$,$,$,(#12108),#12118);
#12118=IFCMATERIALPROFILESETUSAGE(#11793,5,$);
#12119=IFCPRODUCTDEFINITIONSHAPE($,$,(#12120,#12123));
#12120=IFCSHAPEREPRESENTATION(#12,'Axis','Curve3D',(#12121));
#12121=IFCINDEXEDPOLYCURVE(#12122,$,.F.);
#12122=IFCCARTESIANPOINTLIST3D(((0.,0.,0.),(0.,0.,3.)));
#12123=IFCSHAPEREPRESENTATION(#11,'Body','SweptSolid',(#12124));
#12124=IFCEXTRUDEDAREASOLID(#11792,#12125,#12129,3.);
#12125=IFCAXIS2PLACEMENT3D(#12126,#12127,#12128);
#12126=IFCCARTESIANPOINT((0.,0.,0.));
#12127=IFCDIRECTION((0.,0.,1.));
#12128=IFCDIRECTION((1.,0.,0.));
#12129=IFCDIRECTION((0.,0.,1.));
#12130=IFCCARTESIANPOINT((0.22660507261753082,6.5098943710327148,0.));
#12131=IFCDIRECTION((0.,0.,1.));
#12132=IFCDIRECTION((1.,0.,0.));
#12133=IFCAXIS2PLACEMENT3D(#12130,#12131,#12132);
#12134=IFCLOCALPLACEMENT(#9349,#12133);
#12135=IFCCOLUMN('2SfqaW35bEnQMmoZRafEWr',$,'Column',$,$,#12161,#12146,$,$);
#12141=IFCRELASSOCIATESMATERIAL('3MWhKqVRr7uhz$9jMGgF8q',$,$,$,(#12135),#12142);
#12142=IFCMATERIALPROFILESETUSAGE(#11793,5,$);
#12143=IFCRELDEFINESBYPROPERTIES('1E9$PtrO50zhExHI6EtPTP',$,$,$,(#12135),#12144);
#12144=IFCPROPERTYSET('13W4IpBfr0oe7zgmmStGAo',$,'EPset_Parametric',$,(#12145));
#12145=IFCPROPERTYSINGLEVALUE('Engine',$,IFCLABEL('Bonsai.DumbProfile'),$);
#12146=IFCPRODUCTDEFINITIONSHAPE($,$,(#12147,#12150));
#12147=IFCSHAPEREPRESENTATION(#12,'Axis','Curve3D',(#12148));
#12148=IFCINDEXEDPOLYCURVE(#12149,$,.F.);
#12149=IFCCARTESIANPOINTLIST3D(((0.,0.,0.),(0.,0.,3.)));
#12150=IFCSHAPEREPRESENTATION(#11,'Body','SweptSolid',(#12151));
#12151=IFCEXTRUDEDAREASOLID(#11792,#12152,#12156,3.);
#12152=IFCAXIS2PLACEMENT3D(#12153,#12154,#12155);
#12153=IFCCARTESIANPOINT((0.,0.,0.));
#12154=IFCDIRECTION((0.,0.,1.));
#12155=IFCDIRECTION((1.,0.,0.));
#12156=IFCDIRECTION((0.,0.,1.));
#12157=IFCCARTESIANPOINT((0.22660507261753082,-0.090106010437011719,0.));
#12158=IFCDIRECTION((0.,0.,1.));
#12159=IFCDIRECTION((1.,0.,0.));
#12160=IFCAXIS2PLACEMENT3D(#12157,#12158,#12159);
#12161=IFCLOCALPLACEMENT(#9349,#12160);
#12162=IFCBEAMTYPE('0AJkIuGHT7DhjDu7kktLIg',$,'Unnamed',$,$,$,$,$,$,.BEAM.);
#12163=IFCMATERIALPROFILESET($,$,(#12165),$);
#12164=IFCRELASSOCIATESMATERIAL('0s7DJsprT7KPvMGUWy2efB',$,$,$,(#12162),#12163);
#12165=IFCMATERIALPROFILE($,$,#81,#11792,$,$);
#12166=IFCBEAM('3CjUeC5if7mv8lGIrkMw2R',$,'Beam',$,$,#12174,#12178,$,$);
#12167=IFCRELDEFINESBYTYPE('1q70K5Fcj3ZQqe76kZkFql',$,$,$,(#12307,#12351,#12211,#12233,#12755,#12902,#12843,#12189,#12968,#12166,#12329,#12270,#12924,#12946,#12865),#12162);
#12168=IFCMATERIALPROFILESETUSAGE(#12163,7,$);
#12169=IFCRELASSOCIATESMATERIAL('3ECnq_kFX6tvWhExg7K78m',$,$,$,(#12166),#12168);
#12170=IFCCARTESIANPOINT((4.4766054153442383,6.7598943710327148,3.));
#12171=IFCDIRECTION((-4.9670539089182263E-08,-0.99999999999999589,7.5497898658641086E-08));
#12172=IFCDIRECTION((0.99999999999999889,-4.9670539681301254E-08,0.));
#12173=IFCAXIS2PLACEMENT3D(#12170,#12171,#12172);
#12174=IFCLOCALPLACEMENT(#9349,#12173);
#12175=IFCCARTESIANPOINTLIST3D(((0.,0.,0.),(0.,0.,9.6000001907348729)));
#12176=IFCINDEXEDPOLYCURVE(#12175,$,.F.);
#12177=IFCSHAPEREPRESENTATION(#12,'Axis','Curve3D',(#12176));
#12178=IFCPRODUCTDEFINITIONSHAPE($,$,(#12177,#12185));
#12179=IFCCARTESIANPOINT((-0.25,-0.25,0.));
#12180=IFCDIRECTION((0.,0.,1.));
#12181=IFCDIRECTION((1.,0.,0.));
#12182=IFCAXIS2PLACEMENT3D(#12179,#12180,#12181);
#12183=IFCDIRECTION((0.,0.,1.));
#12184=IFCEXTRUDEDAREASOLID(#11792,#12182,#12183,9.6000001907348729);
#12185=IFCSHAPEREPRESENTATION(#11,'Body','SweptSolid',(#12184));
#12186=IFCPROPERTYSET('2pfu7jYqD0$8W1Ch3aNenu',$,'EPset_Parametric',$,(#12188));
#12187=IFCRELDEFINESBYPROPERTIES('08$ZnWFfH5_uxdAFOkmSq4',$,$,$,(#12166),#12186);
#12188=IFCPROPERTYSINGLEVALUE('Engine',$,IFCLABEL('Bonsai.DumbProfile'),$);
#12189=IFCBEAM('3d5iw7t716EPk_vUTeTJP$',$,'Beam',$,$,#12196,#12200,$,$);
#12190=IFCMATERIALPROFILESETUSAGE(#12163,7,$);
#12191=IFCRELASSOCIATESMATERIAL('3nuBZzwtH6zx0TGWUmaMe_',$,$,$,(#12189),#12190);
#12192=IFCCARTESIANPOINT((0.47660505771636963,6.7598943710327148,3.));
#12193=IFCDIRECTION((0.,-0.99999999999999711,7.5497898658641179E-08));
#12194=IFCDIRECTION((1.,0.,0.));
#12195=IFCAXIS2PLACEMENT3D(#12192,#12193,#12194);
#12196=IFCLOCALPLACEMENT(#9349,#12195);
#12197=IFCCARTESIANPOINTLIST3D(((0.,0.,0.),(0.,0.,9.6000001907348622)));
#12198=IFCINDEXEDPOLYCURVE(#12197,$,.F.);
#12199=IFCSHAPEREPRESENTATION(#12,'Axis','Curve3D',(#12198));
#12200=IFCPRODUCTDEFINITIONSHAPE($,$,(#12199,#12207));
#12201=IFCCARTESIANPOINT((-0.25,-0.25,0.));
#12202=IFCDIRECTION((0.,0.,1.));
#12203=IFCDIRECTION((1.,0.,0.));
#12204=IFCAXIS2PLACEMENT3D(#12201,#12202,#12203);
#12205=IFCDIRECTION((0.,0.,1.));
#12206=IFCEXTRUDEDAREASOLID(#11792,#12204,#12205,9.6000001907348622);
#12207=IFCSHAPEREPRESENTATION(#11,'Body','SweptSolid',(#12206));
#12208=IFCPROPERTYSET('2cQrXhFe52YP5m3LKnga1R',$,'EPset_Parametric',$,(#12210));
#12209=IFCRELDEFINESBYPROPERTIES('3tsH9UkCDEL8GSuZEHM2xy',$,$,$,(#12189),#12208);
#12210=IFCPROPERTYSINGLEVALUE('Engine',$,IFCLABEL('Bonsai.DumbProfile'),$);
#12211=IFCBEAM('0Thv2qwgv31uBSlE4ykGln',$,'Beam',$,$,#12218,#12222,$,$);
#12212=IFCMATERIALPROFILESETUSAGE(#12163,7,$);
#12213=IFCRELASSOCIATESMATERIAL('2l2JRntGDD09KwP$WNejUW',$,$,$,(#12211),#12212);
#12214=IFCCARTESIANPOINT((-2.5233941078186035,5.3098950386047363,3.));
#12215=IFCDIRECTION((8.4395940603800929E-08,-0.99999999999999356,7.5497898658640914E-08));
#12216=IFCDIRECTION((0.99999999999999645,8.439594267883846E-08,5.0242957818009008E-15));
#12217=IFCAXIS2PLACEMENT3D(#12214,#12215,#12216);
#12218=IFCLOCALPLACEMENT(#9349,#12217);
#12219=IFCCARTESIANPOINTLIST3D(((0.,0.,0.),(0.,0.,5.6500010667648182)));
#12220=IFCINDEXEDPOLYCURVE(#12219,$,.F.);
#12221=IFCSHAPEREPRESENTATION(#12,'Axis','Curve3D',(#12220));
#12222=IFCPRODUCTDEFINITIONSHAPE($,$,(#12221,#12229));
#12223=IFCCARTESIANPOINT((-0.25,-0.25,0.));
#12224=IFCDIRECTION((0.,0.,1.));
#12225=IFCDIRECTION((1.,0.,0.));
#12226=IFCAXIS2PLACEMENT3D(#12223,#12224,#12225);
#12227=IFCDIRECTION((0.,0.,1.));
#12228=IFCEXTRUDEDAREASOLID(#11792,#12226,#12227,5.6500010667648182);
#12229=IFCSHAPEREPRESENTATION(#11,'Body','SweptSolid',(#12228));
#12230=IFCPROPERTYSET('3fxHq3isn7ZQflGKle6gBb',$,'EPset_Parametric',$,(#12232));
#12231=IFCRELDEFINESBYPROPERTIES('1lptPN15f869RH$MBd8xjf',$,$,$,(#12211),#12230);
#12232=IFCPROPERTYSINGLEVALUE('Engine',$,IFCLABEL('Bonsai.DumbProfile'),$);
#12233=IFCBEAM('2X67q4MJzBG8kOjMSGWFDj',$,'Beam',$,$,#12269,#12244,$,$);
#12234=IFCMATERIALPROFILESETUSAGE(#12163,7,$);
#12235=IFCRELASSOCIATESMATERIAL('0lXXlKNDv00g2xSkuRupoS',$,$,$,(#12233),#12234);
#12244=IFCPRODUCTDEFINITIONSHAPE($,$,(#12257,#12264));
#12252=IFCPROPERTYSET('0y89RnvWf3lPgecW5kKbvw',$,'EPset_Parametric',$,(#12254));
#12253=IFCRELDEFINESBYPROPERTIES('1S4g89jlr7PAR2Y9vQ5quZ',$,$,$,(#12233),#12252);
#12254=IFCPROPERTYSINGLEVALUE('Engine',$,IFCLABEL('Bonsai.DumbProfile'),$);
#12255=IFCCARTESIANPOINTLIST3D(((4.552876475827361E-08,1.4645836188265093E-07,-6.4942156541292206E-08),(-1.7500244098300755E-07,1.0474101941326808E-07,4.5)));
#12256=IFCINDEXEDPOLYCURVE(#12255,$,.F.);
#12257=IFCSHAPEREPRESENTATION(#12,'Axis','Curve3D',(#12256));
#12258=IFCCARTESIANPOINT((-0.25,-0.25,0.));
#12259=IFCDIRECTION((0.,0.,1.));
#12260=IFCDIRECTION((1.,0.,0.));
#12261=IFCAXIS2PLACEMENT3D(#12258,#12259,#12260);
#12262=IFCDIRECTION((0.,0.,1.));
#12263=IFCEXTRUDEDAREASOLID(#11792,#12261,#12262,4.5000000000001075);
#12264=IFCSHAPEREPRESENTATION(#11,'Body','SweptSolid',(#12263));
#12265=IFCCARTESIANPOINT((4.4766054153442383,6.2598943710327148,3.));
#12266=IFCDIRECTION((-0.99999999999998579,1.6292068494294423E-07,-4.3711388286737307E-08));
#12267=IFCDIRECTION((-1.6292068494294407E-07,-0.9999999999999849,-5.9604637669962367E-08));
#12268=IFCAXIS2PLACEMENT3D(#12265,#12266,#12267);
#12269=IFCLOCALPLACEMENT(#9349,#12268);
#12270=IFCBEAM('1rdB8UTL5Enx5VQLFSoCvz',$,'Beam',$,$,#12306,#12281,$,$);
#12271=IFCMATERIALPROFILESETUSAGE(#12163,7,$);
#12272=IFCRELASSOCIATESMATERIAL('27a3z7b1r0VxIGraiz7jXV',$,$,$,(#12270),#12271);
#12281=IFCPRODUCTDEFINITIONSHAPE($,$,(#12294,#12301));
#12289=IFCPROPERTYSET('1EODKDGOr7tx9A9WopJTSV',$,'EPset_Parametric',$,(#12291));
#12290=IFCRELDEFINESBYPROPERTIES('1meS_4GQnEIv4jDaCsbb5f',$,$,$,(#12270),#12289);
#12291=IFCPROPERTYSINGLEVALUE('Engine',$,IFCLABEL('Bonsai.DumbProfile'),$);
#12292=IFCCARTESIANPOINTLIST3D(((4.0315660498890793E-07,3.4197825016235583E-08,-1.8196789142166381E-07),(1.9455015376479423E-07,6.4009952893684385E-08,7.4999995231628418)));
#12293=IFCINDEXEDPOLYCURVE(#12292,$,.F.);
#12294=IFCSHAPEREPRESENTATION(#12,'Axis','Curve3D',(#12293));
#12295=IFCCARTESIANPOINT((-0.25,-0.25,0.));
#12296=IFCDIRECTION((0.,0.,1.));
#12297=IFCDIRECTION((1.,0.,0.));
#12298=IFCAXIS2PLACEMENT3D(#12295,#12296,#12297);
#12299=IFCDIRECTION((0.,0.,1.));
#12300=IFCEXTRUDEDAREASOLID(#11792,#12298,#12299,7.4999994913739121);
#12301=IFCSHAPEREPRESENTATION(#11,'Body','SweptSolid',(#12300));
#12302=IFCCARTESIANPOINT((4.4766054153442383,4.8098950386047363,3.));
#12303=IFCDIRECTION((-0.99999999999997335,1.6292067073208748E-07,-1.629206849429422E-07));
#12304=IFCDIRECTION((-1.6292068494294407E-07,-0.9999999999999849,5.9604637669962367E-08));
#12305=IFCAXIS2PLACEMENT3D(#12302,#12303,#12304);
#12306=IFCLOCALPLACEMENT(#9349,#12305);
#12307=IFCBEAM('0ZCBw1Vkz5kwa0EECztfri',$,'Beam',$,$,#12314,#12318,$,$);
#12308=IFCMATERIALPROFILESETUSAGE(#12163,7,$);
#12309=IFCRELASSOCIATESMATERIAL('1B$wl_fM9F3upEwqwiqWUM',$,$,$,(#12307),#12308);
#12310=IFCCARTESIANPOINT((4.4766054153442383,2.3598933219909668,3.));
#12311=IFCDIRECTION((-0.99999999999996214,-1.9470716428772842E-07,1.9470717849858483E-07));
#12312=IFCDIRECTION((1.9470717849858713E-07,-0.99999999999997391,1.1920928955077814E-07));
#12313=IFCAXIS2PLACEMENT3D(#12310,#12311,#12312);
#12314=IFCLOCALPLACEMENT(#9349,#12313);
#12315=IFCCARTESIANPOINTLIST3D(((0.,0.,0.),(0.,0.,7.4999994913736803)));
#12316=IFCINDEXEDPOLYCURVE(#12315,$,.F.);
#12317=IFCSHAPEREPRESENTATION(#12,'Axis','Curve3D',(#12316));
#12318=IFCPRODUCTDEFINITIONSHAPE($,$,(#12317,#12325));
#12319=IFCCARTESIANPOINT((-0.25,-0.25,0.));
#12320=IFCDIRECTION((0.,0.,1.));
#12321=IFCDIRECTION((1.,0.,0.));
#12322=IFCAXIS2PLACEMENT3D(#12319,#12320,#12321);
#12323=IFCDIRECTION((0.,0.,1.));
#12324=IFCEXTRUDEDAREASOLID(#11792,#12322,#12323,7.4999994913736803);
#12325=IFCSHAPEREPRESENTATION(#11,'Body','SweptSolid',(#12324));
#12326=IFCPROPERTYSET('3UWs8DXoTFwwORjNwQeT57',$,'EPset_Parametric',$,(#12328));
#12327=IFCRELDEFINESBYPROPERTIES('1EBK4z_Kr5mBRmZBlCmfb4',$,$,$,(#12307),#12326);
#12328=IFCPROPERTYSINGLEVALUE('Engine',$,IFCLABEL('Bonsai.DumbProfile'),$);
#12329=IFCBEAM('0$2rjW6W1FMP43ugVjdAAx',$,'Beam',$,$,#12336,#12340,$,$);
#12330=IFCMATERIALPROFILESETUSAGE(#12163,7,$);
#12331=IFCRELASSOCIATESMATERIAL('0YgaayZxHFjvAn4QlH46kK',$,$,$,(#12329),#12330);
#12332=IFCCARTESIANPOINT((4.4766058921813965,-0.34010601043701172,3.));
#12333=IFCDIRECTION((-0.99999999999993172,-1.9470712426055932E-07,3.1391646354932689E-07));
#12334=IFCDIRECTION((1.9470718110398806E-07,-0.99999999999996503,1.7881393077345174E-07));
#12335=IFCAXIS2PLACEMENT3D(#12332,#12333,#12334);
#12336=IFCLOCALPLACEMENT(#9349,#12335);
#12337=IFCCARTESIANPOINTLIST3D(((0.,0.,0.),(0.,0.,7.4999994913737087)));
#12338=IFCINDEXEDPOLYCURVE(#12337,$,.F.);
#12339=IFCSHAPEREPRESENTATION(#12,'Axis','Curve3D',(#12338));
#12340=IFCPRODUCTDEFINITIONSHAPE($,$,(#12339,#12347));
#12341=IFCCARTESIANPOINT((-0.25,-0.25,0.));
#12342=IFCDIRECTION((0.,0.,1.));
#12343=IFCDIRECTION((1.,0.,0.));
#12344=IFCAXIS2PLACEMENT3D(#12341,#12342,#12343);
#12345=IFCDIRECTION((0.,0.,1.));
#12346=IFCEXTRUDEDAREASOLID(#11792,#12344,#12345,7.4999994913737087);
#12347=IFCSHAPEREPRESENTATION(#11,'Body','SweptSolid',(#12346));
#12348=IFCPROPERTYSET('0prTOU$7vCxPzW3tv$fbRS',$,'EPset_Parametric',$,(#12350));
#12349=IFCRELDEFINESBYPROPERTIES('39d7GRsSL44gda85IsxH_r',$,$,$,(#12329),#12348);
#12350=IFCPROPERTYSINGLEVALUE('Engine',$,IFCLABEL('Bonsai.DumbProfile'),$);
#12351=IFCBEAM('3HrQT9thb3bgQyjWmwiWo$',$,'Beam',$,$,#12358,#12362,$,$);
#12352=IFCMATERIALPROFILESETUSAGE(#12163,7,$);
#12353=IFCRELASSOCIATESMATERIAL('3PxSO2dwf5Vfj9MqvjkcoP',$,$,$,(#12351),#12352);
#12354=IFCCARTESIANPOINT((4.4766049385070801,-2.8401050567626953,3.0000007152557373));
#12355=IFCDIRECTION((-0.99999999999969491,-5.5233481006621971E-07,5.5233503743993581E-07));
#12356=IFCDIRECTION((5.5233503743997203E-07,-0.99999999999976041,4.1723250276949148E-07));
#12357=IFCAXIS2PLACEMENT3D(#12354,#12355,#12356);
#12358=IFCLOCALPLACEMENT(#9349,#12357);
#12359=IFCCARTESIANPOINTLIST3D(((0.,0.,0.),(0.,0.,4.5)));
#12360=IFCINDEXEDPOLYCURVE(#12359,$,.F.);
#12361=IFCSHAPEREPRESENTATION(#12,'Axis','Curve3D',(#12360));
#12362=IFCPRODUCTDEFINITIONSHAPE($,$,(#12361,#12369));
#12363=IFCCARTESIANPOINT((-0.25,-0.25,0.));
#12364=IFCDIRECTION((0.,0.,1.));
#12365=IFCDIRECTION((1.,0.,0.));
#12366=IFCAXIS2PLACEMENT3D(#12363,#12364,#12365);
#12367=IFCDIRECTION((0.,0.,1.));
#12368=IFCEXTRUDEDAREASOLID(#11792,#12366,#12367,4.5);
#12369=IFCSHAPEREPRESENTATION(#11,'Body','SweptSolid',(#12368));
#12370=IFCPROPERTYSET('2W7ACjYSnDaBH1x$gR5WpH',$,'EPset_Parametric',$,(#12372));
#12371=IFCRELDEFINESBYPROPERTIES('1yYpztkZbAWRMnLTM5UjQQ',$,$,$,(#12351),#12370);
#12372=IFCPROPERTYSINGLEVALUE('Engine',$,IFCLABEL('Bonsai.DumbProfile'),$);
#12395=IFCCOLUMN('2XJjR3XCTE4fySOW2S4MGT',$,'Column',$,$,#12402,#12406,$,$);
#12396=IFCMATERIALPROFILESETUSAGE(#11793,5,$);
#12397=IFCRELASSOCIATESMATERIAL('1vnMlZhybBKOfVRoCgY4bV',$,$,$,(#12395),#12396);
#12398=IFCCARTESIANPOINT((4.2266082763671875,6.5098943710327148,0.));
#12399=IFCDIRECTION((0.,0.,1.));
#12400=IFCDIRECTION((1.,0.,0.));
#12401=IFCAXIS2PLACEMENT3D(#12398,#12399,#12400);
#12402=IFCLOCALPLACEMENT(#9112,#12401);
#12403=IFCCARTESIANPOINTLIST3D(((0.,0.,0.),(0.,0.,3.)));
#12404=IFCINDEXEDPOLYCURVE(#12403,$,.F.);
#12405=IFCSHAPEREPRESENTATION(#12,'Axis','Curve3D',(#12404));
#12406=IFCPRODUCTDEFINITIONSHAPE($,$,(#12405,#12413));
#12407=IFCCARTESIANPOINT((0.,0.,0.));
#12408=IFCDIRECTION((0.,0.,1.));
#12409=IFCDIRECTION((1.,0.,0.));
#12410=IFCAXIS2PLACEMENT3D(#12407,#12408,#12409);
#12411=IFCDIRECTION((0.,0.,1.));
#12412=IFCEXTRUDEDAREASOLID(#11792,#12410,#12411,3.);
#12413=IFCSHAPEREPRESENTATION(#11,'Body','SweptSolid',(#12412));
#12414=IFCPROPERTYSET('0rM4GJ3xP8tBycy9bLztJv',$,'EPset_Parametric',$,(#12416));
#12415=IFCRELDEFINESBYPROPERTIES('2O04ERnTTCwBo3p9BZH0r3',$,$,$,(#12395),#12414);
#12416=IFCPROPERTYSINGLEVALUE('Engine',$,IFCLABEL('Bonsai.DumbProfile'),$);
#12417=IFCCOLUMN('3vaHVhHYL0YQhqnbbcFAZA',$,'Column',$,$,#12424,#12428,$,$);
#12418=IFCMATERIALPROFILESETUSAGE(#11793,5,$);
#12419=IFCRELASSOCIATESMATERIAL('1TPZLotvz3Dvp$Mi6EtLul',$,$,$,(#12417),#12418);
#12420=IFCCARTESIANPOINT((0.23660540580749512,6.5098958015441895,0.));
#12421=IFCDIRECTION((0.,0.,1.));
#12422=IFCDIRECTION((1.,0.,0.));
#12423=IFCAXIS2PLACEMENT3D(#12420,#12421,#12422);
#12424=IFCLOCALPLACEMENT(#9112,#12423);
#12425=IFCCARTESIANPOINTLIST3D(((0.,0.,0.),(0.,0.,3.)));
#12426=IFCINDEXEDPOLYCURVE(#12425,$,.F.);
#12427=IFCSHAPEREPRESENTATION(#12,'Axis','Curve3D',(#12426));
#12428=IFCPRODUCTDEFINITIONSHAPE($,$,(#12427,#12435));
#12429=IFCCARTESIANPOINT((0.,0.,0.));
#12430=IFCDIRECTION((0.,0.,1.));
#12431=IFCDIRECTION((1.,0.,0.));
#12432=IFCAXIS2PLACEMENT3D(#12429,#12430,#12431);
#12433=IFCDIRECTION((0.,0.,1.));
#12434=IFCEXTRUDEDAREASOLID(#11792,#12432,#12433,3.);
#12435=IFCSHAPEREPRESENTATION(#11,'Body','SweptSolid',(#12434));
#12436=IFCPROPERTYSET('3Uo00HU5TB8fqylQQxK70l',$,'EPset_Parametric',$,(#12438));
#12437=IFCRELDEFINESBYPROPERTIES('2vv$suflTCSxGFEAxiWAwm',$,$,$,(#12417),#12436);
#12438=IFCPROPERTYSINGLEVALUE('Engine',$,IFCLABEL('Bonsai.DumbProfile'),$);
#12505=IFCCOLUMN('3ig39oHrr5bv7UuTcrR67m',$,'Column',$,$,#13031,#12516,$,$);
#12506=IFCMATERIALPROFILESETUSAGE(#11793,5,$);
#12507=IFCRELASSOCIATESMATERIAL('0YI$$BxdXBMg01avtLB$6b',$,$,$,(#12505),#12506);
#12513=IFCCARTESIANPOINTLIST3D(((0.,0.,0.),(0.,0.,3.)));
#12514=IFCINDEXEDPOLYCURVE(#12513,$,.F.);
#12515=IFCSHAPEREPRESENTATION(#12,'Axis','Curve3D',(#12514));
#12516=IFCPRODUCTDEFINITIONSHAPE($,$,(#12515,#12523));
#12517=IFCCARTESIANPOINT((0.,0.,0.));
#12518=IFCDIRECTION((0.,0.,1.));
#12519=IFCDIRECTION((1.,0.,0.));
#12520=IFCAXIS2PLACEMENT3D(#12517,#12518,#12519);
#12521=IFCDIRECTION((0.,0.,1.));
#12522=IFCEXTRUDEDAREASOLID(#11792,#12520,#12521,3.);
#12523=IFCSHAPEREPRESENTATION(#11,'Body','SweptSolid',(#12522));
#12524=IFCPROPERTYSET('0QgX_oIbXAERo$GfM8Fb8Q',$,'EPset_Parametric',$,(#12526));
#12525=IFCRELDEFINESBYPROPERTIES('1k8QI_$iL3QwLIoPupx4AD',$,$,$,(#12505),#12524);
#12526=IFCPROPERTYSINGLEVALUE('Engine',$,IFCLABEL('Bonsai.DumbProfile'),$);
#12527=IFCCOLUMN('2e3tM12uX15wKruOKAsdao',$,'Column',$,$,#12597,#12538,$,$);
#12528=IFCMATERIALPROFILESETUSAGE(#11793,5,$);
#12529=IFCRELASSOCIATESMATERIAL('0QiuaKYv1EgxZFazRU9EUK',$,$,$,(#12527),#12528);
#12535=IFCCARTESIANPOINTLIST3D(((0.,0.,0.),(0.,0.,3.)));
#12536=IFCINDEXEDPOLYCURVE(#12535,$,.F.);
#12537=IFCSHAPEREPRESENTATION(#12,'Axis','Curve3D',(#12536));
#12538=IFCPRODUCTDEFINITIONSHAPE($,$,(#12537,#12545));
#12539=IFCCARTESIANPOINT((0.,0.,0.));
#12540=IFCDIRECTION((0.,0.,1.));
#12541=IFCDIRECTION((1.,0.,0.));
#12542=IFCAXIS2PLACEMENT3D(#12539,#12540,#12541);
#12543=IFCDIRECTION((0.,0.,1.));
#12544=IFCEXTRUDEDAREASOLID(#11792,#12542,#12543,3.);
#12545=IFCSHAPEREPRESENTATION(#11,'Body','SweptSolid',(#12544));
#12546=IFCPROPERTYSET('0e35fy77TBQOclb1T1JPGT',$,'EPset_Parametric',$,(#12548));
#12547=IFCRELDEFINESBYPROPERTIES('1k2zfVuS94XxnfEa6L1EnR',$,$,$,(#12527),#12546);
#12548=IFCPROPERTYSINGLEVALUE('Engine',$,IFCLABEL('Bonsai.DumbProfile'),$);
#12549=IFCCOLUMN('2b0fOqXVrDiwjWLOWLETs7',$,'Column',$,$,#12624,#12560,$,$);
#12550=IFCMATERIALPROFILESETUSAGE(#11793,5,$);
#12551=IFCRELASSOCIATESMATERIAL('1zzPGPz15BI9C2uryp2ii$',$,$,$,(#12549),#12550);
#12557=IFCCARTESIANPOINTLIST3D(((0.,0.,0.),(0.,0.,3.)));
#12558=IFCINDEXEDPOLYCURVE(#12557,$,.F.);
#12559=IFCSHAPEREPRESENTATION(#12,'Axis','Curve3D',(#12558));
#12560=IFCPRODUCTDEFINITIONSHAPE($,$,(#12559,#12567));
#12561=IFCCARTESIANPOINT((0.,0.,0.));
#12562=IFCDIRECTION((0.,0.,1.));
#12563=IFCDIRECTION((1.,0.,0.));
#12564=IFCAXIS2PLACEMENT3D(#12561,#12562,#12563);
#12565=IFCDIRECTION((0.,0.,1.));
#12566=IFCEXTRUDEDAREASOLID(#11792,#12564,#12565,3.);
#12567=IFCSHAPEREPRESENTATION(#11,'Body','SweptSolid',(#12566));
#12568=IFCPROPERTYSET('3xn5A6aj95$9dHcKeOQ2ug',$,'EPset_Parametric',$,(#12570));
#12569=IFCRELDEFINESBYPROPERTIES('2RmKxF$B17Qesz0vVN3W9N',$,$,$,(#12549),#12568);
#12570=IFCPROPERTYSINGLEVALUE('Engine',$,IFCLABEL('Bonsai.DumbProfile'),$);
#12571=IFCCOLUMN('2I3UJQkgvC_uwKkWXl9ujF',$,'Column',$,$,#12651,#12582,$,$);
#12572=IFCMATERIALPROFILESETUSAGE(#11793,5,$);
#12573=IFCRELASSOCIATESMATERIAL('0iNcybDrL8XeJAUeZjdw5A',$,$,$,(#12571),#12572);
#12579=IFCCARTESIANPOINTLIST3D(((0.,0.,0.),(0.,0.,3.)));
#12580=IFCINDEXEDPOLYCURVE(#12579,$,.F.);
#12581=IFCSHAPEREPRESENTATION(#12,'Axis','Curve3D',(#12580));
#12582=IFCPRODUCTDEFINITIONSHAPE($,$,(#12581,#12589));
#12583=IFCCARTESIANPOINT((0.,0.,0.));
#12584=IFCDIRECTION((0.,0.,1.));
#12585=IFCDIRECTION((1.,0.,0.));
#12586=IFCAXIS2PLACEMENT3D(#12583,#12584,#12585);
#12587=IFCDIRECTION((0.,0.,1.));
#12588=IFCEXTRUDEDAREASOLID(#11792,#12586,#12587,3.);
#12589=IFCSHAPEREPRESENTATION(#11,'Body','SweptSolid',(#12588));
#12590=IFCPROPERTYSET('0LY1CR$XH2FOpg9nazWCxN',$,'EPset_Parametric',$,(#12592));
#12591=IFCRELDEFINESBYPROPERTIES('05KxrlhTL4ffHlMqaJ$zwG',$,$,$,(#12571),#12590);
#12592=IFCPROPERTYSINGLEVALUE('Engine',$,IFCLABEL('Bonsai.DumbProfile'),$);
#12593=IFCCARTESIANPOINT((4.2266058921813965,-0.090106025338172913,0.));
#12594=IFCDIRECTION((0.,0.,1.));
#12595=IFCDIRECTION((1.,0.,0.));
#12596=IFCAXIS2PLACEMENT3D(#12593,#12594,#12595);
#12597=IFCLOCALPLACEMENT(#9112,#12596);
#12598=IFCCOLUMN('2ETtHXqWr0N94$sEqtzxSB',$,'Column',$,$,#12678,#12609,$,$);
#12604=IFCRELASSOCIATESMATERIAL('3f_vgRnivF2PsKEkCre7O2',$,$,$,(#12598),#12605);
#12605=IFCMATERIALPROFILESETUSAGE(#11793,5,$);
#12606=IFCRELDEFINESBYPROPERTIES('1vSMkyvK94UfbmFSZffNBH',$,$,$,(#12598),#12607);
#12607=IFCPROPERTYSET('1aT8fyCOT318K80HDbQZNm',$,'EPset_Parametric',$,(#12608));
#12608=IFCPROPERTYSINGLEVALUE('Engine',$,IFCLABEL('Bonsai.DumbProfile'),$);
#12609=IFCPRODUCTDEFINITIONSHAPE($,$,(#12610,#12613));
#12610=IFCSHAPEREPRESENTATION(#12,'Axis','Curve3D',(#12611));
#12611=IFCINDEXEDPOLYCURVE(#12612,$,.F.);
#12612=IFCCARTESIANPOINTLIST3D(((0.,0.,0.),(0.,0.,3.)));
#12613=IFCSHAPEREPRESENTATION(#11,'Body','SweptSolid',(#12614));
#12614=IFCEXTRUDEDAREASOLID(#11792,#12615,#12619,3.);
#12615=IFCAXIS2PLACEMENT3D(#12616,#12617,#12618);
#12616=IFCCARTESIANPOINT((0.,0.,0.));
#12617=IFCDIRECTION((0.,0.,1.));
#12618=IFCDIRECTION((1.,0.,0.));
#12619=IFCDIRECTION((0.,0.,1.));
#12620=IFCCARTESIANPOINT((4.2266054153442383,2.6098933219909668,0.));
#12621=IFCDIRECTION((0.,0.,1.));
#12622=IFCDIRECTION((1.,0.,0.));
#12623=IFCAXIS2PLACEMENT3D(#12620,#12621,#12622);
#12624=IFCLOCALPLACEMENT(#9112,#12623);
#12625=IFCCOLUMN('0x$DVX_P91wOFLY13Nj7RP',$,'Column',$,$,#12732,#12636,$,$);
#12631=IFCRELASSOCIATESMATERIAL('38qzYlXHD44wATKEcZfrap',$,$,$,(#12625),#12632);
#12632=IFCMATERIALPROFILESETUSAGE(#11793,5,$);
#12633=IFCRELDEFINESBYPROPERTIES('38kyRfYKH2Uh_lr53uTUfl',$,$,$,(#12625),#12634);
#12634=IFCPROPERTYSET('2UIVPUWQf0yxoJKuJGtc$A',$,'EPset_Parametric',$,(#12635));
#12635=IFCPROPERTYSINGLEVALUE('Engine',$,IFCLABEL('Bonsai.DumbProfile'),$);
#12636=IFCPRODUCTDEFINITIONSHAPE($,$,(#12637,#12640));
#12637=IFCSHAPEREPRESENTATION(#12,'Axis','Curve3D',(#12638));
#12638=IFCINDEXEDPOLYCURVE(#12639,$,.F.);
#12639=IFCCARTESIANPOINTLIST3D(((0.,0.,0.),(0.,0.,3.)));
#12640=IFCSHAPEREPRESENTATION(#11,'Body','SweptSolid',(#12641));
#12641=IFCEXTRUDEDAREASOLID(#11792,#12642,#12646,3.);
#12642=IFCAXIS2PLACEMENT3D(#12643,#12644,#12645);
#12643=IFCCARTESIANPOINT((0.,0.,0.));
#12644=IFCDIRECTION((0.,0.,1.));
#12645=IFCDIRECTION((1.,0.,0.));
#12646=IFCDIRECTION((0.,0.,1.));
#12647=IFCCARTESIANPOINT((4.2266054153442383,5.0598950386047363,0.));
#12648=IFCDIRECTION((0.,0.,1.));
#12649=IFCDIRECTION((1.,0.,0.));
#12650=IFCAXIS2PLACEMENT3D(#12647,#12648,#12649);
#12651=IFCLOCALPLACEMENT(#9112,#12650);
#12652=IFCCOLUMN('1UJZTac4r6R88ARzjRL7YF',$,'Column',$,$,#12705,#12663,$,$);
#12658=IFCRELDEFINESBYPROPERTIES('17SmKait50$wQ1qamcocSJ',$,$,$,(#12652),#12659);
#12659=IFCPROPERTYSET('1GijzB4gL0V9GT3mMBnnPG',$,'EPset_Parametric',$,(#12660));
#12660=IFCPROPERTYSINGLEVALUE('Engine',$,IFCLABEL('Bonsai.DumbProfile'),$);
#12661=IFCRELASSOCIATESMATERIAL('3Uv1oUAfHFTOb1Nl2b625h',$,$,$,(#12652),#12662);
#12662=IFCMATERIALPROFILESETUSAGE(#11793,5,$);
#12663=IFCPRODUCTDEFINITIONSHAPE($,$,(#12664,#12667));
#12664=IFCSHAPEREPRESENTATION(#12,'Axis','Curve3D',(#12665));
#12665=IFCINDEXEDPOLYCURVE(#12666,$,.F.);
#12666=IFCCARTESIANPOINTLIST3D(((0.,0.,0.),(0.,0.,3.)));
#12667=IFCSHAPEREPRESENTATION(#11,'Body','SweptSolid',(#12668));
#12668=IFCEXTRUDEDAREASOLID(#11792,#12669,#12673,3.);
#12669=IFCAXIS2PLACEMENT3D(#12670,#12671,#12672);
#12670=IFCCARTESIANPOINT((0.,0.,0.));
#12671=IFCDIRECTION((0.,0.,1.));
#12672=IFCDIRECTION((1.,0.,0.));
#12673=IFCDIRECTION((0.,0.,1.));
#12674=IFCCARTESIANPOINT((0.22660493850708008,-0.090106025338172913,0.));
#12675=IFCDIRECTION((0.,0.,1.));
#12676=IFCDIRECTION((1.,0.,0.));
#12677=IFCAXIS2PLACEMENT3D(#12674,#12675,#12676);
#12678=IFCLOCALPLACEMENT(#9112,#12677);
#12679=IFCCOLUMN('3VstW1VV97jPfhuVpWoMvC',$,'Column',$,$,#13036,#12690,$,$);
#12685=IFCRELDEFINESBYPROPERTIES('1aa4Wo5_rDguu2sU1RxMC0',$,$,$,(#12679),#12686);
#12686=IFCPROPERTYSET('24Fojg3dbAyBTnb7aDyMvo',$,'EPset_Parametric',$,(#12687));
#12687=IFCPROPERTYSINGLEVALUE('Engine',$,IFCLABEL('Bonsai.DumbProfile'),$);
#12688=IFCRELASSOCIATESMATERIAL('0Rnzpuir1CUeK41$I3901Y',$,$,$,(#12679),#12689);
#12689=IFCMATERIALPROFILESETUSAGE(#11793,5,$);
#12690=IFCPRODUCTDEFINITIONSHAPE($,$,(#12691,#12694));
#12691=IFCSHAPEREPRESENTATION(#12,'Axis','Curve3D',(#12692));
#12692=IFCINDEXEDPOLYCURVE(#12693,$,.F.);
#12693=IFCCARTESIANPOINTLIST3D(((0.,0.,0.),(0.,0.,3.)));
#12694=IFCSHAPEREPRESENTATION(#11,'Body','SweptSolid',(#12695));
#12695=IFCEXTRUDEDAREASOLID(#11792,#12696,#12700,3.);
#12696=IFCAXIS2PLACEMENT3D(#12697,#12698,#12699);
#12697=IFCCARTESIANPOINT((0.,0.,0.));
#12698=IFCDIRECTION((0.,0.,1.));
#12699=IFCDIRECTION((1.,0.,0.));
#12700=IFCDIRECTION((0.,0.,1.));
#12701=IFCCARTESIANPOINT((0.22660446166992188,5.0598950386047363,0.));
#12702=IFCDIRECTION((0.,0.,1.));
#12703=IFCDIRECTION((1.,0.,0.));
#12704=IFCAXIS2PLACEMENT3D(#12701,#12702,#12703);
#12705=IFCLOCALPLACEMENT(#9112,#12704);
#12706=IFCCOLUMN('26qIjiytz8ZPmAaUMSPADk',$,'Column',$,$,#13041,#12717,$,$);
#12712=IFCRELASSOCIATESMATERIAL('1sNYv202X36htgJHJkgQxm',$,$,$,(#12706),#12713);
#12713=IFCMATERIALPROFILESETUSAGE(#11793,5,$);
#12714=IFCRELDEFINESBYPROPERTIES('0BxQRrHtr3hvYyLEIgcRgu',$,$,$,(#12706),#12715);
#12715=IFCPROPERTYSET('0uEYM92gn3$8cWBl5Kpd0M',$,'EPset_Parametric',$,(#12716));
#12716=IFCPROPERTYSINGLEVALUE('Engine',$,IFCLABEL('Bonsai.DumbProfile'),$);
#12717=IFCPRODUCTDEFINITIONSHAPE($,$,(#12718,#12721));
#12718=IFCSHAPEREPRESENTATION(#12,'Axis','Curve3D',(#12719));
#12719=IFCINDEXEDPOLYCURVE(#12720,$,.F.);
#12720=IFCCARTESIANPOINTLIST3D(((0.,0.,0.),(0.,0.,3.)));
#12721=IFCSHAPEREPRESENTATION(#11,'Body','SweptSolid',(#12722));
#12722=IFCEXTRUDEDAREASOLID(#11792,#12723,#12727,3.);
#12723=IFCAXIS2PLACEMENT3D(#12724,#12725,#12726);
#12724=IFCCARTESIANPOINT((0.,0.,0.));
#12725=IFCDIRECTION((0.,0.,1.));
#12726=IFCDIRECTION((1.,0.,0.));
#12727=IFCDIRECTION((0.,0.,1.));
#12728=IFCCARTESIANPOINT((0.22660446166992188,2.6098933219909668,0.));
#12729=IFCDIRECTION((0.,0.,1.));
#12730=IFCDIRECTION((1.,0.,0.));
#12731=IFCAXIS2PLACEMENT3D(#12728,#12729,#12730);
#12732=IFCLOCALPLACEMENT(#9112,#12731);
#12733=IFCCOLUMN('3OHZ0dHMDBrhi729lh7bYq',$,'Column',$,$,#13046,#12744,$,$);
#12739=IFCRELDEFINESBYPROPERTIES('1MmZ2IoHjBTfkUporbvMg1',$,$,$,(#12733),#12740);
#12740=IFCPROPERTYSET('0qsRWqJ_v2ohtFH9b6Fv6M',$,'EPset_Parametric',$,(#12741));
#12741=IFCPROPERTYSINGLEVALUE('Engine',$,IFCLABEL('Bonsai.DumbProfile'),$);
#12742=IFCRELASSOCIATESMATERIAL('1p2pEYC$b3ghfA3jV_eR47',$,$,$,(#12733),#12743);
#12743=IFCMATERIALPROFILESETUSAGE(#11793,5,$);
#12744=IFCPRODUCTDEFINITIONSHAPE($,$,(#12745,#12748));
#12745=IFCSHAPEREPRESENTATION(#12,'Axis','Curve3D',(#12746));
#12746=IFCINDEXEDPOLYCURVE(#12747,$,.F.);
#12747=IFCCARTESIANPOINTLIST3D(((0.,0.,0.),(0.,0.,3.)));
#12748=IFCSHAPEREPRESENTATION(#11,'Body','SweptSolid',(#12749));
#12749=IFCEXTRUDEDAREASOLID(#11792,#12750,#12754,3.);
#12750=IFCAXIS2PLACEMENT3D(#12751,#12752,#12753);
#12751=IFCCARTESIANPOINT((0.,0.,0.));
#12752=IFCDIRECTION((0.,0.,1.));
#12753=IFCDIRECTION((1.,0.,0.));
#12754=IFCDIRECTION((0.,0.,1.));
#12755=IFCBEAM('3zdAfAOyr7a8TG1lAT5_Dn',$,'Beam',$,$,#12762,#12766,$,$);
#12756=IFCMATERIALPROFILESETUSAGE(#12163,7,$);
#12757=IFCRELASSOCIATESMATERIAL('0XNlARLYnB6vZHFq_YY0fe',$,$,$,(#12755),#12756);
#12758=IFCCARTESIANPOINT((4.4766082763671875,6.2598943710327148,3.));
#12759=IFCDIRECTION((-0.99999999999995937,2.821299744937163E-07,-4.3711388286736155E-08));
#12760=IFCDIRECTION((-2.8212997449371206E-07,-0.99999999999994427,1.7881393432616192E-07));
#12761=IFCAXIS2PLACEMENT3D(#12758,#12759,#12760);
#12762=IFCLOCALPLACEMENT(#9112,#12761);
#12763=IFCCARTESIANPOINTLIST3D(((0.,0.,0.),(0.,0.,4.4900026531256403)));
#12764=IFCINDEXEDPOLYCURVE(#12763,$,.F.);
#12765=IFCSHAPEREPRESENTATION(#12,'Axis','Curve3D',(#12764));
#12766=IFCPRODUCTDEFINITIONSHAPE($,$,(#12765,#12773));
#12767=IFCCARTESIANPOINT((-0.25,-0.25,0.));
#12768=IFCDIRECTION((0.,0.,1.));
#12769=IFCDIRECTION((1.,0.,0.));
#12770=IFCAXIS2PLACEMENT3D(#12767,#12768,#12769);
#12771=IFCDIRECTION((0.,0.,1.));
#12772=IFCEXTRUDEDAREASOLID(#11792,#12770,#12771,4.4900026531256403);
#12773=IFCSHAPEREPRESENTATION(#11,'Body','SweptSolid',(#12772));
#12774=IFCPROPERTYSET('3hxBDJ37X6kuBcOwsdDXUW',$,'EPset_Parametric',$,(#12776));
#12775=IFCRELDEFINESBYPROPERTIES('0kD5M92dXDcwV86_V2ScBP',$,$,$,(#12755),#12774);
#12776=IFCPROPERTYSINGLEVALUE('Engine',$,IFCLABEL('Bonsai.DumbProfile'),$);
#12843=IFCBEAM('3XZCtx5F12If4xvzF3OFdN',$,'Beam',$,$,#12850,#12854,$,$);
#12844=IFCMATERIALPROFILESETUSAGE(#12163,7,$);
#12845=IFCRELASSOCIATESMATERIAL('2sH9hvoP194PoM$05KXFJP',$,$,$,(#12843),#12844);
#12846=IFCCARTESIANPOINT((4.4766082763671875,6.7598943710327148,3.));
#12847=IFCDIRECTION((-3.4769377066365977E-07,-0.99999999999993672,7.5497901264038543E-08));
#12848=IFCDIRECTION((0.9999999999999396,-3.4769377066366077E-07,0.));
#12849=IFCAXIS2PLACEMENT3D(#12846,#12847,#12848);
#12850=IFCLOCALPLACEMENT(#9112,#12849);
#12851=IFCCARTESIANPOINTLIST3D(((0.,0.,0.),(0.,0.,9.5999993960068402)));
#12852=IFCINDEXEDPOLYCURVE(#12851,$,.F.);
#12853=IFCSHAPEREPRESENTATION(#12,'Axis','Curve3D',(#12852));
#12854=IFCPRODUCTDEFINITIONSHAPE($,$,(#12853,#12861));
#12855=IFCCARTESIANPOINT((-0.25,-0.25,0.));
#12856=IFCDIRECTION((0.,0.,1.));
#12857=IFCDIRECTION((1.,0.,0.));
#12858=IFCAXIS2PLACEMENT3D(#12855,#12856,#12857);
#12859=IFCDIRECTION((0.,0.,1.));
#12860=IFCEXTRUDEDAREASOLID(#11792,#12858,#12859,9.5999993960068402);
#12861=IFCSHAPEREPRESENTATION(#11,'Body','SweptSolid',(#12860));
#12862=IFCPROPERTYSET('1jHA_d8Sv4oON9FvhhNplM',$,'EPset_Parametric',$,(#12864));
#12863=IFCRELDEFINESBYPROPERTIES('2VlqWtj3T3AOL70F0p0RpB',$,$,$,(#12843),#12862);
#12864=IFCPROPERTYSINGLEVALUE('Engine',$,IFCLABEL('Bonsai.DumbProfile'),$);
#12865=IFCBEAM('2Fjr4gVe9BDvrHnXDJOKiV',$,'Beam',$,$,#12901,#12876,$,$);
#12866=IFCMATERIALPROFILESETUSAGE(#12163,7,$);
#12867=IFCRELASSOCIATESMATERIAL('1xnAhMEFjABv7CMqQEOy4d',$,$,$,(#12865),#12866);
#12876=IFCPRODUCTDEFINITIONSHAPE($,$,(#12889,#12896));
#12884=IFCPROPERTYSET('1tbo8WWR9C99kqzDRiRBMe',$,'EPset_Parametric',$,(#12886));
#12885=IFCRELDEFINESBYPROPERTIES('1nZMt7Opv61OEjlrLgnH6i',$,$,$,(#12865),#12884);
#12886=IFCPROPERTYSINGLEVALUE('Engine',$,IFCLABEL('Bonsai.DumbProfile'),$);
#12887=IFCCARTESIANPOINTLIST3D(((2.7545693503938651E-10,-5.5416819577658316E-08,1.6164335647772532E-08),(2.7545687952823528E-10,1.4764731304239831E-07,7.1000099182128906)));
#12888=IFCINDEXEDPOLYCURVE(#12887,$,.F.);
#12889=IFCSHAPEREPRESENTATION(#12,'Axis','Curve3D',(#12888));
#12890=IFCCARTESIANPOINT((-0.25,-0.25,0.));
#12891=IFCDIRECTION((0.,0.,1.));
#12892=IFCDIRECTION((1.,0.,0.));
#12893=IFCAXIS2PLACEMENT3D(#12890,#12891,#12892);
#12894=IFCDIRECTION((0.,0.,1.));
#12895=IFCEXTRUDEDAREASOLID(#11792,#12893,#12894,7.1000097183114192);
#12896=IFCSHAPEREPRESENTATION(#11,'Body','SweptSolid',(#12895));
#12897=IFCCARTESIANPOINT((-0.023394681513309479,-0.34010693430900574,3.));
#12898=IFCDIRECTION((0.0014084891018461426,0.99999900807871978,-1.6292068842255807E-07));
#12899=IFCDIRECTION((-0.99999900807873299,0.0014084891018461612,4.5909475119482459E-11));
#12900=IFCAXIS2PLACEMENT3D(#12897,#12898,#12899);
#12901=IFCLOCALPLACEMENT(#9112,#12900);
#12902=IFCBEAM('1RGEykP_L4qQZd80nnlSdv',$,'Beam',$,$,#12909,#12913,$,$);
#12903=IFCMATERIALPROFILESETUSAGE(#12163,7,$);
#12904=IFCRELASSOCIATESMATERIAL('3r8XuQEPP1NwqvwBHAgEYW',$,$,$,(#12902),#12903);
#12905=IFCCARTESIANPOINT((4.4766054153442383,4.8098950386047363,3.));
#12906=IFCDIRECTION((-0.99999999999997824,-7.5497905764067531E-08,1.9470718110399062E-07));
#12907=IFCDIRECTION((7.5497898658641047E-08,-0.99999999999999534,-5.96046625389598E-08));
#12908=IFCAXIS2PLACEMENT3D(#12905,#12906,#12907);
#12909=IFCLOCALPLACEMENT(#9112,#12908);
#12910=IFCCARTESIANPOINTLIST3D(((0.,0.,0.),(0.,0.,7.4999989827478419)));
#12911=IFCINDEXEDPOLYCURVE(#12910,$,.F.);
#12912=IFCSHAPEREPRESENTATION(#12,'Axis','Curve3D',(#12911));
#12913=IFCPRODUCTDEFINITIONSHAPE($,$,(#12912,#12920));
#12914=IFCCARTESIANPOINT((-0.25,-0.25,0.));
#12915=IFCDIRECTION((0.,0.,1.));
#12916=IFCDIRECTION((1.,0.,0.));
#12917=IFCAXIS2PLACEMENT3D(#12914,#12915,#12916);
#12918=IFCDIRECTION((0.,0.,1.));
#12919=IFCEXTRUDEDAREASOLID(#11792,#12917,#12918,7.4999989827478419);
#12920=IFCSHAPEREPRESENTATION(#11,'Body','SweptSolid',(#12919));
#12921=IFCPROPERTYSET('2QqaUsCo92HANA0bGKjliE',$,'EPset_Parametric',$,(#12923));
#12922=IFCRELDEFINESBYPROPERTIES('2o2v3pnkzEFxHZaaGNG4Bp',$,$,$,(#12902),#12921);
#12923=IFCPROPERTYSINGLEVALUE('Engine',$,IFCLABEL('Bonsai.DumbProfile'),$);
#12924=IFCBEAM('2AsX7D3kj9dxDQFStjhnz$',$,'Beam',$,$,#12931,#12935,$,$);
#12925=IFCMATERIALPROFILESETUSAGE(#12163,7,$);
#12926=IFCRELASSOCIATESMATERIAL('22fV298kj929J46bxWIwhR',$,$,$,(#12924),#12925);
#12927=IFCCARTESIANPOINT((4.4766058921813965,-0.34010601043701172,3.));
#12928=IFCDIRECTION((-0.99999999999997824,-7.5497905764067531E-08,1.9470718110399062E-07));
#12929=IFCDIRECTION((7.5497898658641047E-08,-0.99999999999999534,-5.96046625389598E-08));
#12930=IFCAXIS2PLACEMENT3D(#12927,#12928,#12929);
#12931=IFCLOCALPLACEMENT(#9112,#12930);
#12932=IFCCARTESIANPOINTLIST3D(((0.,0.,0.),(0.,0.,7.4999989827478535)));
#12933=IFCINDEXEDPOLYCURVE(#12932,$,.F.);
#12934=IFCSHAPEREPRESENTATION(#12,'Axis','Curve3D',(#12933));
#12935=IFCPRODUCTDEFINITIONSHAPE($,$,(#12934,#12942));
#12936=IFCCARTESIANPOINT((-0.25,-0.25,0.));
#12937=IFCDIRECTION((0.,0.,1.));
#12938=IFCDIRECTION((1.,0.,0.));
#12939=IFCAXIS2PLACEMENT3D(#12936,#12937,#12938);
#12940=IFCDIRECTION((0.,0.,1.));
#12941=IFCEXTRUDEDAREASOLID(#11792,#12939,#12940,7.4999989827478535);
#12942=IFCSHAPEREPRESENTATION(#11,'Body','SweptSolid',(#12941));
#12943=IFCPROPERTYSET('2WVBuM_Mf1HPKAQ2JiIw2Z',$,'EPset_Parametric',$,(#12945));
#12944=IFCRELDEFINESBYPROPERTIES('0PXRRi$vj4RARBJYneRGoq',$,$,$,(#12924),#12943);
#12945=IFCPROPERTYSINGLEVALUE('Engine',$,IFCLABEL('Bonsai.DumbProfile'),$);
#12946=IFCBEAM('2xABZnMP91JhV906m2dTAP',$,'Beam',$,$,#12953,#12957,$,$);
#12947=IFCMATERIALPROFILESETUSAGE(#12163,7,$);
#12948=IFCRELASSOCIATESMATERIAL('2Aud6DSljANveD1GJBXwfZ',$,$,$,(#12946),#12947);
#12949=IFCCARTESIANPOINT((4.4766054153442383,2.3598933219909668,3.));
#12950=IFCDIRECTION((-0.99999999999997824,-7.5497905764067531E-08,1.9470718110399062E-07));
#12951=IFCDIRECTION((7.5497898658641047E-08,-0.99999999999999534,-5.96046625389598E-08));
#12952=IFCAXIS2PLACEMENT3D(#12949,#12950,#12951);
#12953=IFCLOCALPLACEMENT(#9112,#12952);
#12954=IFCCARTESIANPOINTLIST3D(((0.,0.,0.),(0.,0.,7.4999989827478419)));
#12955=IFCINDEXEDPOLYCURVE(#12954,$,.F.);
#12956=IFCSHAPEREPRESENTATION(#12,'Axis','Curve3D',(#12955));
#12957=IFCPRODUCTDEFINITIONSHAPE($,$,(#12956,#12964));
#12958=IFCCARTESIANPOINT((-0.25,-0.25,0.));
#12959=IFCDIRECTION((0.,0.,1.));
#12960=IFCDIRECTION((1.,0.,0.));
#12961=IFCAXIS2PLACEMENT3D(#12958,#12959,#12960);
#12962=IFCDIRECTION((0.,0.,1.));
#12963=IFCEXTRUDEDAREASOLID(#11792,#12961,#12962,7.4999989827478419);
#12964=IFCSHAPEREPRESENTATION(#11,'Body','SweptSolid',(#12963));
#12965=IFCPROPERTYSET('0Cs04sCHz0tQ5oeNFFMF3_',$,'EPset_Parametric',$,(#12967));
#12966=IFCRELDEFINESBYPROPERTIES('2HEQWh4kvC9P1U2qKssdaJ',$,$,$,(#12946),#12965);
#12967=IFCPROPERTYSINGLEVALUE('Engine',$,IFCLABEL('Bonsai.DumbProfile'),$);
#12968=IFCBEAM('183CLyqAz1fvUvRF$pN7ly',$,'Beam',$,$,#13004,#12979,$,$);
#12969=IFCMATERIALPROFILESETUSAGE(#12163,7,$);
#12970=IFCRELASSOCIATESMATERIAL('1GsPYIgFj7VvwO79agJEa$',$,$,$,(#12968),#12969);
#12979=IFCPRODUCTDEFINITIONSHAPE($,$,(#12992,#12999));
#12987=IFCPROPERTYSET('2PSPaadEz6kw0fDUZfFgN4',$,'EPset_Parametric',$,(#12989));
#12988=IFCRELDEFINESBYPROPERTIES('3p4pcvDl1BH9g9116TYvye',$,$,$,(#12968),#12987);
#12989=IFCPROPERTYSINGLEVALUE('Engine',$,IFCLABEL('Bonsai.DumbProfile'),$);
#12990=IFCCARTESIANPOINTLIST3D(((5.1354771102296581E-08,-9.5954177936619089E-08,1.5436626199516468E-08),(1.5190278190857498E-07,6.7568706185738847E-08,5.6500000953674316)));
#12991=IFCINDEXEDPOLYCURVE(#12990,$,.F.);
#12992=IFCSHAPEREPRESENTATION(#12,'Axis','Curve3D',(#12991));
#12993=IFCCARTESIANPOINT((-0.25,-0.25,0.));
#12994=IFCDIRECTION((0.,0.,1.));
#12995=IFCDIRECTION((1.,0.,0.));
#12996=IFCAXIS2PLACEMENT3D(#12993,#12994,#12995);
#12997=IFCDIRECTION((0.,0.,1.));
#12998=IFCEXTRUDEDAREASOLID(#11792,#12996,#12997,5.6500000540136739);
#12999=IFCSHAPEREPRESENTATION(#11,'Body','SweptSolid',(#12998));
#13000=IFCCARTESIANPOINT((-3.0233926773071289,-0.3401065468788147,3.000002384185791));
#13001=IFCDIRECTION((-1.5099580252807894E-07,0.99999999999994893,-2.8212997449371339E-07));
#13002=IFCDIRECTION((-0.99999999999998868,-1.5099580252808492E-07,1.8407596342919948E-14));
#13003=IFCAXIS2PLACEMENT3D(#13000,#13001,#13002);
#13004=IFCLOCALPLACEMENT(#9112,#13003);
#13005=IFCCOLUMN('1GjOmTtsjAnhFLUAbmx8fY',$,'Column',$,$,#13051,#13016,$,$);
#13011=IFCRELDEFINESBYPROPERTIES('1ElkL9Yh9FhhuTJ4PE17Jv',$,$,$,(#13005),#13012);
#13012=IFCPROPERTYSET('1WOEzKeQ5BQxqv9QQ8qNVj',$,'EPset_Parametric',$,(#13013));
#13013=IFCPROPERTYSINGLEVALUE('Engine',$,IFCLABEL('Bonsai.DumbProfile'),$);
#13014=IFCRELASSOCIATESMATERIAL('3FgJZ55Iz6sQHgJ8EHyWWl',$,$,$,(#13005),#13015);
#13015=IFCMATERIALPROFILESETUSAGE(#11793,5,$);
#13016=IFCPRODUCTDEFINITIONSHAPE($,$,(#13017,#13020));
#13017=IFCSHAPEREPRESENTATION(#12,'Axis','Curve3D',(#13018));
#13018=IFCINDEXEDPOLYCURVE(#13019,$,.F.);
#13019=IFCCARTESIANPOINTLIST3D(((0.,0.,0.),(0.,0.,3.)));
#13020=IFCSHAPEREPRESENTATION(#11,'Body','SweptSolid',(#13021));
#13021=IFCEXTRUDEDAREASOLID(#11792,#13022,#13026,3.);
#13022=IFCAXIS2PLACEMENT3D(#13023,#13024,#13025);
#13023=IFCCARTESIANPOINT((0.,0.,0.));
#13024=IFCDIRECTION((0.,0.,1.));
#13025=IFCDIRECTION((1.,0.,0.));
#13026=IFCDIRECTION((0.,0.,1.));
#13027=IFCCARTESIANPOINT((4.2266049385070801,-2.5901050567626953,4.76837158203125E-07));
#13028=IFCDIRECTION((0.,0.,1.));
#13029=IFCDIRECTION((1.,0.,0.));
#13030=IFCAXIS2PLACEMENT3D(#13027,#13028,#13029);
#13031=IFCLOCALPLACEMENT(#9112,#13030);
#13032=IFCCARTESIANPOINT((-2.7733931541442871,-0.09010748565196991,2.384185791015625E-06));
#13033=IFCDIRECTION((0.,0.,1.));
#13034=IFCDIRECTION((1.,0.,0.));
#13035=IFCAXIS2PLACEMENT3D(#13032,#13033,#13034);
#13036=IFCLOCALPLACEMENT(#9112,#13035);
#13037=IFCCARTESIANPOINT((-2.7733936309814453,5.0598936080932617,2.384185791015625E-06));
#13038=IFCDIRECTION((0.,0.,1.));
#13039=IFCDIRECTION((1.,0.,0.));
#13040=IFCAXIS2PLACEMENT3D(#13037,#13038,#13039);
#13041=IFCLOCALPLACEMENT(#9112,#13040);
#13042=IFCCARTESIANPOINT((-2.7733936309814453,2.6098918914794922,2.384185791015625E-06));
#13043=IFCDIRECTION((0.,0.,1.));
#13044=IFCDIRECTION((1.,0.,0.));
#13045=IFCAXIS2PLACEMENT3D(#13042,#13043,#13044);
#13046=IFCLOCALPLACEMENT(#9112,#13045);
#13047=IFCCARTESIANPOINT((-2.7733936309814453,-2.5901074409484863,0.));
#13048=IFCDIRECTION((0.,0.,1.));
#13049=IFCDIRECTION((1.,0.,0.));
#13050=IFCAXIS2PLACEMENT3D(#13047,#13048,#13049);
#13051=IFCLOCALPLACEMENT(#9349,#13050);
ENDSEC;
END-ISO-10303-21;
